ticket_id;fecha_creacion;fecha_cierre;canal;prioridad;categoria;subcategoria;estado;equipo_asignado;agente;cliente_empresa;ciudad;tipo_cliente;sla_horas;tiempo_resolucion_horas;cumple_sla;dias_abierto;satisfaccion_cliente
TCK-00001;2025-11-24;;Correo;Media;Software;Actualización fallida;En progreso;Mesa de ayuda;María Paredes;Retail Norte;Cusco;Externo;24;;No aplica;37;
TCK-00002;2025-01-17;2025-01-17;Correo;Alta;Hardware;Cambio de periférico;Resuelto;Infraestructura;Elena Chávez;Corporación Sierra;Huancayo;Externo;8;20.0;No;0;2.0
TCK-00003;2025-01-04;2025-01-04;Teléfono;Alta;Redes;Sin conexión;Resuelto;Infraestructura;Jorge Salazar;Retail Norte;Lima;Externo;8;5.0;Sí;0;5.0
TCK-00004;2025-06-26;2025-06-29;Web;Baja;Correo;No recibe correos;Cerrado;Seguridad;Ricardo Flores;Logística Central;Cusco;Externo;48;81.0;No;3;1.0
TCK-00005;2025-12-27;2025-12-28;Correo;Media;Hardware;Equipo lento;Cerrado;Mesa de ayuda;Luis Ramos;Logística Central;Trujillo;Externo;24;24.0;Sí;1;5.0
TCK-00006;2025-07-01;2025-07-01;Correo;Alta;ERP;Error en módulo;Cerrado;Soporte ERP;Fernando Díaz;Servicios Lima;Huancayo;Externo;8;14.0;No;0;2.0
TCK-00007;2025-11-24;2025-11-24;Teléfono;Alta;CRM;Error de registro;Resuelto;Infraestructura;Carlos Medina;Inversiones Sur;Trujillo;Externo;8;4.0;Sí;0;4.0
TCK-00008;2025-10-18;2025-10-21;Chat;Media;Accesos;Cuenta bloqueada;Resuelto;Seguridad;Ricardo Flores;Logística Central;Huancayo;Interno;24;72.0;No;3;2.0
TCK-00009;2025-10-27;2025-10-28;Web;Media;Software;Actualización fallida;Resuelto;Seguridad;Ricardo Flores;Comercial Andina;Lima;Interno;24;24.0;Sí;1;5.0
TCK-00010;2025-11-02;2025-11-02;Correo;Media;Correo;Error de envío;Cancelado;Soporte ERP;Fernando Díaz;Retail Norte;Cusco;Externo;24;;No aplica;0;
TCK-00011;2025-06-24;2025-06-25;Correo;Media;ERP;Problema de permisos;Resuelto;Aplicaciones;Lucía Herrera;Grupo Pacífico;Cusco;Interno;24;42.0;No;1;3.0
TCK-00012;2025-09-17;2025-09-17;Web;Alta;Correo;Configuración de Outlook;Cerrado;Mesa de ayuda;María Paredes;Inversiones Sur;Trujillo;Interno;8;5.0;Sí;0;5.0
TCK-00013;2025-06-07;2025-06-07;Correo;Alta;Hardware;Equipo lento;Resuelto;Seguridad;Ricardo Flores;Grupo Pacífico;Huancayo;Externo;8;19.0;No;0;1.0
TCK-00014;2025-05-16;2025-05-16;Web;Media;Correo;Configuración de Outlook;Cancelado;Infraestructura;Elena Chávez;Logística Central;Trujillo;Externo;24;;No aplica;0;
TCK-00015;2025-09-22;;Web;Alta;Hardware;Cambio de periférico;Abierto;Soporte ERP;Fernando Díaz;Servicios Lima;Lima;Interno;8;;No aplica;100;
TCK-00016;2025-12-29;2025-12-29;Web;Alta;CRM;Problema de sincronización;Cerrado;Mesa de ayuda;María Paredes;Servicios Lima;Arequipa;Externo;8;8.0;Sí;0;4.0
TCK-00017;2025-10-20;2025-10-20;Web;Alta;Accesos;Restablecimiento de contraseña;Resuelto;Mesa de ayuda;Ana Torres;Corporación Sierra;Arequipa;Externo;8;15.0;No;0;2.0
TCK-00018;2025-01-28;;Teléfono;Baja;Accesos;Cuenta bloqueada;Abierto;Aplicaciones;Patricia León;Servicios Lima;Huancayo;Interno;48;;No aplica;337;
TCK-00019;2025-10-02;2025-10-02;Web;Media;Software;Error de aplicación;Resuelto;Seguridad;Ricardo Flores;Comercial Andina;Cusco;Interno;24;15.0;Sí;0;4.0
TCK-00020;2025-03-27;2025-03-28;Web;Media;Hardware;Equipo lento;Cerrado;Seguridad;Ricardo Flores;Corporación Sierra;Arequipa;Externo;24;40.0;No;1;2.0
TCK-00021;2025-12-23;2025-12-26;Chat;Baja;ERP;Consulta de proceso;Resuelto;Infraestructura;Carlos Medina;Logística Central;Huancayo;Interno;48;82.0;No;3;3.0
TCK-00022;2025-10-05;;Correo;Media;Accesos;Cuenta bloqueada;Abierto;Soporte ERP;Fernando Díaz;Comercial Andina;Cusco;Interno;24;;No aplica;87;
TCK-00023;2025-04-06;2025-04-06;Correo;Crítica;Accesos;Restablecimiento de contraseña;Cerrado;Soporte ERP;Fernando Díaz;Comercial Andina;Cusco;Interno;4;7.0;No;0;3.0
TCK-00024;2025-10-26;;Web;Media;ERP;Problema de permisos;En progreso;Aplicaciones;Patricia León;Logística Central;Trujillo;Interno;24;;No aplica;66;
TCK-00025;2025-12-10;2025-12-12;Web;Media;Hardware;Equipo lento;Cerrado;Seguridad;Ricardo Flores;Retail Norte;Cusco;Interno;24;68.0;No;2;2.0
TCK-00026;2025-03-09;2025-03-12;Chat;Baja;Redes;VPN;Cerrado;Infraestructura;Jorge Salazar;Logística Central;Cusco;Interno;48;93.0;No;3;3.0
TCK-00027;2025-06-03;2025-06-03;Chat;Alta;Redes;Sin conexión;Cerrado;Mesa de ayuda;María Paredes;Grupo Pacífico;Arequipa;Externo;8;21.0;No;0;1.0
TCK-00028;2025-06-25;;Correo;Media;Accesos;Permisos de usuario;En progreso;Mesa de ayuda;Ana Torres;Corporación Sierra;Arequipa;Interno;24;;No aplica;189;
TCK-00029;2025-01-02;2025-01-02;Correo;Alta;Software;Actualización fallida;Cancelado;Seguridad;Valeria Rojas;Comercial Andina;Lima;Interno;8;;No aplica;0;
TCK-00030;2025-03-18;2025-03-20;Web;Baja;Software;Instalación de programa;Resuelto;Infraestructura;Carlos Medina;Logística Central;Arequipa;Interno;48;53.0;No;2;1.0
TCK-00031;2025-12-16;2025-12-16;Correo;Alta;CRM;Problema de sincronización;Cerrado;Soporte ERP;Fernando Díaz;Servicios Lima;Huancayo;Interno;8;15.0;No;0;1.0
TCK-00032;2025-04-02;2025-04-02;Teléfono;Media;CRM;Consulta de cliente;Cerrado;Infraestructura;Jorge Salazar;Grupo Pacífico;Lima;Externo;24;8.0;Sí;0;5.0
TCK-00033;2025-04-24;2025-04-25;Correo;Baja;CRM;Error de registro;Resuelto;Infraestructura;Carlos Medina;Servicios Lima;Trujillo;Externo;48;43.0;Sí;1;4.0
TCK-00034;2025-05-23;2025-05-24;Web;Media;CRM;Consulta de cliente;Resuelto;Aplicaciones;Patricia León;Retail Norte;Arequipa;Interno;24;37.0;No;1;1.0
TCK-00035;2025-02-25;2025-02-26;Web;Media;Accesos;Cuenta bloqueada;Cerrado;Soporte ERP;Fernando Díaz;Corporación Sierra;Cusco;Interno;24;36.0;No;1;1.0
TCK-00036;2025-12-29;2025-12-30;Web;Media;ERP;Problema de permisos;Cerrado;Infraestructura;Jorge Salazar;Corporación Sierra;Lima;Externo;24;44.0;No;1;3.0
TCK-00037;2025-03-05;2025-03-07;Teléfono;Media;Accesos;Permisos de usuario;Resuelto;Seguridad;Valeria Rojas;Grupo Pacífico;Huancayo;Externo;24;52.0;No;2;3.0
TCK-00038;2025-03-31;2025-04-02;Web;Media;Hardware;Falla de impresora;Resuelto;Aplicaciones;Patricia León;Corporación Sierra;Cusco;Externo;24;63.0;No;2;2.0
TCK-00039;2025-08-15;2025-08-15;Teléfono;Media;CRM;Consulta de cliente;Cerrado;Infraestructura;Elena Chávez;Retail Norte;Arequipa;Externo;24;15.0;Sí;0;4.0
TCK-00040;2025-12-11;;Correo;Baja;Hardware;Equipo lento;En progreso;Seguridad;Ricardo Flores;Distribuidora Horizonte;Trujillo;Interno;48;;No aplica;20;
TCK-00041;2025-12-23;;Web;Media;ERP;Error en módulo;En progreso;Mesa de ayuda;Luis Ramos;Servicios Lima;Huancayo;Externo;24;;No aplica;8;
TCK-00042;2025-01-26;;Web;Baja;Software;Instalación de programa;En progreso;Soporte ERP;Camila Núñez;Distribuidora Horizonte;Cusco;Externo;48;;No aplica;339;
TCK-00043;2025-10-08;2025-10-08;Web;Alta;Accesos;Permisos de usuario;Cerrado;Infraestructura;Elena Chávez;Logística Central;Cusco;Externo;8;22.0;No;0;1.0
TCK-00044;2025-05-21;;Web;Media;Redes;VPN;En progreso;Soporte ERP;Fernando Díaz;Grupo Pacífico;Huancayo;Interno;24;;No aplica;224;
TCK-00045;2025-07-16;;Teléfono;Media;Accesos;Permisos de usuario;Abierto;Soporte ERP;Camila Núñez;Corporación Sierra;Lima;Interno;24;;No aplica;168;
TCK-00046;2025-08-04;2025-08-08;Web;Baja;Hardware;Cambio de periférico;Cerrado;Seguridad;Valeria Rojas;Comercial Andina;Arequipa;Externo;48;104.0;No;4;2.0
TCK-00047;2025-08-03;2025-08-05;Web;Media;Software;Instalación de programa;Cerrado;Infraestructura;Jorge Salazar;Corporación Sierra;Trujillo;Interno;24;53.0;No;2;2.0
TCK-00048;2025-12-09;;Teléfono;Media;Accesos;Restablecimiento de contraseña;En progreso;Soporte ERP;Fernando Díaz;Corporación Sierra;Cusco;Interno;24;;No aplica;22;
TCK-00049;2025-02-12;2025-02-12;Web;Alta;Hardware;Falla de impresora;Resuelto;Seguridad;Valeria Rojas;Servicios Lima;Trujillo;Externo;8;12.0;No;0;2.0
TCK-00050;2025-05-23;;Teléfono;Baja;Hardware;Falla de impresora;En progreso;Mesa de ayuda;María Paredes;Comercial Andina;Arequipa;Interno;48;;No aplica;222;
TCK-00051;2025-11-29;;Correo;Baja;Hardware;Equipo lento;Abierto;Infraestructura;Carlos Medina;Grupo Pacífico;Huancayo;Interno;48;;No aplica;32;
TCK-00052;2025-08-31;;Teléfono;Media;ERP;Consulta de proceso;En progreso;Aplicaciones;Patricia León;Retail Norte;Huancayo;Externo;24;;No aplica;122;
TCK-00053;2025-02-25;2025-03-01;Web;Baja;Accesos;Permisos de usuario;Resuelto;Infraestructura;Carlos Medina;Servicios Lima;Lima;Externo;48;116.0;No;4;3.0
TCK-00054;2025-11-04;2025-11-04;Teléfono;Baja;Hardware;Falla de impresora;Resuelto;Soporte ERP;Camila Núñez;Inversiones Sur;Lima;Externo;48;9.0;Sí;0;5.0
TCK-00055;2025-09-08;2025-09-11;Correo;Baja;CRM;Problema de sincronización;Resuelto;Infraestructura;Jorge Salazar;Grupo Pacífico;Cusco;Externo;48;86.0;No;3;3.0
TCK-00056;2025-09-05;2025-09-08;Web;Baja;Redes;Sin conexión;Resuelto;Mesa de ayuda;Luis Ramos;Distribuidora Horizonte;Huancayo;Externo;48;80.0;No;3;3.0
TCK-00057;2025-12-09;2025-12-09;Web;Crítica;Software;Instalación de programa;Cerrado;Infraestructura;Jorge Salazar;Logística Central;Arequipa;Externo;4;10.0;No;0;3.0
TCK-00058;2025-05-22;;Web;Media;Software;Actualización fallida;En progreso;Seguridad;Valeria Rojas;Servicios Lima;Trujillo;Externo;24;;No aplica;223;
TCK-00059;2025-08-18;;Teléfono;Alta;ERP;Error en módulo;En progreso;Aplicaciones;Lucía Herrera;Inversiones Sur;Trujillo;Externo;8;;No aplica;135;
TCK-00060;2025-08-06;2025-08-07;Chat;Media;Accesos;Permisos de usuario;Resuelto;Aplicaciones;Diego Vargas;Servicios Lima;Lima;Interno;24;44.0;No;1;1.0
TCK-00061;2025-10-02;;Chat;Media;ERP;Consulta de proceso;En progreso;Aplicaciones;Lucía Herrera;Logística Central;Lima;Interno;24;;No aplica;90;
TCK-00062;2025-06-01;;Correo;Alta;Correo;No recibe correos;Abierto;Aplicaciones;Patricia León;Comercial Andina;Cusco;Externo;8;;No aplica;213;
TCK-00063;2025-12-24;2025-12-25;Chat;Media;Hardware;Equipo lento;Cerrado;Soporte ERP;Camila Núñez;Distribuidora Horizonte;Trujillo;Externo;24;47.0;No;1;1.0
TCK-00064;2025-01-27;;Correo;Baja;Hardware;Falla de impresora;Abierto;Seguridad;Ricardo Flores;Comercial Andina;Huancayo;Interno;48;;No aplica;338;
TCK-00065;2025-10-16;;Chat;Alta;Correo;Error de envío;En progreso;Soporte ERP;Fernando Díaz;Corporación Sierra;Trujillo;Externo;8;;No aplica;76;
TCK-00066;2025-06-02;2025-06-05;Chat;Baja;Correo;No recibe correos;Resuelto;Soporte ERP;Fernando Díaz;Servicios Lima;Huancayo;Externo;48;92.0;No;3;1.0
TCK-00067;2025-03-22;;Correo;Media;Accesos;Permisos de usuario;En progreso;Soporte ERP;Camila Núñez;Logística Central;Lima;Interno;24;;No aplica;284;
TCK-00068;2025-05-28;2025-05-29;Teléfono;Media;ERP;Error en módulo;Resuelto;Aplicaciones;Lucía Herrera;Servicios Lima;Trujillo;Interno;24;32.0;No;1;3.0
TCK-00069;2025-03-18;;Chat;Baja;Software;Instalación de programa;Abierto;Soporte ERP;Camila Núñez;Distribuidora Horizonte;Lima;Externo;48;;No aplica;288;
TCK-00070;2025-12-19;2025-12-20;Correo;Media;Correo;Error de envío;Resuelto;Seguridad;Ricardo Flores;Comercial Andina;Trujillo;Externo;24;36.0;No;1;1.0
TCK-00071;2025-02-16;2025-02-18;Correo;Media;Correo;No recibe correos;Cerrado;Aplicaciones;Lucía Herrera;Comercial Andina;Huancayo;Externo;24;70.0;No;2;3.0
TCK-00072;2025-08-15;2025-08-15;Chat;Alta;ERP;Consulta de proceso;Resuelto;Mesa de ayuda;Luis Ramos;Inversiones Sur;Trujillo;Externo;8;12.0;No;0;3.0
TCK-00073;2025-02-23;2025-02-24;Chat;Media;Redes;Lentitud de red;Resuelto;Seguridad;Ricardo Flores;Distribuidora Horizonte;Lima;Externo;24;36.0;No;1;2.0
TCK-00074;2025-03-01;2025-03-03;Chat;Media;Hardware;Cambio de periférico;Resuelto;Soporte ERP;Camila Núñez;Corporación Sierra;Lima;Interno;24;70.0;No;2;2.0
TCK-00075;2025-11-15;2025-11-15;Teléfono;Media;Software;Instalación de programa;Cerrado;Soporte ERP;Fernando Díaz;Logística Central;Trujillo;Externo;24;19.0;Sí;0;4.0
TCK-00076;2025-11-19;;Web;Alta;Correo;No recibe correos;En progreso;Soporte ERP;Camila Núñez;Retail Norte;Huancayo;Interno;8;;No aplica;42;
TCK-00077;2025-08-25;;Chat;Media;ERP;Consulta de proceso;En progreso;Soporte ERP;Camila Núñez;Corporación Sierra;Trujillo;Externo;24;;No aplica;128;
TCK-00078;2025-05-05;;Web;Alta;Correo;Configuración de Outlook;En progreso;Infraestructura;Carlos Medina;Logística Central;Trujillo;Externo;8;;No aplica;240;
TCK-00079;2025-09-17;2025-09-17;Correo;Crítica;CRM;Consulta de cliente;Cerrado;Soporte ERP;Camila Núñez;Grupo Pacífico;Trujillo;Externo;4;6.0;No;0;2.0
TCK-00080;2025-10-10;2025-10-10;Teléfono;Media;CRM;Error de registro;Cerrado;Infraestructura;Elena Chávez;Corporación Sierra;Huancayo;Externo;24;9.0;Sí;0;5.0
TCK-00081;2025-08-31;2025-09-04;Teléfono;Baja;ERP;Problema de permisos;Resuelto;Infraestructura;Jorge Salazar;Comercial Andina;Huancayo;Externo;48;119.0;No;4;1.0
TCK-00082;2025-08-14;;Correo;Baja;Software;Instalación de programa;Abierto;Infraestructura;Carlos Medina;Distribuidora Horizonte;Arequipa;Externo;48;;No aplica;139;
TCK-00083;2025-11-16;2025-11-16;Teléfono;Media;CRM;Consulta de cliente;Cerrado;Soporte ERP;Camila Núñez;Inversiones Sur;Trujillo;Interno;24;12.0;Sí;0;4.0
TCK-00084;2025-11-20;;Teléfono;Alta;Hardware;Falla de impresora;En progreso;Mesa de ayuda;María Paredes;Retail Norte;Trujillo;Interno;8;;No aplica;41;
TCK-00085;2025-12-22;2025-12-22;Correo;Crítica;Hardware;Falla de impresora;Resuelto;Aplicaciones;Diego Vargas;Corporación Sierra;Huancayo;Interno;4;9.0;No;0;2.0
TCK-00086;2025-10-17;;Teléfono;Alta;Correo;Error de envío;En progreso;Soporte ERP;Fernando Díaz;Distribuidora Horizonte;Cusco;Interno;8;;No aplica;75;
TCK-00087;2025-04-29;;Web;Alta;Hardware;Falla de impresora;En progreso;Aplicaciones;Lucía Herrera;Grupo Pacífico;Lima;Externo;8;;No aplica;246;
TCK-00088;2025-06-26;2025-06-26;Chat;Alta;ERP;Consulta de proceso;Cancelado;Seguridad;Valeria Rojas;Servicios Lima;Trujillo;Externo;8;;No aplica;0;
TCK-00089;2025-05-02;2025-05-02;Web;Media;ERP;Consulta de proceso;Resuelto;Mesa de ayuda;María Paredes;Corporación Sierra;Arequipa;Interno;24;10.0;Sí;0;5.0
TCK-00090;2025-05-27;2025-05-27;Teléfono;Alta;Software;Actualización fallida;Cerrado;Infraestructura;Elena Chávez;Logística Central;Huancayo;Interno;8;22.0;No;0;3.0
TCK-00091;2025-01-21;2025-01-22;Correo;Media;ERP;Error en módulo;Resuelto;Mesa de ayuda;Luis Ramos;Inversiones Sur;Trujillo;Interno;24;29.0;No;1;1.0
TCK-00092;2025-10-04;2025-10-06;Chat;Media;Redes;Sin conexión;Resuelto;Aplicaciones;Diego Vargas;Logística Central;Arequipa;Interno;24;63.0;No;2;1.0
TCK-00093;2025-03-14;2025-03-14;Teléfono;Alta;ERP;Consulta de proceso;Resuelto;Soporte ERP;Camila Núñez;Retail Norte;Trujillo;Interno;8;10.0;No;0;3.0
TCK-00094;2025-03-05;2025-03-06;Web;Media;Correo;Error de envío;Resuelto;Aplicaciones;Patricia León;Servicios Lima;Trujillo;Interno;24;45.0;No;1;3.0
TCK-00095;2025-04-24;2025-04-25;Web;Media;ERP;Consulta de proceso;Resuelto;Seguridad;Ricardo Flores;Grupo Pacífico;Lima;Interno;24;42.0;No;1;2.0
TCK-00096;2025-03-01;;Correo;Baja;Accesos;Permisos de usuario;En progreso;Soporte ERP;Camila Núñez;Grupo Pacífico;Trujillo;Interno;48;;No aplica;305;
TCK-00097;2025-09-08;2025-09-08;Web;Baja;ERP;Consulta de proceso;Resuelto;Infraestructura;Jorge Salazar;Distribuidora Horizonte;Huancayo;Externo;48;20.0;Sí;0;5.0
TCK-00098;2025-10-06;;Chat;Media;Redes;Sin conexión;Abierto;Mesa de ayuda;Luis Ramos;Retail Norte;Huancayo;Interno;24;;No aplica;86;
TCK-00099;2025-01-26;;Teléfono;Alta;Correo;No recibe correos;En progreso;Mesa de ayuda;María Paredes;Servicios Lima;Cusco;Interno;8;;No aplica;339;
TCK-00100;2025-04-30;2025-04-30;Correo;Alta;Hardware;Falla de impresora;Cerrado;Infraestructura;Carlos Medina;Logística Central;Huancayo;Interno;8;23.0;No;0;1.0
TCK-00101;2025-03-09;;Correo;Baja;Redes;Sin conexión;En progreso;Infraestructura;Jorge Salazar;Comercial Andina;Huancayo;Externo;48;;No aplica;297;
TCK-00102;2025-09-27;2025-09-27;Correo;Crítica;Redes;Lentitud de red;Resuelto;Soporte ERP;Fernando Díaz;Distribuidora Horizonte;Cusco;Interno;4;10.0;No;0;1.0
TCK-00103;2025-12-04;2025-12-04;Web;Media;Hardware;Falla de impresora;Cancelado;Seguridad;Valeria Rojas;Retail Norte;Trujillo;Externo;24;;No aplica;0;
TCK-00104;2025-02-11;;Correo;Alta;Correo;Configuración de Outlook;En progreso;Soporte ERP;Camila Núñez;Corporación Sierra;Cusco;Externo;8;;No aplica;323;
TCK-00105;2025-08-21;2025-08-23;Web;Media;Hardware;Cambio de periférico;Cerrado;Soporte ERP;Fernando Díaz;Corporación Sierra;Trujillo;Interno;24;56.0;No;2;2.0
TCK-00106;2025-08-21;2025-08-21;Web;Media;Redes;Lentitud de red;Resuelto;Aplicaciones;Diego Vargas;Grupo Pacífico;Trujillo;Interno;24;15.0;Sí;0;4.0
TCK-00107;2025-02-17;2025-02-19;Web;Media;Software;Actualización fallida;Resuelto;Mesa de ayuda;María Paredes;Inversiones Sur;Lima;Externo;24;49.0;No;2;3.0
TCK-00108;2025-08-05;2025-08-05;Chat;Media;Correo;Error de envío;Cancelado;Aplicaciones;Patricia León;Servicios Lima;Huancayo;Externo;24;;No aplica;0;
TCK-00109;2025-02-25;;Web;Media;Redes;Lentitud de red;Abierto;Infraestructura;Jorge Salazar;Comercial Andina;Cusco;Externo;24;;No aplica;309;
TCK-00110;2025-01-15;2025-01-15;Correo;Media;Redes;VPN;Resuelto;Mesa de ayuda;Ana Torres;Grupo Pacífico;Cusco;Externo;24;12.0;Sí;0;4.0
TCK-00111;2025-11-21;2025-11-21;Chat;Alta;Accesos;Permisos de usuario;Resuelto;Seguridad;Valeria Rojas;Grupo Pacífico;Arequipa;Externo;8;12.0;No;0;3.0
TCK-00112;2025-11-02;;Correo;Crítica;Correo;No recibe correos;En progreso;Mesa de ayuda;Luis Ramos;Distribuidora Horizonte;Trujillo;Externo;4;;No aplica;59;
TCK-00113;2025-11-07;2025-11-07;Web;Alta;Hardware;Falla de impresora;Cerrado;Seguridad;Ricardo Flores;Logística Central;Cusco;Externo;8;18.0;No;0;3.0
TCK-00114;2025-06-07;2025-06-08;Correo;Media;Hardware;Equipo lento;Resuelto;Aplicaciones;Patricia León;Grupo Pacífico;Arequipa;Externo;24;45.0;No;1;1.0
TCK-00115;2025-01-04;;Web;Media;Correo;Configuración de Outlook;En progreso;Infraestructura;Elena Chávez;Inversiones Sur;Lima;Externo;24;;No aplica;361;
TCK-00116;2025-01-22;;Web;Media;Redes;Lentitud de red;Abierto;Seguridad;Valeria Rojas;Corporación Sierra;Arequipa;Interno;24;;No aplica;343;
TCK-00117;2025-07-27;2025-07-29;Correo;Media;Correo;Error de envío;Cerrado;Aplicaciones;Patricia León;Corporación Sierra;Lima;Interno;24;59.0;No;2;3.0
TCK-00118;2025-07-25;2025-07-27;Web;Media;Redes;Sin conexión;Resuelto;Aplicaciones;Patricia León;Retail Norte;Cusco;Interno;24;71.0;No;2;3.0
TCK-00119;2025-04-10;2025-04-11;Chat;Media;CRM;Consulta de cliente;Cerrado;Infraestructura;Carlos Medina;Retail Norte;Huancayo;Externo;24;29.0;No;1;1.0
TCK-00120;2025-11-05;;Correo;Baja;CRM;Consulta de cliente;Abierto;Seguridad;Valeria Rojas;Distribuidora Horizonte;Cusco;Externo;48;;No aplica;56;
TCK-00121;2025-11-18;2025-11-19;Correo;Media;ERP;Consulta de proceso;Resuelto;Aplicaciones;Lucía Herrera;Comercial Andina;Arequipa;Interno;24;43.0;No;1;2.0
TCK-00122;2025-08-20;2025-08-22;Correo;Media;ERP;Error en módulo;Resuelto;Soporte ERP;Camila Núñez;Distribuidora Horizonte;Cusco;Interno;24;61.0;No;2;3.0
TCK-00123;2025-11-30;2025-11-30;Correo;Media;Hardware;Falla de impresora;Resuelto;Mesa de ayuda;Luis Ramos;Retail Norte;Cusco;Interno;24;9.0;Sí;0;4.0
TCK-00124;2025-12-29;2025-12-29;Web;Media;Software;Instalación de programa;Resuelto;Aplicaciones;Diego Vargas;Corporación Sierra;Trujillo;Externo;24;10.0;Sí;0;5.0
TCK-00125;2025-02-03;2025-02-05;Correo;Media;Redes;Lentitud de red;Resuelto;Soporte ERP;Fernando Díaz;Inversiones Sur;Lima;Interno;24;48.0;No;2;2.0
TCK-00126;2025-12-02;2025-12-04;Teléfono;Media;Hardware;Falla de impresora;Resuelto;Soporte ERP;Camila Núñez;Inversiones Sur;Huancayo;Interno;24;58.0;No;2;3.0
TCK-00127;2025-07-05;2025-07-05;Correo;Media;Redes;VPN;Cancelado;Infraestructura;Carlos Medina;Grupo Pacífico;Huancayo;Interno;24;;No aplica;0;
TCK-00128;2025-02-21;2025-02-21;Web;Media;Correo;No recibe correos;Cerrado;Aplicaciones;Lucía Herrera;Grupo Pacífico;Cusco;Externo;24;23.0;Sí;0;4.0
TCK-00129;2025-04-03;2025-04-05;Teléfono;Baja;Software;Actualización fallida;Cerrado;Seguridad;Ricardo Flores;Corporación Sierra;Arequipa;Interno;48;64.0;No;2;3.0
TCK-00130;2025-05-26;;Teléfono;Baja;Software;Instalación de programa;En progreso;Seguridad;Ricardo Flores;Inversiones Sur;Cusco;Externo;48;;No aplica;219;
TCK-00131;2025-08-25;2025-08-28;Teléfono;Baja;Accesos;Restablecimiento de contraseña;Resuelto;Infraestructura;Elena Chávez;Grupo Pacífico;Arequipa;Interno;48;90.0;No;3;2.0
TCK-00132;2025-07-10;2025-07-10;Web;Alta;CRM;Error de registro;Cerrado;Aplicaciones;Patricia León;Grupo Pacífico;Arequipa;Externo;8;18.0;No;0;1.0
TCK-00133;2025-08-12;2025-08-13;Correo;Baja;Redes;Sin conexión;Cerrado;Seguridad;Ricardo Flores;Corporación Sierra;Cusco;Externo;48;38.0;Sí;1;5.0
TCK-00134;2025-02-11;2025-02-11;Web;Crítica;CRM;Consulta de cliente;Cerrado;Aplicaciones;Patricia León;Grupo Pacífico;Lima;Externo;4;8.0;No;0;3.0
TCK-00135;2025-03-13;2025-03-13;Teléfono;Media;Hardware;Equipo lento;Resuelto;Aplicaciones;Patricia León;Grupo Pacífico;Cusco;Externo;24;18.0;Sí;0;5.0
TCK-00136;2025-05-02;2025-05-02;Correo;Crítica;CRM;Consulta de cliente;Resuelto;Seguridad;Ricardo Flores;Retail Norte;Trujillo;Interno;4;11.0;No;0;3.0
TCK-00137;2025-10-22;2025-10-22;Correo;Alta;Correo;Error de envío;Resuelto;Infraestructura;Elena Chávez;Corporación Sierra;Huancayo;Interno;8;18.0;No;0;2.0
TCK-00138;2025-02-04;2025-02-06;Chat;Media;Correo;Configuración de Outlook;Cerrado;Mesa de ayuda;Luis Ramos;Distribuidora Horizonte;Lima;Externo;24;51.0;No;2;2.0
TCK-00139;2025-01-09;;Web;Crítica;ERP;Problema de permisos;En progreso;Mesa de ayuda;María Paredes;Inversiones Sur;Huancayo;Interno;4;;No aplica;356;
TCK-00140;2025-06-30;;Web;Baja;CRM;Consulta de cliente;En progreso;Seguridad;Valeria Rojas;Grupo Pacífico;Huancayo;Interno;48;;No aplica;184;
TCK-00141;2025-08-23;2025-08-23;Correo;Alta;Hardware;Falla de impresora;Cerrado;Aplicaciones;Lucía Herrera;Corporación Sierra;Cusco;Externo;8;10.0;No;0;1.0
TCK-00142;2025-11-28;2025-11-30;Correo;Media;CRM;Consulta de cliente;Cerrado;Aplicaciones;Diego Vargas;Retail Norte;Arequipa;Externo;24;55.0;No;2;3.0
TCK-00143;2025-08-14;2025-08-14;Chat;Media;Accesos;Cuenta bloqueada;Cancelado;Seguridad;Valeria Rojas;Logística Central;Lima;Externo;24;;No aplica;0;
TCK-00144;2025-08-09;2025-08-12;Web;Baja;Redes;Sin conexión;Resuelto;Mesa de ayuda;Luis Ramos;Logística Central;Arequipa;Externo;48;85.0;No;3;3.0
TCK-00145;2025-08-07;2025-08-09;Correo;Media;ERP;Consulta de proceso;Resuelto;Soporte ERP;Camila Núñez;Logística Central;Lima;Interno;24;55.0;No;2;2.0
TCK-00146;2025-09-20;2025-09-20;Teléfono;Media;Software;Actualización fallida;Cancelado;Seguridad;Ricardo Flores;Grupo Pacífico;Lima;Interno;24;;No aplica;0;
TCK-00147;2025-07-07;;Web;Baja;Software;Actualización fallida;Abierto;Seguridad;Valeria Rojas;Inversiones Sur;Trujillo;Interno;48;;No aplica;177;
TCK-00148;2025-10-21;2025-10-21;Correo;Media;Redes;Sin conexión;Resuelto;Mesa de ayuda;Ana Torres;Grupo Pacífico;Trujillo;Externo;24;19.0;Sí;0;5.0
TCK-00149;2025-05-14;2025-05-14;Teléfono;Alta;ERP;Consulta de proceso;Resuelto;Infraestructura;Carlos Medina;Grupo Pacífico;Lima;Externo;8;7.0;Sí;0;5.0
TCK-00150;2025-02-14;2025-02-14;Teléfono;Baja;ERP;Consulta de proceso;Cancelado;Mesa de ayuda;María Paredes;Logística Central;Arequipa;Interno;48;;No aplica;0;
TCK-00151;2025-12-30;2025-12-30;Chat;Media;Correo;No recibe correos;Cerrado;Mesa de ayuda;Ana Torres;Grupo Pacífico;Huancayo;Externo;24;7.0;Sí;0;5.0
TCK-00152;2025-10-11;2025-10-11;Web;Media;Software;Actualización fallida;Cancelado;Mesa de ayuda;Ana Torres;Logística Central;Trujillo;Externo;24;;No aplica;0;
TCK-00153;2025-07-30;;Teléfono;Baja;Redes;Lentitud de red;Abierto;Mesa de ayuda;Luis Ramos;Distribuidora Horizonte;Cusco;Externo;48;;No aplica;154;
TCK-00154;2025-03-07;2025-03-08;Chat;Baja;Software;Error de aplicación;Resuelto;Seguridad;Ricardo Flores;Retail Norte;Cusco;Interno;48;46.0;Sí;1;4.0
TCK-00155;2025-03-24;2025-03-24;Correo;Media;Correo;Error de envío;Resuelto;Mesa de ayuda;Luis Ramos;Servicios Lima;Cusco;Externo;24;20.0;Sí;0;5.0
TCK-00156;2025-11-11;;Web;Media;Correo;No recibe correos;En progreso;Infraestructura;Elena Chávez;Inversiones Sur;Cusco;Interno;24;;No aplica;50;
TCK-00157;2025-01-15;2025-01-17;Correo;Baja;Redes;Lentitud de red;Cerrado;Infraestructura;Elena Chávez;Corporación Sierra;Cusco;Interno;48;71.0;No;2;3.0
TCK-00158;2025-10-07;2025-10-08;Correo;Baja;CRM;Consulta de cliente;Resuelto;Seguridad;Valeria Rojas;Distribuidora Horizonte;Lima;Interno;48;28.0;Sí;1;5.0
TCK-00159;2025-08-01;2025-08-01;Web;Alta;Redes;Lentitud de red;Resuelto;Aplicaciones;Lucía Herrera;Inversiones Sur;Trujillo;Interno;8;13.0;No;0;3.0
TCK-00160;2025-10-15;;Correo;Alta;Accesos;Restablecimiento de contraseña;En progreso;Infraestructura;Carlos Medina;Comercial Andina;Arequipa;Externo;8;;No aplica;77;
TCK-00161;2025-11-12;2025-11-15;Web;Baja;CRM;Problema de sincronización;Cerrado;Soporte ERP;Camila Núñez;Servicios Lima;Huancayo;Externo;48;73.0;No;3;2.0
TCK-00162;2025-09-13;;Chat;Media;Accesos;Cuenta bloqueada;Abierto;Seguridad;Ricardo Flores;Servicios Lima;Cusco;Externo;24;;No aplica;109;
TCK-00163;2025-01-25;2025-01-25;Correo;Media;ERP;Problema de permisos;Cerrado;Seguridad;Valeria Rojas;Comercial Andina;Lima;Externo;24;21.0;Sí;0;5.0
TCK-00164;2025-07-07;2025-07-09;Teléfono;Media;Correo;Configuración de Outlook;Resuelto;Infraestructura;Jorge Salazar;Logística Central;Lima;Externo;24;68.0;No;2;2.0
TCK-00165;2025-10-09;2025-10-13;Correo;Baja;Hardware;Equipo lento;Resuelto;Mesa de ayuda;Luis Ramos;Inversiones Sur;Arequipa;Externo;48;104.0;No;4;1.0
TCK-00166;2025-04-12;;Web;Media;Hardware;Equipo lento;Abierto;Aplicaciones;Diego Vargas;Distribuidora Horizonte;Huancayo;Interno;24;;No aplica;263;
TCK-00167;2025-06-17;2025-06-18;Chat;Media;Correo;Configuración de Outlook;Resuelto;Aplicaciones;Lucía Herrera;Inversiones Sur;Cusco;Externo;24;42.0;No;1;2.0
TCK-00168;2025-01-09;2025-01-10;Web;Media;Correo;Error de envío;Cancelado;Mesa de ayuda;María Paredes;Distribuidora Horizonte;Arequipa;Interno;24;;No aplica;1;
TCK-00169;2025-01-27;2025-01-27;Web;Alta;Correo;Error de envío;Resuelto;Infraestructura;Elena Chávez;Servicios Lima;Lima;Interno;8;8.0;Sí;0;4.0
TCK-00170;2025-08-14;2025-08-14;Correo;Alta;Accesos;Cuenta bloqueada;Resuelto;Soporte ERP;Camila Núñez;Comercial Andina;Huancayo;Interno;8;19.0;No;0;2.0
TCK-00171;2025-12-06;2025-12-06;Web;Media;Accesos;Cuenta bloqueada;Cancelado;Aplicaciones;Lucía Herrera;Inversiones Sur;Arequipa;Externo;24;;No aplica;0;
TCK-00172;2025-05-07;2025-05-07;Correo;Alta;Redes;VPN;Cerrado;Infraestructura;Elena Chávez;Distribuidora Horizonte;Arequipa;Externo;8;13.0;No;0;3.0
TCK-00173;2025-05-21;2025-05-23;Correo;Media;Accesos;Permisos de usuario;Resuelto;Infraestructura;Jorge Salazar;Comercial Andina;Arequipa;Interno;24;48.0;No;2;2.0
TCK-00174;2025-12-02;;Correo;Media;Correo;Error de envío;En progreso;Soporte ERP;Camila Núñez;Grupo Pacífico;Lima;Interno;24;;No aplica;29;
TCK-00175;2025-05-05;;Correo;Baja;Software;Error de aplicación;En progreso;Mesa de ayuda;Luis Ramos;Inversiones Sur;Trujillo;Interno;48;;No aplica;240;
TCK-00176;2025-12-15;2025-12-15;Teléfono;Crítica;Software;Instalación de programa;Resuelto;Seguridad;Valeria Rojas;Servicios Lima;Arequipa;Externo;4;5.0;No;0;3.0
TCK-00177;2025-01-31;2025-01-31;Chat;Alta;Correo;Configuración de Outlook;Resuelto;Mesa de ayuda;Ana Torres;Corporación Sierra;Huancayo;Interno;8;14.0;No;0;2.0
TCK-00178;2025-04-06;2025-04-08;Chat;Baja;Hardware;Equipo lento;Cerrado;Aplicaciones;Lucía Herrera;Retail Norte;Arequipa;Externo;48;66.0;No;2;3.0
TCK-00179;2025-10-06;;Web;Baja;Correo;Error de envío;En progreso;Aplicaciones;Patricia León;Retail Norte;Arequipa;Interno;48;;No aplica;86;
TCK-00180;2025-08-23;;Web;Media;Redes;VPN;Abierto;Soporte ERP;Fernando Díaz;Grupo Pacífico;Cusco;Externo;24;;No aplica;130;
TCK-00181;2025-08-07;2025-08-07;Web;Alta;Software;Error de aplicación;Resuelto;Seguridad;Valeria Rojas;Servicios Lima;Lima;Externo;8;14.0;No;0;1.0
TCK-00182;2025-08-17;2025-08-20;Teléfono;Baja;ERP;Problema de permisos;Resuelto;Mesa de ayuda;Luis Ramos;Inversiones Sur;Huancayo;Interno;48;93.0;No;3;1.0
TCK-00183;2025-08-27;2025-08-28;Correo;Media;ERP;Consulta de proceso;Resuelto;Mesa de ayuda;María Paredes;Logística Central;Arequipa;Interno;24;32.0;No;1;1.0
TCK-00184;2025-09-02;2025-09-04;Correo;Media;Accesos;Cuenta bloqueada;Resuelto;Soporte ERP;Camila Núñez;Servicios Lima;Huancayo;Interno;24;71.0;No;2;2.0
TCK-00185;2025-09-28;2025-09-28;Teléfono;Crítica;Hardware;Cambio de periférico;Resuelto;Soporte ERP;Fernando Díaz;Grupo Pacífico;Huancayo;Externo;4;9.0;No;0;2.0
TCK-00186;2025-03-01;2025-03-03;Teléfono;Media;Correo;Error de envío;Resuelto;Mesa de ayuda;Luis Ramos;Grupo Pacífico;Cusco;Externo;24;62.0;No;2;3.0
TCK-00187;2025-01-30;2025-01-30;Web;Media;Hardware;Falla de impresora;Resuelto;Aplicaciones;Patricia León;Servicios Lima;Cusco;Interno;24;9.0;Sí;0;5.0
TCK-00188;2025-06-26;;Teléfono;Media;Hardware;Falla de impresora;Abierto;Mesa de ayuda;Luis Ramos;Corporación Sierra;Huancayo;Interno;24;;No aplica;188;
TCK-00189;2025-11-25;2025-11-27;Chat;Media;Accesos;Permisos de usuario;Resuelto;Seguridad;Valeria Rojas;Retail Norte;Cusco;Interno;24;48.0;No;2;1.0
TCK-00190;2025-04-02;;Chat;Media;Software;Error de aplicación;En progreso;Mesa de ayuda;Luis Ramos;Distribuidora Horizonte;Cusco;Externo;24;;No aplica;273;
TCK-00191;2025-09-30;2025-09-30;Web;Alta;Software;Instalación de programa;Resuelto;Infraestructura;Elena Chávez;Retail Norte;Lima;Externo;8;21.0;No;0;1.0
TCK-00192;2025-05-04;;Correo;Alta;Correo;Configuración de Outlook;Abierto;Mesa de ayuda;Ana Torres;Comercial Andina;Trujillo;Externo;8;;No aplica;241;
TCK-00193;2025-04-30;2025-05-01;Web;Baja;Software;Actualización fallida;Cerrado;Aplicaciones;Patricia León;Inversiones Sur;Cusco;Externo;48;38.0;Sí;1;5.0
TCK-00194;2025-03-15;2025-03-15;Chat;Media;Redes;Sin conexión;Resuelto;Soporte ERP;Fernando Díaz;Corporación Sierra;Cusco;Externo;24;10.0;Sí;0;5.0
TCK-00195;2025-11-26;2025-11-27;Teléfono;Baja;Accesos;Permisos de usuario;Resuelto;Infraestructura;Jorge Salazar;Corporación Sierra;Huancayo;Externo;48;38.0;Sí;1;4.0
TCK-00196;2025-06-03;2025-06-03;Chat;Alta;Hardware;Cambio de periférico;Resuelto;Seguridad;Valeria Rojas;Grupo Pacífico;Trujillo;Interno;8;10.0;No;0;1.0
TCK-00197;2025-06-19;2025-06-23;Web;Baja;Hardware;Cambio de periférico;Cerrado;Infraestructura;Carlos Medina;Logística Central;Trujillo;Interno;48;119.0;No;4;1.0
TCK-00198;2025-04-07;2025-04-08;Teléfono;Media;Software;Instalación de programa;Resuelto;Infraestructura;Jorge Salazar;Logística Central;Lima;Interno;24;28.0;No;1;3.0
TCK-00199;2025-03-02;2025-03-06;Teléfono;Baja;ERP;Problema de permisos;Cerrado;Infraestructura;Jorge Salazar;Servicios Lima;Cusco;Externo;48;107.0;No;4;2.0
TCK-00200;2025-07-14;2025-07-15;Web;Media;Redes;Lentitud de red;Resuelto;Seguridad;Valeria Rojas;Retail Norte;Trujillo;Externo;24;30.0;No;1;2.0
TCK-00201;2025-06-10;;Web;Media;Software;Error de aplicación;En progreso;Aplicaciones;Lucía Herrera;Corporación Sierra;Arequipa;Interno;24;;No aplica;204;
TCK-00202;2025-04-11;2025-04-12;Correo;Media;Accesos;Cuenta bloqueada;Cerrado;Aplicaciones;Diego Vargas;Distribuidora Horizonte;Trujillo;Externo;24;25.0;No;1;3.0
TCK-00203;2025-06-30;2025-06-30;Correo;Media;Correo;Configuración de Outlook;Resuelto;Mesa de ayuda;María Paredes;Comercial Andina;Lima;Interno;24;4.0;Sí;0;5.0
TCK-00204;2025-03-12;2025-03-12;Teléfono;Alta;Hardware;Equipo lento;Resuelto;Soporte ERP;Camila Núñez;Inversiones Sur;Lima;Externo;8;23.0;No;0;2.0
TCK-00205;2025-01-09;;Correo;Media;Correo;Configuración de Outlook;Abierto;Aplicaciones;Lucía Herrera;Logística Central;Lima;Externo;24;;No aplica;356;
TCK-00206;2025-04-02;;Correo;Alta;Software;Actualización fallida;En progreso;Soporte ERP;Camila Núñez;Inversiones Sur;Arequipa;Externo;8;;No aplica;273;
TCK-00207;2025-02-10;2025-02-12;Web;Media;ERP;Error en módulo;Resuelto;Aplicaciones;Lucía Herrera;Retail Norte;Lima;Interno;24;55.0;No;2;2.0
TCK-00208;2025-07-13;;Web;Crítica;Software;Error de aplicación;Abierto;Seguridad;Valeria Rojas;Inversiones Sur;Cusco;Interno;4;;No aplica;171;
TCK-00209;2025-09-28;2025-09-28;Chat;Alta;ERP;Problema de permisos;Cerrado;Seguridad;Valeria Rojas;Comercial Andina;Lima;Externo;8;19.0;No;0;3.0
TCK-00210;2025-12-03;2025-12-04;Correo;Baja;Software;Actualización fallida;Resuelto;Infraestructura;Elena Chávez;Corporación Sierra;Lima;Externo;48;28.0;Sí;1;4.0
TCK-00211;2025-10-18;2025-10-18;Teléfono;Media;Redes;VPN;Cerrado;Infraestructura;Elena Chávez;Retail Norte;Cusco;Externo;24;10.0;Sí;0;4.0
TCK-00212;2025-08-12;2025-08-12;Correo;Crítica;Correo;Configuración de Outlook;Resuelto;Seguridad;Valeria Rojas;Comercial Andina;Arequipa;Externo;4;8.0;No;0;1.0
TCK-00213;2025-07-02;;Web;Media;Correo;Configuración de Outlook;En progreso;Seguridad;Ricardo Flores;Logística Central;Huancayo;Interno;24;;No aplica;182;
TCK-00214;2025-02-12;2025-02-12;Correo;Media;Software;Actualización fallida;Cerrado;Seguridad;Valeria Rojas;Inversiones Sur;Lima;Interno;24;4.0;Sí;0;5.0
TCK-00215;2025-08-16;;Web;Alta;Software;Instalación de programa;En progreso;Seguridad;Valeria Rojas;Retail Norte;Lima;Interno;8;;No aplica;137;
TCK-00216;2025-07-01;2025-07-02;Web;Media;CRM;Problema de sincronización;Cerrado;Mesa de ayuda;Luis Ramos;Corporación Sierra;Trujillo;Interno;24;35.0;No;1;3.0
TCK-00217;2025-09-24;;Correo;Media;Redes;VPN;En progreso;Seguridad;Ricardo Flores;Retail Norte;Huancayo;Externo;24;;No aplica;98;
TCK-00218;2025-05-22;;Web;Media;Redes;Sin conexión;Abierto;Seguridad;Ricardo Flores;Distribuidora Horizonte;Lima;Interno;24;;No aplica;223;
TCK-00219;2025-06-05;2025-06-06;Correo;Media;Accesos;Permisos de usuario;Cerrado;Seguridad;Valeria Rojas;Corporación Sierra;Cusco;Interno;24;42.0;No;1;2.0
TCK-00220;2025-11-05;2025-11-05;Chat;Alta;Accesos;Permisos de usuario;Resuelto;Aplicaciones;Lucía Herrera;Distribuidora Horizonte;Cusco;Interno;8;12.0;No;0;2.0
TCK-00221;2025-05-24;;Teléfono;Media;Correo;No recibe correos;Abierto;Soporte ERP;Fernando Díaz;Comercial Andina;Trujillo;Interno;24;;No aplica;221;
TCK-00222;2025-08-13;;Teléfono;Baja;CRM;Problema de sincronización;Abierto;Seguridad;Ricardo Flores;Logística Central;Huancayo;Externo;48;;No aplica;140;
TCK-00223;2025-12-04;2025-12-06;Correo;Media;Accesos;Cuenta bloqueada;Resuelto;Seguridad;Valeria Rojas;Corporación Sierra;Cusco;Interno;24;50.0;No;2;3.0
TCK-00224;2025-10-02;;Web;Baja;Software;Actualización fallida;Abierto;Aplicaciones;Patricia León;Comercial Andina;Cusco;Externo;48;;No aplica;90;
TCK-00225;2025-06-19;;Chat;Media;Redes;Sin conexión;Abierto;Soporte ERP;Fernando Díaz;Distribuidora Horizonte;Arequipa;Externo;24;;No aplica;195;
TCK-00226;2025-08-26;2025-08-26;Teléfono;Media;Redes;Sin conexión;Resuelto;Seguridad;Ricardo Flores;Logística Central;Trujillo;Interno;24;18.0;Sí;0;4.0
TCK-00227;2025-06-28;;Correo;Media;Accesos;Permisos de usuario;En progreso;Seguridad;Ricardo Flores;Distribuidora Horizonte;Trujillo;Externo;24;;No aplica;186;
TCK-00228;2025-02-04;;Correo;Baja;CRM;Problema de sincronización;Abierto;Mesa de ayuda;María Paredes;Grupo Pacífico;Huancayo;Interno;48;;No aplica;330;
TCK-00229;2025-10-10;2025-10-11;Correo;Media;Software;Instalación de programa;Cancelado;Infraestructura;Carlos Medina;Corporación Sierra;Trujillo;Interno;24;;No aplica;1;
TCK-00230;2025-11-11;2025-11-14;Chat;Media;Hardware;Cambio de periférico;Resuelto;Infraestructura;Carlos Medina;Logística Central;Lima;Interno;24;72.0;No;3;1.0
TCK-00231;2025-07-07;;Correo;Media;CRM;Problema de sincronización;En progreso;Soporte ERP;Camila Núñez;Corporación Sierra;Cusco;Externo;24;;No aplica;177;
TCK-00232;2025-10-28;2025-10-28;Correo;Media;Software;Actualización fallida;Resuelto;Aplicaciones;Lucía Herrera;Retail Norte;Huancayo;Externo;24;19.0;Sí;0;4.0
TCK-00233;2025-06-06;;Correo;Media;Accesos;Permisos de usuario;En progreso;Soporte ERP;Fernando Díaz;Corporación Sierra;Trujillo;Interno;24;;No aplica;208;
TCK-00234;2025-09-07;2025-09-08;Web;Media;Software;Actualización fallida;Resuelto;Infraestructura;Jorge Salazar;Logística Central;Huancayo;Interno;24;44.0;No;1;2.0
TCK-00235;2025-11-14;;Correo;Media;Software;Error de aplicación;Abierto;Seguridad;Valeria Rojas;Corporación Sierra;Trujillo;Externo;24;;No aplica;47;
TCK-00236;2025-12-30;;Teléfono;Media;Hardware;Equipo lento;Abierto;Aplicaciones;Patricia León;Logística Central;Huancayo;Externo;24;;No aplica;1;
TCK-00237;2025-03-28;2025-03-28;Teléfono;Media;Accesos;Cuenta bloqueada;Cerrado;Soporte ERP;Fernando Díaz;Retail Norte;Arequipa;Externo;24;9.0;Sí;0;5.0
TCK-00238;2025-10-07;2025-10-07;Correo;Media;ERP;Error en módulo;Cerrado;Aplicaciones;Patricia León;Distribuidora Horizonte;Arequipa;Externo;24;15.0;Sí;0;5.0
TCK-00239;2025-03-02;2025-03-02;Teléfono;Alta;Correo;Configuración de Outlook;Cerrado;Aplicaciones;Lucía Herrera;Corporación Sierra;Huancayo;Interno;8;8.0;Sí;0;4.0
TCK-00240;2025-01-31;2025-01-31;Web;Media;Software;Instalación de programa;Resuelto;Aplicaciones;Diego Vargas;Logística Central;Cusco;Interno;24;21.0;Sí;0;5.0
TCK-00241;2025-01-31;;Chat;Baja;CRM;Error de registro;En progreso;Infraestructura;Carlos Medina;Inversiones Sur;Huancayo;Externo;48;;No aplica;334;
TCK-00242;2025-09-08;2025-09-10;Correo;Media;Accesos;Permisos de usuario;Resuelto;Mesa de ayuda;María Paredes;Retail Norte;Trujillo;Externo;24;51.0;No;2;2.0
TCK-00243;2025-09-07;2025-09-07;Correo;Crítica;ERP;Error en módulo;Cerrado;Seguridad;Valeria Rojas;Retail Norte;Cusco;Externo;4;4.0;Sí;0;5.0
TCK-00244;2025-04-19;2025-04-19;Web;Media;Correo;Configuración de Outlook;Resuelto;Infraestructura;Elena Chávez;Distribuidora Horizonte;Arequipa;Interno;24;9.0;Sí;0;4.0
TCK-00245;2025-11-17;;Teléfono;Media;CRM;Error de registro;En progreso;Seguridad;Valeria Rojas;Comercial Andina;Trujillo;Interno;24;;No aplica;44;
TCK-00246;2025-12-19;2025-12-21;Chat;Baja;CRM;Problema de sincronización;Resuelto;Mesa de ayuda;María Paredes;Inversiones Sur;Arequipa;Interno;48;55.0;No;2;3.0
TCK-00247;2025-11-29;2025-12-01;Correo;Media;ERP;Error en módulo;Resuelto;Seguridad;Ricardo Flores;Retail Norte;Lima;Interno;24;65.0;No;2;1.0
TCK-00248;2025-03-09;2025-03-09;Web;Media;Hardware;Cambio de periférico;Resuelto;Aplicaciones;Patricia León;Corporación Sierra;Huancayo;Externo;24;13.0;Sí;0;4.0
TCK-00249;2025-07-16;;Correo;Baja;Redes;VPN;Abierto;Infraestructura;Jorge Salazar;Grupo Pacífico;Huancayo;Interno;48;;No aplica;168;
TCK-00250;2025-09-29;;Web;Media;Redes;Lentitud de red;En progreso;Infraestructura;Elena Chávez;Grupo Pacífico;Trujillo;Externo;24;;No aplica;93;
TCK-00251;2025-04-22;2025-04-22;Correo;Alta;Correo;Configuración de Outlook;Cerrado;Seguridad;Valeria Rojas;Corporación Sierra;Arequipa;Interno;8;9.0;No;0;2.0
TCK-00252;2025-11-27;2025-11-29;Correo;Media;Correo;Error de envío;Resuelto;Mesa de ayuda;María Paredes;Logística Central;Huancayo;Interno;24;54.0;No;2;2.0
TCK-00253;2025-11-27;2025-11-27;Correo;Baja;Accesos;Permisos de usuario;Cancelado;Mesa de ayuda;Ana Torres;Distribuidora Horizonte;Cusco;Interno;48;;No aplica;0;
TCK-00254;2025-01-07;;Chat;Baja;CRM;Consulta de cliente;En progreso;Seguridad;Valeria Rojas;Grupo Pacífico;Trujillo;Interno;48;;No aplica;358;
TCK-00255;2025-01-09;;Web;Crítica;Hardware;Falla de impresora;En progreso;Soporte ERP;Camila Núñez;Corporación Sierra;Trujillo;Externo;4;;No aplica;356;
TCK-00256;2025-02-12;;Web;Media;Hardware;Falla de impresora;En progreso;Mesa de ayuda;María Paredes;Servicios Lima;Huancayo;Externo;24;;No aplica;322;
TCK-00257;2025-07-20;2025-07-21;Web;Baja;ERP;Error en módulo;Resuelto;Aplicaciones;Lucía Herrera;Corporación Sierra;Huancayo;Interno;48;39.0;Sí;1;4.0
TCK-00258;2025-08-11;;Correo;Media;ERP;Problema de permisos;Abierto;Infraestructura;Carlos Medina;Comercial Andina;Huancayo;Interno;24;;No aplica;142;
TCK-00259;2025-03-25;2025-03-25;Web;Media;CRM;Consulta de cliente;Resuelto;Aplicaciones;Patricia León;Inversiones Sur;Huancayo;Externo;24;19.0;Sí;0;4.0
TCK-00260;2025-06-21;;Teléfono;Alta;ERP;Problema de permisos;Abierto;Mesa de ayuda;Luis Ramos;Distribuidora Horizonte;Cusco;Externo;8;;No aplica;193;
TCK-00261;2025-01-29;2025-01-29;Web;Media;Redes;Sin conexión;Resuelto;Soporte ERP;Fernando Díaz;Servicios Lima;Cusco;Interno;24;9.0;Sí;0;4.0
TCK-00262;2025-05-06;2025-05-08;Correo;Media;Software;Error de aplicación;Cerrado;Soporte ERP;Camila Núñez;Servicios Lima;Arequipa;Interno;24;57.0;No;2;3.0
TCK-00263;2025-06-13;2025-06-13;Correo;Crítica;Correo;Configuración de Outlook;Resuelto;Mesa de ayuda;Ana Torres;Servicios Lima;Cusco;Interno;4;7.0;No;0;1.0
TCK-00264;2025-08-27;2025-08-30;Chat;Baja;Hardware;Cambio de periférico;Resuelto;Seguridad;Ricardo Flores;Inversiones Sur;Huancayo;Externo;48;80.0;No;3;2.0
TCK-00265;2025-11-15;2025-11-15;Correo;Media;CRM;Error de registro;Cancelado;Soporte ERP;Fernando Díaz;Grupo Pacífico;Lima;Externo;24;;No aplica;0;
TCK-00266;2025-04-30;2025-05-01;Web;Media;Hardware;Falla de impresora;Resuelto;Mesa de ayuda;María Paredes;Corporación Sierra;Arequipa;Interno;24;30.0;No;1;3.0
TCK-00267;2025-05-02;2025-05-02;Web;Baja;Software;Actualización fallida;Cancelado;Aplicaciones;Patricia León;Comercial Andina;Huancayo;Externo;48;;No aplica;0;
TCK-00268;2025-07-10;2025-07-11;Web;Media;Correo;No recibe correos;Resuelto;Seguridad;Ricardo Flores;Comercial Andina;Trujillo;Interno;24;34.0;No;1;2.0
TCK-00269;2025-05-14;2025-05-14;Chat;Baja;CRM;Consulta de cliente;Resuelto;Aplicaciones;Diego Vargas;Distribuidora Horizonte;Arequipa;Interno;48;17.0;Sí;0;4.0
TCK-00270;2025-03-11;;Teléfono;Media;Software;Instalación de programa;En progreso;Seguridad;Valeria Rojas;Corporación Sierra;Lima;Externo;24;;No aplica;295;
TCK-00271;2025-04-17;2025-04-17;Web;Media;Hardware;Equipo lento;Cerrado;Aplicaciones;Lucía Herrera;Comercial Andina;Huancayo;Externo;24;22.0;Sí;0;4.0
TCK-00272;2025-12-31;2026-01-01;Correo;Media;ERP;Consulta de proceso;Resuelto;Aplicaciones;Patricia León;Comercial Andina;Trujillo;Externo;24;35.0;No;1;1.0
TCK-00273;2025-08-25;;Correo;Baja;Hardware;Equipo lento;En progreso;Infraestructura;Carlos Medina;Corporación Sierra;Arequipa;Interno;48;;No aplica;128;
TCK-00274;2025-10-26;;Web;Baja;Hardware;Equipo lento;Abierto;Seguridad;Ricardo Flores;Retail Norte;Arequipa;Interno;48;;No aplica;66;
TCK-00275;2025-01-22;2025-01-22;Chat;Crítica;Accesos;Cuenta bloqueada;Cerrado;Seguridad;Valeria Rojas;Comercial Andina;Trujillo;Externo;4;3.0;Sí;0;5.0
TCK-00276;2025-04-20;2025-04-20;Chat;Alta;Software;Error de aplicación;Resuelto;Soporte ERP;Fernando Díaz;Logística Central;Trujillo;Externo;8;19.0;No;0;2.0
TCK-00277;2025-02-01;2025-02-03;Correo;Media;ERP;Problema de permisos;Resuelto;Infraestructura;Elena Chávez;Comercial Andina;Trujillo;Externo;24;65.0;No;2;3.0
TCK-00278;2025-09-06;2025-09-06;Correo;Media;Redes;Sin conexión;Resuelto;Mesa de ayuda;Luis Ramos;Servicios Lima;Lima;Externo;24;11.0;Sí;0;5.0
TCK-00279;2025-09-29;;Web;Media;Software;Error de aplicación;En progreso;Infraestructura;Elena Chávez;Servicios Lima;Arequipa;Interno;24;;No aplica;93;
TCK-00280;2025-04-23;2025-04-27;Web;Baja;CRM;Error de registro;Resuelto;Infraestructura;Carlos Medina;Inversiones Sur;Arequipa;Interno;48;98.0;No;4;3.0
TCK-00281;2025-06-30;2025-06-30;Chat;Media;Software;Instalación de programa;Resuelto;Soporte ERP;Camila Núñez;Grupo Pacífico;Trujillo;Interno;24;15.0;Sí;0;4.0
TCK-00282;2025-04-30;2025-04-30;Web;Crítica;Redes;Lentitud de red;Resuelto;Infraestructura;Carlos Medina;Inversiones Sur;Huancayo;Externo;4;1.0;Sí;0;4.0
TCK-00283;2025-03-17;2025-03-19;Web;Baja;CRM;Consulta de cliente;Cerrado;Aplicaciones;Patricia León;Inversiones Sur;Trujillo;Interno;48;51.0;No;2;2.0
TCK-00284;2025-06-15;2025-06-15;Correo;Alta;CRM;Consulta de cliente;Cerrado;Seguridad;Valeria Rojas;Grupo Pacífico;Cusco;Externo;8;9.0;No;0;3.0
TCK-00285;2025-10-29;2025-10-29;Teléfono;Media;Redes;Sin conexión;Cerrado;Infraestructura;Elena Chávez;Comercial Andina;Cusco;Externo;24;8.0;Sí;0;4.0
TCK-00286;2025-11-05;2025-11-06;Correo;Baja;ERP;Problema de permisos;Resuelto;Mesa de ayuda;Luis Ramos;Grupo Pacífico;Arequipa;Interno;48;38.0;Sí;1;5.0
TCK-00287;2025-06-13;;Correo;Baja;ERP;Problema de permisos;Abierto;Aplicaciones;Diego Vargas;Comercial Andina;Arequipa;Interno;48;;No aplica;201;
TCK-00288;2025-05-08;2025-05-10;Teléfono;Media;ERP;Error en módulo;Cerrado;Mesa de ayuda;Luis Ramos;Distribuidora Horizonte;Trujillo;Interno;24;56.0;No;2;2.0
TCK-00289;2025-07-13;2025-07-14;Web;Media;CRM;Consulta de cliente;Cerrado;Infraestructura;Carlos Medina;Distribuidora Horizonte;Lima;Interno;24;41.0;No;1;1.0
TCK-00290;2025-06-13;2025-06-14;Correo;Alta;Accesos;Restablecimiento de contraseña;Resuelto;Mesa de ayuda;María Paredes;Retail Norte;Arequipa;Externo;8;24.0;No;1;1.0
TCK-00291;2025-08-09;2025-08-10;Chat;Alta;Software;Error de aplicación;Cerrado;Mesa de ayuda;Luis Ramos;Servicios Lima;Huancayo;Externo;8;24.0;No;1;3.0
TCK-00292;2025-10-04;;Correo;Alta;Hardware;Falla de impresora;En progreso;Soporte ERP;Camila Núñez;Grupo Pacífico;Lima;Externo;8;;No aplica;88;
TCK-00293;2025-01-02;2025-01-02;Web;Alta;Correo;Error de envío;Resuelto;Infraestructura;Carlos Medina;Comercial Andina;Huancayo;Interno;8;22.0;No;0;2.0
TCK-00294;2025-02-11;2025-02-11;Web;Alta;Accesos;Permisos de usuario;Cerrado;Aplicaciones;Patricia León;Corporación Sierra;Huancayo;Externo;8;14.0;No;0;2.0
TCK-00295;2025-04-06;2025-04-06;Web;Alta;Software;Instalación de programa;Resuelto;Soporte ERP;Fernando Díaz;Grupo Pacífico;Lima;Interno;8;23.0;No;0;2.0
TCK-00296;2025-10-05;;Web;Baja;Hardware;Falla de impresora;En progreso;Soporte ERP;Camila Núñez;Distribuidora Horizonte;Cusco;Interno;48;;No aplica;87;
TCK-00297;2025-09-01;2025-09-02;Correo;Media;Hardware;Cambio de periférico;Cerrado;Soporte ERP;Fernando Díaz;Retail Norte;Trujillo;Interno;24;25.0;No;1;1.0
TCK-00298;2025-04-09;2025-04-09;Correo;Media;Accesos;Restablecimiento de contraseña;Cancelado;Infraestructura;Elena Chávez;Logística Central;Arequipa;Interno;24;;No aplica;0;
TCK-00299;2025-07-18;2025-07-18;Web;Media;Correo;Error de envío;Cerrado;Mesa de ayuda;María Paredes;Corporación Sierra;Lima;Externo;24;23.0;Sí;0;4.0
TCK-00300;2025-10-18;2025-10-20;Web;Baja;Hardware;Cambio de periférico;Cerrado;Mesa de ayuda;Luis Ramos;Inversiones Sur;Trujillo;Externo;48;57.0;No;2;3.0
TCK-00301;2025-09-06;;Web;Media;Accesos;Restablecimiento de contraseña;En progreso;Soporte ERP;Camila Núñez;Comercial Andina;Trujillo;Externo;24;;No aplica;116;
TCK-00302;2025-12-20;2025-12-20;Correo;Media;Redes;Sin conexión;Cerrado;Aplicaciones;Diego Vargas;Logística Central;Arequipa;Externo;24;16.0;Sí;0;4.0
TCK-00303;2025-03-10;2025-03-12;Correo;Media;Redes;VPN;Cerrado;Seguridad;Ricardo Flores;Servicios Lima;Trujillo;Interno;24;56.0;No;2;3.0
TCK-00304;2025-09-06;2025-09-07;Teléfono;Baja;Correo;No recibe correos;Cerrado;Mesa de ayuda;Luis Ramos;Corporación Sierra;Huancayo;Interno;48;30.0;Sí;1;4.0
TCK-00305;2025-04-13;2025-04-13;Teléfono;Alta;Redes;Lentitud de red;Resuelto;Infraestructura;Jorge Salazar;Inversiones Sur;Trujillo;Externo;8;22.0;No;0;1.0
TCK-00306;2025-12-15;2025-12-15;Correo;Media;Software;Instalación de programa;Resuelto;Soporte ERP;Camila Núñez;Inversiones Sur;Huancayo;Externo;24;15.0;Sí;0;5.0
TCK-00307;2025-01-15;2025-01-15;Web;Alta;Software;Error de aplicación;Resuelto;Infraestructura;Elena Chávez;Servicios Lima;Arequipa;Externo;8;18.0;No;0;1.0
TCK-00308;2025-12-16;2025-12-18;Correo;Baja;Correo;No recibe correos;Resuelto;Infraestructura;Jorge Salazar;Logística Central;Arequipa;Externo;48;56.0;No;2;2.0
TCK-00309;2025-08-24;2025-08-25;Correo;Media;CRM;Consulta de cliente;Resuelto;Seguridad;Ricardo Flores;Comercial Andina;Cusco;Externo;24;40.0;No;1;2.0
TCK-00310;2025-12-17;2025-12-17;Correo;Crítica;ERP;Consulta de proceso;Cancelado;Aplicaciones;Diego Vargas;Logística Central;Huancayo;Interno;4;;No aplica;0;
TCK-00311;2025-05-04;2025-05-05;Chat;Baja;Correo;Error de envío;Cerrado;Aplicaciones;Lucía Herrera;Grupo Pacífico;Lima;Externo;48;45.0;Sí;1;5.0
TCK-00312;2025-08-03;2025-08-05;Web;Media;Correo;No recibe correos;Resuelto;Aplicaciones;Lucía Herrera;Servicios Lima;Cusco;Externo;24;49.0;No;2;3.0
TCK-00313;2025-06-03;2025-06-06;Teléfono;Baja;Software;Instalación de programa;Cerrado;Mesa de ayuda;Luis Ramos;Grupo Pacífico;Arequipa;Interno;48;95.0;No;3;2.0
TCK-00314;2025-12-02;2025-12-04;Correo;Media;Redes;VPN;Cerrado;Aplicaciones;Diego Vargas;Logística Central;Cusco;Externo;24;63.0;No;2;1.0
TCK-00315;2025-08-29;2025-08-31;Correo;Media;Correo;No recibe correos;Resuelto;Seguridad;Ricardo Flores;Retail Norte;Trujillo;Externo;24;56.0;No;2;1.0
TCK-00316;2025-03-19;2025-03-19;Correo;Alta;Correo;Error de envío;Resuelto;Infraestructura;Jorge Salazar;Grupo Pacífico;Lima;Externo;8;12.0;No;0;3.0
TCK-00317;2025-04-01;2025-04-01;Correo;Crítica;Software;Error de aplicación;Resuelto;Soporte ERP;Fernando Díaz;Distribuidora Horizonte;Lima;Interno;4;10.0;No;0;2.0
TCK-00318;2025-11-21;2025-11-23;Web;Media;Hardware;Equipo lento;Resuelto;Soporte ERP;Fernando Díaz;Inversiones Sur;Lima;Externo;24;71.0;No;2;1.0
TCK-00319;2025-01-10;;Teléfono;Media;ERP;Consulta de proceso;En progreso;Aplicaciones;Patricia León;Retail Norte;Trujillo;Externo;24;;No aplica;355;
TCK-00320;2025-03-27;2025-03-27;Correo;Crítica;Accesos;Cuenta bloqueada;Cerrado;Soporte ERP;Camila Núñez;Corporación Sierra;Huancayo;Externo;4;8.0;No;0;2.0
TCK-00321;2025-04-07;2025-04-10;Correo;Baja;Hardware;Equipo lento;Cerrado;Infraestructura;Elena Chávez;Grupo Pacífico;Huancayo;Interno;48;83.0;No;3;3.0
TCK-00322;2025-03-28;2025-03-28;Correo;Media;Accesos;Cuenta bloqueada;Cerrado;Aplicaciones;Lucía Herrera;Comercial Andina;Cusco;Interno;24;17.0;Sí;0;4.0
TCK-00323;2025-01-25;2025-01-27;Teléfono;Media;Correo;Error de envío;Resuelto;Seguridad;Ricardo Flores;Servicios Lima;Lima;Externo;24;57.0;No;2;3.0
TCK-00324;2025-02-21;2025-02-21;Teléfono;Alta;Software;Instalación de programa;Resuelto;Mesa de ayuda;María Paredes;Retail Norte;Arequipa;Interno;8;5.0;Sí;0;5.0
TCK-00325;2025-04-12;2025-04-13;Web;Baja;Software;Instalación de programa;Cerrado;Seguridad;Valeria Rojas;Grupo Pacífico;Lima;Externo;48;34.0;Sí;1;5.0
TCK-00326;2025-06-19;;Correo;Crítica;Hardware;Cambio de periférico;Abierto;Seguridad;Ricardo Flores;Retail Norte;Cusco;Interno;4;;No aplica;195;
TCK-00327;2025-02-21;2025-02-22;Chat;Media;Redes;VPN;Resuelto;Seguridad;Ricardo Flores;Retail Norte;Huancayo;Interno;24;41.0;No;1;2.0
TCK-00328;2025-12-13;;Correo;Media;CRM;Error de registro;Abierto;Mesa de ayuda;Ana Torres;Grupo Pacífico;Arequipa;Externo;24;;No aplica;18;
TCK-00329;2025-08-13;2025-08-13;Chat;Alta;Redes;VPN;Cerrado;Infraestructura;Carlos Medina;Corporación Sierra;Trujillo;Externo;8;10.0;No;0;2.0
TCK-00330;2025-12-20;2025-12-22;Chat;Baja;CRM;Error de registro;Resuelto;Mesa de ayuda;Ana Torres;Comercial Andina;Huancayo;Interno;48;61.0;No;2;3.0
TCK-00331;2025-09-05;;Teléfono;Media;Accesos;Permisos de usuario;En progreso;Soporte ERP;Fernando Díaz;Grupo Pacífico;Trujillo;Externo;24;;No aplica;117;
TCK-00332;2025-02-27;;Chat;Media;ERP;Consulta de proceso;Abierto;Mesa de ayuda;María Paredes;Servicios Lima;Arequipa;Interno;24;;No aplica;307;
TCK-00333;2025-08-10;2025-08-10;Teléfono;Alta;ERP;Problema de permisos;Resuelto;Seguridad;Ricardo Flores;Comercial Andina;Lima;Interno;8;18.0;No;0;2.0
TCK-00334;2025-09-11;2025-09-11;Chat;Crítica;Software;Instalación de programa;Resuelto;Aplicaciones;Patricia León;Servicios Lima;Cusco;Externo;4;7.0;No;0;1.0
TCK-00335;2025-02-10;2025-02-10;Web;Baja;CRM;Problema de sincronización;Resuelto;Seguridad;Valeria Rojas;Retail Norte;Trujillo;Interno;48;21.0;Sí;0;5.0
TCK-00336;2025-07-31;2025-08-02;Correo;Media;CRM;Consulta de cliente;Cerrado;Soporte ERP;Camila Núñez;Servicios Lima;Trujillo;Externo;24;50.0;No;2;1.0
TCK-00337;2025-04-25;2025-04-26;Teléfono;Media;Correo;Error de envío;Cerrado;Aplicaciones;Lucía Herrera;Distribuidora Horizonte;Lima;Interno;24;32.0;No;1;1.0
TCK-00338;2025-06-24;2025-06-26;Web;Media;Correo;Configuración de Outlook;Cerrado;Aplicaciones;Lucía Herrera;Retail Norte;Lima;Interno;24;67.0;No;2;1.0
TCK-00339;2025-07-29;;Correo;Media;CRM;Problema de sincronización;En progreso;Infraestructura;Jorge Salazar;Servicios Lima;Arequipa;Interno;24;;No aplica;155;
TCK-00340;2025-08-01;2025-08-03;Correo;Media;Hardware;Falla de impresora;Resuelto;Seguridad;Ricardo Flores;Distribuidora Horizonte;Lima;Interno;24;59.0;No;2;3.0
TCK-00341;2025-09-05;2025-09-08;Chat;Baja;ERP;Problema de permisos;Cerrado;Infraestructura;Elena Chávez;Grupo Pacífico;Lima;Externo;48;92.0;No;3;3.0
TCK-00342;2025-11-07;2025-11-09;Chat;Media;Correo;Configuración de Outlook;Resuelto;Infraestructura;Jorge Salazar;Corporación Sierra;Arequipa;Externo;24;61.0;No;2;1.0
TCK-00343;2025-03-12;2025-03-13;Web;Media;Redes;Lentitud de red;Cerrado;Soporte ERP;Camila Núñez;Servicios Lima;Huancayo;Interno;24;41.0;No;1;3.0
TCK-00344;2025-06-26;2025-06-26;Chat;Alta;Software;Actualización fallida;Resuelto;Soporte ERP;Camila Núñez;Retail Norte;Arequipa;Externo;8;20.0;No;0;3.0
TCK-00345;2025-12-08;2025-12-08;Teléfono;Media;Correo;Error de envío;Cerrado;Seguridad;Ricardo Flores;Retail Norte;Lima;Externo;24;22.0;Sí;0;4.0
TCK-00346;2025-12-10;2025-12-10;Correo;Alta;Redes;Lentitud de red;Cerrado;Aplicaciones;Patricia León;Comercial Andina;Arequipa;Interno;8;19.0;No;0;1.0
TCK-00347;2025-07-03;2025-07-04;Teléfono;Alta;ERP;Problema de permisos;Cerrado;Infraestructura;Elena Chávez;Corporación Sierra;Huancayo;Externo;8;24.0;No;1;3.0
TCK-00348;2025-01-25;2025-01-25;Chat;Media;ERP;Consulta de proceso;Cancelado;Soporte ERP;Fernando Díaz;Comercial Andina;Arequipa;Interno;24;;No aplica;0;
TCK-00349;2025-08-15;2025-08-16;Teléfono;Baja;ERP;Consulta de proceso;Resuelto;Soporte ERP;Fernando Díaz;Servicios Lima;Arequipa;Externo;48;30.0;Sí;1;4.0
TCK-00350;2025-04-06;;Chat;Media;Hardware;Falla de impresora;Abierto;Aplicaciones;Lucía Herrera;Logística Central;Huancayo;Interno;24;;No aplica;269;
TCK-00351;2025-10-27;2025-10-27;Teléfono;Crítica;Software;Error de aplicación;Resuelto;Infraestructura;Jorge Salazar;Comercial Andina;Cusco;Externo;4;8.0;No;0;3.0
TCK-00352;2025-10-09;2025-10-09;Web;Baja;Software;Error de aplicación;Resuelto;Soporte ERP;Fernando Díaz;Grupo Pacífico;Trujillo;Externo;48;19.0;Sí;0;5.0
TCK-00353;2025-04-24;2025-04-26;Chat;Media;Redes;Sin conexión;Resuelto;Soporte ERP;Camila Núñez;Comercial Andina;Lima;Externo;24;61.0;No;2;1.0
TCK-00354;2025-11-25;2025-11-25;Web;Media;ERP;Consulta de proceso;Cancelado;Seguridad;Ricardo Flores;Corporación Sierra;Arequipa;Externo;24;;No aplica;0;
TCK-00355;2025-09-22;2025-09-22;Teléfono;Media;Accesos;Permisos de usuario;Cerrado;Mesa de ayuda;Luis Ramos;Servicios Lima;Arequipa;Interno;24;16.0;Sí;0;4.0
TCK-00356;2025-10-03;;Web;Media;ERP;Error en módulo;En progreso;Seguridad;Ricardo Flores;Servicios Lima;Cusco;Externo;24;;No aplica;89;
TCK-00357;2025-11-28;2025-11-28;Teléfono;Crítica;Hardware;Falla de impresora;Resuelto;Aplicaciones;Patricia León;Retail Norte;Lima;Interno;4;3.0;Sí;0;5.0
TCK-00358;2025-10-13;2025-10-15;Correo;Baja;Accesos;Permisos de usuario;Cerrado;Seguridad;Valeria Rojas;Corporación Sierra;Arequipa;Interno;48;57.0;No;2;3.0
TCK-00359;2025-03-02;2025-03-03;Web;Media;CRM;Consulta de cliente;Resuelto;Soporte ERP;Fernando Díaz;Retail Norte;Arequipa;Interno;24;41.0;No;1;3.0
TCK-00360;2025-06-04;2025-06-04;Web;Alta;Accesos;Permisos de usuario;Cerrado;Mesa de ayuda;Luis Ramos;Grupo Pacífico;Cusco;Interno;8;6.0;Sí;0;5.0
TCK-00361;2025-10-07;2025-10-07;Correo;Media;CRM;Consulta de cliente;Resuelto;Aplicaciones;Patricia León;Grupo Pacífico;Lima;Interno;24;4.0;Sí;0;5.0
TCK-00362;2025-10-03;;Web;Alta;ERP;Problema de permisos;En progreso;Aplicaciones;Patricia León;Corporación Sierra;Cusco;Interno;8;;No aplica;89;
TCK-00363;2025-03-24;;Correo;Media;Hardware;Equipo lento;En progreso;Soporte ERP;Fernando Díaz;Distribuidora Horizonte;Cusco;Interno;24;;No aplica;282;
TCK-00364;2025-05-29;;Teléfono;Alta;Correo;Error de envío;En progreso;Aplicaciones;Diego Vargas;Grupo Pacífico;Huancayo;Interno;8;;No aplica;216;
TCK-00365;2025-05-26;2025-05-30;Web;Baja;Accesos;Permisos de usuario;Resuelto;Soporte ERP;Camila Núñez;Grupo Pacífico;Cusco;Externo;48;111.0;No;4;2.0
TCK-00366;2025-08-08;2025-08-10;Correo;Media;ERP;Problema de permisos;Cerrado;Seguridad;Valeria Rojas;Inversiones Sur;Huancayo;Externo;24;65.0;No;2;2.0
TCK-00367;2025-08-17;2025-08-18;Web;Media;Software;Actualización fallida;Resuelto;Soporte ERP;Fernando Díaz;Logística Central;Huancayo;Interno;24;37.0;No;1;3.0
TCK-00368;2025-11-17;;Correo;Crítica;Correo;Configuración de Outlook;Abierto;Mesa de ayuda;María Paredes;Corporación Sierra;Cusco;Interno;4;;No aplica;44;
TCK-00369;2025-01-19;2025-01-19;Web;Media;Accesos;Cuenta bloqueada;Cancelado;Infraestructura;Jorge Salazar;Corporación Sierra;Huancayo;Externo;24;;No aplica;0;
TCK-00370;2025-08-26;2025-08-26;Web;Alta;Hardware;Cambio de periférico;Resuelto;Infraestructura;Elena Chávez;Grupo Pacífico;Cusco;Interno;8;16.0;No;0;1.0
TCK-00371;2025-04-02;2025-04-03;Web;Media;Software;Actualización fallida;Cerrado;Seguridad;Valeria Rojas;Comercial Andina;Huancayo;Externo;24;33.0;No;1;1.0
TCK-00372;2025-05-16;;Web;Crítica;CRM;Problema de sincronización;En progreso;Seguridad;Valeria Rojas;Distribuidora Horizonte;Lima;Interno;4;;No aplica;229;
TCK-00373;2025-11-29;2025-12-01;Correo;Media;CRM;Problema de sincronización;Resuelto;Aplicaciones;Lucía Herrera;Grupo Pacífico;Trujillo;Externo;24;50.0;No;2;3.0
TCK-00374;2025-12-01;;Chat;Crítica;Software;Actualización fallida;En progreso;Seguridad;Valeria Rojas;Inversiones Sur;Trujillo;Externo;4;;No aplica;30;
TCK-00375;2025-11-06;2025-11-07;Correo;Baja;Software;Error de aplicación;Resuelto;Soporte ERP;Camila Núñez;Servicios Lima;Huancayo;Interno;48;28.0;Sí;1;5.0
TCK-00376;2025-11-05;;Teléfono;Alta;CRM;Problema de sincronización;En progreso;Mesa de ayuda;Luis Ramos;Distribuidora Horizonte;Trujillo;Interno;8;;No aplica;56;
TCK-00377;2025-10-30;;Correo;Baja;Hardware;Equipo lento;Abierto;Soporte ERP;Fernando Díaz;Grupo Pacífico;Cusco;Interno;48;;No aplica;62;
TCK-00378;2025-10-21;2025-10-21;Correo;Alta;Correo;Error de envío;Cerrado;Soporte ERP;Fernando Díaz;Logística Central;Lima;Interno;8;16.0;No;0;3.0
TCK-00379;2025-08-30;2025-08-30;Chat;Alta;Correo;No recibe correos;Cerrado;Soporte ERP;Fernando Díaz;Logística Central;Huancayo;Externo;8;16.0;No;0;3.0
TCK-00380;2025-10-30;;Correo;Media;Hardware;Equipo lento;En progreso;Soporte ERP;Camila Núñez;Grupo Pacífico;Cusco;Interno;24;;No aplica;62;
TCK-00381;2025-04-01;;Web;Media;CRM;Consulta de cliente;Abierto;Soporte ERP;Fernando Díaz;Retail Norte;Trujillo;Interno;24;;No aplica;274;
TCK-00382;2025-11-05;2025-11-05;Web;Crítica;ERP;Problema de permisos;Cerrado;Seguridad;Valeria Rojas;Inversiones Sur;Lima;Externo;4;4.0;Sí;0;5.0
TCK-00383;2025-07-15;2025-07-17;Web;Baja;CRM;Consulta de cliente;Cerrado;Soporte ERP;Fernando Díaz;Corporación Sierra;Huancayo;Externo;48;69.0;No;2;1.0
TCK-00384;2025-02-12;2025-02-14;Correo;Baja;Software;Error de aplicación;Resuelto;Mesa de ayuda;María Paredes;Retail Norte;Cusco;Interno;48;56.0;No;2;3.0
TCK-00385;2025-04-16;2025-04-18;Teléfono;Media;Software;Instalación de programa;Resuelto;Soporte ERP;Camila Núñez;Logística Central;Cusco;Externo;24;50.0;No;2;3.0
TCK-00386;2025-05-22;;Chat;Media;Correo;Configuración de Outlook;En progreso;Seguridad;Ricardo Flores;Inversiones Sur;Cusco;Externo;24;;No aplica;223;
TCK-00387;2025-05-10;2025-05-11;Chat;Media;Accesos;Cuenta bloqueada;Cerrado;Infraestructura;Elena Chávez;Retail Norte;Huancayo;Externo;24;24.0;Sí;1;4.0
TCK-00388;2025-04-20;2025-04-24;Web;Baja;Correo;Configuración de Outlook;Cerrado;Mesa de ayuda;Ana Torres;Corporación Sierra;Lima;Interno;48;113.0;No;4;1.0
TCK-00389;2025-08-30;;Chat;Media;Software;Instalación de programa;Abierto;Mesa de ayuda;María Paredes;Comercial Andina;Trujillo;Externo;24;;No aplica;123;
TCK-00390;2025-11-11;2025-11-11;Teléfono;Alta;Hardware;Equipo lento;Cancelado;Seguridad;Valeria Rojas;Comercial Andina;Huancayo;Externo;8;;No aplica;0;
TCK-00391;2025-01-18;2025-01-18;Teléfono;Media;Correo;No recibe correos;Resuelto;Mesa de ayuda;Luis Ramos;Servicios Lima;Lima;Interno;24;15.0;Sí;0;5.0
TCK-00392;2025-07-24;2025-07-26;Web;Media;Correo;No recibe correos;Resuelto;Mesa de ayuda;Ana Torres;Logística Central;Cusco;Externo;24;48.0;No;2;2.0
TCK-00393;2025-04-26;2025-04-26;Web;Alta;Correo;No recibe correos;Cerrado;Aplicaciones;Patricia León;Corporación Sierra;Cusco;Interno;8;19.0;No;0;1.0
TCK-00394;2025-09-15;2025-09-19;Correo;Baja;Redes;Lentitud de red;Cerrado;Soporte ERP;Camila Núñez;Distribuidora Horizonte;Trujillo;Externo;48;106.0;No;4;1.0
TCK-00395;2025-06-23;2025-06-24;Chat;Media;Correo;No recibe correos;Resuelto;Seguridad;Ricardo Flores;Logística Central;Lima;Externo;24;32.0;No;1;3.0
TCK-00396;2025-12-26;2025-12-26;Correo;Media;Correo;Configuración de Outlook;Cancelado;Mesa de ayuda;María Paredes;Logística Central;Huancayo;Externo;24;;No aplica;0;
TCK-00397;2025-07-24;;Teléfono;Baja;Software;Instalación de programa;Abierto;Aplicaciones;Diego Vargas;Servicios Lima;Cusco;Externo;48;;No aplica;160;
TCK-00398;2025-04-04;2025-04-05;Chat;Media;Accesos;Cuenta bloqueada;Cerrado;Infraestructura;Carlos Medina;Servicios Lima;Arequipa;Interno;24;33.0;No;1;1.0
TCK-00399;2025-05-08;2025-05-09;Teléfono;Media;Hardware;Equipo lento;Cerrado;Seguridad;Ricardo Flores;Comercial Andina;Trujillo;Externo;24;44.0;No;1;2.0
TCK-00400;2025-10-22;2025-10-22;Chat;Media;Correo;Error de envío;Cancelado;Seguridad;Ricardo Flores;Grupo Pacífico;Lima;Externo;24;;No aplica;0;
TCK-00401;2025-10-04;2025-10-04;Correo;Media;CRM;Error de registro;Cerrado;Seguridad;Ricardo Flores;Distribuidora Horizonte;Arequipa;Interno;24;5.0;Sí;0;4.0
TCK-00402;2025-07-14;2025-07-15;Web;Media;Redes;Sin conexión;Resuelto;Soporte ERP;Camila Núñez;Servicios Lima;Arequipa;Externo;24;47.0;No;1;2.0
TCK-00403;2025-04-05;2025-04-05;Web;Alta;Redes;VPN;Resuelto;Seguridad;Valeria Rojas;Distribuidora Horizonte;Huancayo;Interno;8;20.0;No;0;3.0
TCK-00404;2025-04-28;2025-04-28;Teléfono;Media;Correo;Error de envío;Cerrado;Seguridad;Ricardo Flores;Grupo Pacífico;Huancayo;Externo;24;5.0;Sí;0;4.0
TCK-00405;2025-08-04;2025-08-06;Web;Baja;Correo;Configuración de Outlook;Cerrado;Aplicaciones;Diego Vargas;Logística Central;Arequipa;Interno;48;58.0;No;2;1.0
TCK-00406;2025-12-20;;Correo;Alta;CRM;Consulta de cliente;En progreso;Mesa de ayuda;Luis Ramos;Inversiones Sur;Arequipa;Externo;8;;No aplica;11;
TCK-00407;2025-07-04;;Web;Baja;Hardware;Falla de impresora;En progreso;Mesa de ayuda;Luis Ramos;Servicios Lima;Cusco;Interno;48;;No aplica;180;
TCK-00408;2025-05-26;2025-05-27;Web;Media;ERP;Consulta de proceso;Resuelto;Mesa de ayuda;Luis Ramos;Logística Central;Trujillo;Interno;24;25.0;No;1;3.0
TCK-00409;2025-06-22;2025-06-23;Web;Media;Hardware;Equipo lento;Resuelto;Infraestructura;Jorge Salazar;Servicios Lima;Arequipa;Externo;24;41.0;No;1;3.0
TCK-00410;2025-05-17;2025-05-17;Web;Media;CRM;Problema de sincronización;Cerrado;Soporte ERP;Camila Núñez;Corporación Sierra;Huancayo;Interno;24;6.0;Sí;0;4.0
TCK-00411;2025-05-01;2025-05-06;Teléfono;Baja;Hardware;Equipo lento;Resuelto;Infraestructura;Jorge Salazar;Retail Norte;Lima;Interno;48;120.0;No;5;2.0
TCK-00412;2025-10-08;2025-10-09;Correo;Baja;Hardware;Equipo lento;Resuelto;Aplicaciones;Lucía Herrera;Grupo Pacífico;Lima;Externo;48;47.0;Sí;1;4.0
TCK-00413;2025-05-07;;Teléfono;Media;Correo;No recibe correos;En progreso;Mesa de ayuda;Ana Torres;Inversiones Sur;Arequipa;Externo;24;;No aplica;238;
TCK-00414;2025-08-28;2025-08-30;Chat;Media;Accesos;Restablecimiento de contraseña;Resuelto;Soporte ERP;Fernando Díaz;Distribuidora Horizonte;Cusco;Externo;24;71.0;No;2;3.0
TCK-00415;2025-11-24;2025-11-25;Web;Baja;Software;Error de aplicación;Resuelto;Seguridad;Valeria Rojas;Inversiones Sur;Trujillo;Externo;48;27.0;Sí;1;5.0
TCK-00416;2025-01-06;2025-01-06;Correo;Baja;Redes;VPN;Cerrado;Seguridad;Ricardo Flores;Distribuidora Horizonte;Trujillo;Externo;48;9.0;Sí;0;5.0
TCK-00417;2025-05-30;2025-06-03;Web;Baja;Software;Instalación de programa;Resuelto;Soporte ERP;Camila Núñez;Corporación Sierra;Huancayo;Interno;48;99.0;No;4;3.0
TCK-00418;2025-11-27;;Web;Media;Accesos;Cuenta bloqueada;En progreso;Infraestructura;Elena Chávez;Logística Central;Arequipa;Externo;24;;No aplica;34;
TCK-00419;2025-07-31;;Correo;Crítica;Hardware;Cambio de periférico;En progreso;Seguridad;Valeria Rojas;Logística Central;Cusco;Externo;4;;No aplica;153;
TCK-00420;2025-04-07;2025-04-08;Correo;Alta;Hardware;Equipo lento;Cancelado;Mesa de ayuda;Luis Ramos;Logística Central;Huancayo;Externo;8;;No aplica;1;
TCK-00421;2025-01-05;2025-01-05;Correo;Alta;Redes;VPN;Resuelto;Aplicaciones;Diego Vargas;Inversiones Sur;Trujillo;Interno;8;12.0;No;0;1.0
TCK-00422;2025-03-16;;Correo;Baja;Accesos;Restablecimiento de contraseña;Abierto;Infraestructura;Jorge Salazar;Corporación Sierra;Lima;Interno;48;;No aplica;290;
TCK-00423;2025-05-08;;Web;Baja;Hardware;Equipo lento;En progreso;Seguridad;Ricardo Flores;Servicios Lima;Trujillo;Externo;48;;No aplica;237;
TCK-00424;2025-12-15;;Chat;Baja;ERP;Error en módulo;En progreso;Soporte ERP;Fernando Díaz;Logística Central;Trujillo;Externo;48;;No aplica;16;
TCK-00425;2025-04-12;2025-04-12;Web;Crítica;Hardware;Equipo lento;Resuelto;Seguridad;Valeria Rojas;Comercial Andina;Huancayo;Externo;4;10.0;No;0;1.0
TCK-00426;2025-07-22;;Teléfono;Crítica;CRM;Consulta de cliente;Abierto;Seguridad;Ricardo Flores;Inversiones Sur;Lima;Interno;4;;No aplica;162;
TCK-00427;2025-03-22;2025-03-22;Web;Media;CRM;Consulta de cliente;Resuelto;Mesa de ayuda;Ana Torres;Inversiones Sur;Huancayo;Interno;24;20.0;Sí;0;5.0
TCK-00428;2025-04-30;2025-05-01;Correo;Media;Redes;VPN;Resuelto;Infraestructura;Carlos Medina;Corporación Sierra;Arequipa;Interno;24;36.0;No;1;1.0
TCK-00429;2025-09-06;2025-09-07;Teléfono;Media;Accesos;Restablecimiento de contraseña;Resuelto;Soporte ERP;Fernando Díaz;Inversiones Sur;Arequipa;Externo;24;39.0;No;1;3.0
TCK-00430;2025-10-11;2025-10-12;Correo;Media;CRM;Problema de sincronización;Resuelto;Soporte ERP;Camila Núñez;Distribuidora Horizonte;Lima;Externo;24;27.0;No;1;1.0
TCK-00431;2025-11-14;;Chat;Baja;ERP;Error en módulo;En progreso;Soporte ERP;Camila Núñez;Servicios Lima;Cusco;Externo;48;;No aplica;47;
TCK-00432;2025-10-10;2025-10-10;Correo;Alta;Redes;Sin conexión;Resuelto;Mesa de ayuda;María Paredes;Retail Norte;Lima;Interno;8;7.0;Sí;0;4.0
TCK-00433;2025-04-14;;Correo;Alta;ERP;Consulta de proceso;Abierto;Seguridad;Valeria Rojas;Comercial Andina;Arequipa;Interno;8;;No aplica;261;
TCK-00434;2025-11-07;2025-11-07;Teléfono;Crítica;ERP;Consulta de proceso;Cerrado;Mesa de ayuda;Luis Ramos;Comercial Andina;Arequipa;Externo;4;6.0;No;0;3.0
TCK-00435;2025-01-30;;Teléfono;Alta;Hardware;Falla de impresora;Abierto;Mesa de ayuda;Ana Torres;Retail Norte;Lima;Interno;8;;No aplica;335;
TCK-00436;2025-09-30;2025-09-30;Web;Alta;Correo;Configuración de Outlook;Resuelto;Infraestructura;Elena Chávez;Corporación Sierra;Lima;Externo;8;23.0;No;0;2.0
TCK-00437;2025-12-26;;Teléfono;Baja;Software;Actualización fallida;En progreso;Seguridad;Valeria Rojas;Grupo Pacífico;Cusco;Externo;48;;No aplica;5;
TCK-00438;2025-06-30;2025-06-30;Chat;Media;CRM;Problema de sincronización;Cancelado;Seguridad;Valeria Rojas;Inversiones Sur;Cusco;Interno;24;;No aplica;0;
TCK-00439;2025-10-07;2025-10-08;Correo;Baja;Redes;VPN;Cerrado;Seguridad;Valeria Rojas;Corporación Sierra;Lima;Interno;48;44.0;Sí;1;4.0
TCK-00440;2025-09-23;;Correo;Baja;Software;Error de aplicación;Abierto;Aplicaciones;Patricia León;Logística Central;Cusco;Interno;48;;No aplica;99;
TCK-00441;2025-02-18;;Correo;Media;Redes;Lentitud de red;En progreso;Infraestructura;Carlos Medina;Logística Central;Arequipa;Interno;24;;No aplica;316;
TCK-00442;2025-10-20;2025-10-23;Web;Baja;ERP;Consulta de proceso;Cerrado;Seguridad;Ricardo Flores;Distribuidora Horizonte;Cusco;Interno;48;84.0;No;3;3.0
TCK-00443;2025-06-03;2025-06-07;Correo;Baja;CRM;Error de registro;Resuelto;Aplicaciones;Diego Vargas;Corporación Sierra;Trujillo;Interno;48;119.0;No;4;1.0
TCK-00444;2025-12-01;2025-12-03;Teléfono;Baja;ERP;Consulta de proceso;Resuelto;Mesa de ayuda;Luis Ramos;Comercial Andina;Arequipa;Interno;48;49.0;No;2;3.0
TCK-00445;2025-12-24;2025-12-24;Correo;Crítica;Accesos;Permisos de usuario;Cerrado;Soporte ERP;Fernando Díaz;Servicios Lima;Trujillo;Externo;4;7.0;No;0;1.0
TCK-00446;2025-03-09;2025-03-09;Correo;Media;Correo;Error de envío;Cerrado;Aplicaciones;Patricia León;Corporación Sierra;Cusco;Externo;24;20.0;Sí;0;4.0
TCK-00447;2025-09-04;2025-09-06;Web;Media;Software;Actualización fallida;Resuelto;Soporte ERP;Fernando Díaz;Servicios Lima;Lima;Externo;24;59.0;No;2;2.0
TCK-00448;2025-12-17;2025-12-17;Chat;Alta;Accesos;Permisos de usuario;Resuelto;Aplicaciones;Patricia León;Inversiones Sur;Arequipa;Interno;8;11.0;No;0;1.0
TCK-00449;2025-06-29;2025-07-03;Web;Baja;Software;Instalación de programa;Resuelto;Mesa de ayuda;Ana Torres;Servicios Lima;Arequipa;Interno;48;104.0;No;4;3.0
TCK-00450;2025-02-13;2025-02-13;Correo;Crítica;Software;Instalación de programa;Cerrado;Mesa de ayuda;Luis Ramos;Retail Norte;Arequipa;Externo;4;8.0;No;0;1.0
TCK-00451;2025-06-19;;Correo;Media;Correo;Error de envío;En progreso;Soporte ERP;Camila Núñez;Grupo Pacífico;Lima;Externo;24;;No aplica;195;
TCK-00452;2025-10-26;;Chat;Media;Hardware;Falla de impresora;En progreso;Infraestructura;Elena Chávez;Logística Central;Lima;Externo;24;;No aplica;66;
TCK-00453;2025-12-02;2025-12-02;Chat;Crítica;ERP;Problema de permisos;Resuelto;Aplicaciones;Patricia León;Comercial Andina;Arequipa;Externo;4;4.0;Sí;0;5.0
TCK-00454;2025-09-18;2025-09-18;Chat;Alta;CRM;Consulta de cliente;Resuelto;Soporte ERP;Fernando Díaz;Grupo Pacífico;Huancayo;Externo;8;19.0;No;0;3.0
TCK-00455;2025-01-12;2025-01-15;Correo;Baja;Accesos;Permisos de usuario;Resuelto;Infraestructura;Carlos Medina;Inversiones Sur;Arequipa;Externo;48;88.0;No;3;2.0
TCK-00456;2025-05-01;2025-05-02;Chat;Baja;Hardware;Cambio de periférico;Resuelto;Aplicaciones;Diego Vargas;Comercial Andina;Cusco;Externo;48;36.0;Sí;1;4.0
TCK-00457;2025-06-24;;Chat;Media;Accesos;Cuenta bloqueada;Abierto;Soporte ERP;Fernando Díaz;Corporación Sierra;Huancayo;Interno;24;;No aplica;190;
TCK-00458;2025-08-07;2025-08-11;Chat;Baja;Correo;No recibe correos;Resuelto;Infraestructura;Elena Chávez;Grupo Pacífico;Cusco;Interno;48;118.0;No;4;1.0
TCK-00459;2025-06-08;2025-06-09;Teléfono;Baja;Accesos;Restablecimiento de contraseña;Cerrado;Soporte ERP;Fernando Díaz;Inversiones Sur;Lima;Interno;48;31.0;Sí;1;5.0
TCK-00460;2025-03-16;2025-03-16;Teléfono;Baja;Accesos;Permisos de usuario;Cerrado;Aplicaciones;Diego Vargas;Logística Central;Huancayo;Interno;48;21.0;Sí;0;4.0
TCK-00461;2025-04-05;2025-04-07;Correo;Baja;Correo;Configuración de Outlook;Resuelto;Soporte ERP;Fernando Díaz;Servicios Lima;Huancayo;Interno;48;53.0;No;2;1.0
TCK-00462;2025-12-19;2025-12-19;Teléfono;Alta;Accesos;Cuenta bloqueada;Cerrado;Aplicaciones;Patricia León;Corporación Sierra;Trujillo;Externo;8;6.0;Sí;0;4.0
TCK-00463;2025-04-09;2025-04-09;Correo;Media;Redes;VPN;Cancelado;Infraestructura;Elena Chávez;Servicios Lima;Huancayo;Interno;24;;No aplica;0;
TCK-00464;2025-08-13;2025-08-14;Chat;Media;Accesos;Restablecimiento de contraseña;Resuelto;Seguridad;Valeria Rojas;Comercial Andina;Cusco;Externo;24;44.0;No;1;2.0
TCK-00465;2025-11-10;2025-11-10;Chat;Media;ERP;Problema de permisos;Resuelto;Mesa de ayuda;María Paredes;Retail Norte;Trujillo;Externo;24;9.0;Sí;0;4.0
TCK-00466;2025-09-23;;Web;Baja;Accesos;Cuenta bloqueada;Abierto;Mesa de ayuda;Ana Torres;Logística Central;Trujillo;Externo;48;;No aplica;99;
TCK-00467;2025-06-05;;Teléfono;Alta;Redes;Lentitud de red;En progreso;Mesa de ayuda;María Paredes;Grupo Pacífico;Trujillo;Externo;8;;No aplica;209;
TCK-00468;2025-02-16;2025-02-16;Teléfono;Alta;ERP;Problema de permisos;Cerrado;Infraestructura;Jorge Salazar;Corporación Sierra;Arequipa;Externo;8;2.0;Sí;0;4.0
TCK-00469;2025-08-21;;Web;Media;Accesos;Restablecimiento de contraseña;En progreso;Aplicaciones;Diego Vargas;Grupo Pacífico;Lima;Interno;24;;No aplica;132;
TCK-00470;2025-02-28;;Teléfono;Media;ERP;Consulta de proceso;Abierto;Soporte ERP;Fernando Díaz;Corporación Sierra;Cusco;Externo;24;;No aplica;306;
TCK-00471;2025-01-23;2025-01-24;Teléfono;Baja;ERP;Error en módulo;Resuelto;Infraestructura;Carlos Medina;Grupo Pacífico;Lima;Externo;48;47.0;Sí;1;5.0
TCK-00472;2025-08-17;2025-08-17;Correo;Alta;Software;Error de aplicación;Cerrado;Soporte ERP;Camila Núñez;Comercial Andina;Trujillo;Externo;8;17.0;No;0;3.0
TCK-00473;2025-01-03;;Web;Media;ERP;Consulta de proceso;En progreso;Seguridad;Valeria Rojas;Distribuidora Horizonte;Lima;Interno;24;;No aplica;362;
TCK-00474;2025-05-06;2025-05-06;Chat;Alta;CRM;Error de registro;Resuelto;Mesa de ayuda;Ana Torres;Grupo Pacífico;Lima;Externo;8;3.0;Sí;0;4.0
TCK-00475;2025-01-17;2025-01-20;Teléfono;Baja;Hardware;Equipo lento;Resuelto;Mesa de ayuda;Luis Ramos;Grupo Pacífico;Huancayo;Externo;48;86.0;No;3;3.0
TCK-00476;2025-12-21;2025-12-22;Teléfono;Media;Accesos;Cuenta bloqueada;Resuelto;Soporte ERP;Camila Núñez;Comercial Andina;Lima;Externo;24;45.0;No;1;2.0
TCK-00477;2025-07-14;2025-07-17;Teléfono;Baja;Hardware;Falla de impresora;Cerrado;Seguridad;Ricardo Flores;Retail Norte;Arequipa;Externo;48;75.0;No;3;2.0
TCK-00478;2025-09-26;;Correo;Alta;Correo;Configuración de Outlook;Abierto;Soporte ERP;Fernando Díaz;Distribuidora Horizonte;Cusco;Externo;8;;No aplica;96;
TCK-00479;2025-08-07;2025-08-09;Web;Media;Correo;Error de envío;Resuelto;Infraestructura;Elena Chávez;Distribuidora Horizonte;Cusco;Externo;24;67.0;No;2;1.0
TCK-00480;2025-11-09;;Correo;Alta;Hardware;Equipo lento;En progreso;Seguridad;Ricardo Flores;Servicios Lima;Cusco;Externo;8;;No aplica;52;
TCK-00481;2025-07-31;2025-08-01;Correo;Media;Software;Error de aplicación;Cerrado;Infraestructura;Elena Chávez;Logística Central;Arequipa;Interno;24;43.0;No;1;2.0
TCK-00482;2025-09-17;;Web;Baja;Redes;VPN;Abierto;Seguridad;Ricardo Flores;Grupo Pacífico;Huancayo;Externo;48;;No aplica;105;
TCK-00483;2025-06-23;2025-06-25;Chat;Media;Hardware;Cambio de periférico;Resuelto;Infraestructura;Jorge Salazar;Grupo Pacífico;Trujillo;Externo;24;63.0;No;2;2.0
TCK-00484;2025-01-29;2025-01-29;Teléfono;Alta;Redes;Lentitud de red;Cerrado;Soporte ERP;Fernando Díaz;Servicios Lima;Cusco;Externo;8;13.0;No;0;1.0
TCK-00485;2025-03-18;2025-03-18;Correo;Crítica;ERP;Problema de permisos;Cancelado;Infraestructura;Elena Chávez;Corporación Sierra;Huancayo;Interno;4;;No aplica;0;
TCK-00486;2025-12-28;2025-12-30;Chat;Media;Hardware;Falla de impresora;Resuelto;Infraestructura;Jorge Salazar;Distribuidora Horizonte;Arequipa;Interno;24;71.0;No;2;2.0
TCK-00487;2025-03-31;2025-04-01;Correo;Baja;Hardware;Falla de impresora;Cerrado;Soporte ERP;Fernando Díaz;Distribuidora Horizonte;Cusco;Interno;48;32.0;Sí;1;5.0
TCK-00488;2025-09-05;2025-09-07;Teléfono;Media;Software;Error de aplicación;Cerrado;Soporte ERP;Fernando Díaz;Servicios Lima;Lima;Externo;24;53.0;No;2;3.0
TCK-00489;2025-09-25;;Correo;Media;CRM;Consulta de cliente;Abierto;Mesa de ayuda;Luis Ramos;Distribuidora Horizonte;Lima;Interno;24;;No aplica;97;
TCK-00490;2025-09-24;;Teléfono;Media;CRM;Problema de sincronización;Abierto;Infraestructura;Jorge Salazar;Servicios Lima;Huancayo;Externo;24;;No aplica;98;
TCK-00491;2025-05-22;2025-05-23;Web;Baja;Redes;Sin conexión;Resuelto;Infraestructura;Jorge Salazar;Retail Norte;Lima;Interno;48;34.0;Sí;1;5.0
TCK-00492;2025-10-09;2025-10-09;Correo;Alta;Redes;Lentitud de red;Resuelto;Infraestructura;Carlos Medina;Retail Norte;Arequipa;Externo;8;19.0;No;0;2.0
TCK-00493;2025-01-26;2025-01-28;Correo;Media;Hardware;Falla de impresora;Resuelto;Mesa de ayuda;Ana Torres;Corporación Sierra;Trujillo;Interno;24;61.0;No;2;3.0
TCK-00494;2025-07-02;2025-07-02;Correo;Baja;ERP;Problema de permisos;Resuelto;Mesa de ayuda;Luis Ramos;Grupo Pacífico;Lima;Externo;48;20.0;Sí;0;5.0
TCK-00495;2025-06-08;2025-06-09;Teléfono;Media;Software;Error de aplicación;Resuelto;Infraestructura;Elena Chávez;Logística Central;Arequipa;Externo;24;27.0;No;1;3.0
TCK-00496;2025-12-07;2025-12-09;Correo;Baja;Accesos;Restablecimiento de contraseña;Resuelto;Mesa de ayuda;Luis Ramos;Retail Norte;Arequipa;Externo;48;67.0;No;2;1.0
TCK-00497;2025-05-25;;Teléfono;Media;Hardware;Falla de impresora;En progreso;Mesa de ayuda;Luis Ramos;Retail Norte;Arequipa;Externo;24;;No aplica;220;
TCK-00498;2025-07-25;;Web;Alta;Software;Instalación de programa;En progreso;Seguridad;Ricardo Flores;Inversiones Sur;Huancayo;Externo;8;;No aplica;159;
TCK-00499;2025-08-11;2025-08-12;Web;Media;Software;Actualización fallida;Resuelto;Mesa de ayuda;María Paredes;Distribuidora Horizonte;Lima;Externo;24;45.0;No;1;3.0
TCK-00500;2025-02-19;2025-02-19;Teléfono;Alta;Hardware;Cambio de periférico;Cancelado;Mesa de ayuda;María Paredes;Corporación Sierra;Arequipa;Externo;8;;No aplica;0;
TCK-00501;2025-12-05;;Correo;Alta;Correo;Configuración de Outlook;En progreso;Mesa de ayuda;Ana Torres;Grupo Pacífico;Trujillo;Externo;8;;No aplica;26;
TCK-00502;2025-07-19;;Web;Media;Redes;VPN;En progreso;Soporte ERP;Camila Núñez;Corporación Sierra;Arequipa;Interno;24;;No aplica;165;
TCK-00503;2025-10-26;2025-10-26;Correo;Baja;Software;Instalación de programa;Resuelto;Mesa de ayuda;Luis Ramos;Comercial Andina;Lima;Externo;48;22.0;Sí;0;5.0
TCK-00504;2025-01-16;2025-01-17;Correo;Media;Redes;Lentitud de red;Resuelto;Seguridad;Valeria Rojas;Corporación Sierra;Trujillo;Interno;24;26.0;No;1;2.0
TCK-00505;2025-03-13;2025-03-13;Correo;Media;CRM;Problema de sincronización;Cerrado;Infraestructura;Jorge Salazar;Grupo Pacífico;Huancayo;Interno;24;13.0;Sí;0;4.0
TCK-00506;2025-03-15;2025-03-16;Teléfono;Media;Software;Error de aplicación;Resuelto;Infraestructura;Elena Chávez;Corporación Sierra;Trujillo;Externo;24;27.0;No;1;2.0
TCK-00507;2025-09-18;2025-09-20;Web;Baja;Software;Error de aplicación;Resuelto;Seguridad;Ricardo Flores;Distribuidora Horizonte;Huancayo;Externo;48;60.0;No;2;3.0
TCK-00508;2025-10-23;2025-10-27;Web;Baja;ERP;Consulta de proceso;Resuelto;Mesa de ayuda;María Paredes;Distribuidora Horizonte;Lima;Interno;48;101.0;No;4;3.0
TCK-00509;2025-09-27;2025-09-30;Chat;Baja;Accesos;Cuenta bloqueada;Cerrado;Mesa de ayuda;María Paredes;Retail Norte;Huancayo;Externo;48;88.0;No;3;3.0
TCK-00510;2025-12-06;2025-12-06;Chat;Crítica;CRM;Consulta de cliente;Resuelto;Aplicaciones;Lucía Herrera;Comercial Andina;Arequipa;Interno;4;8.0;No;0;2.0
TCK-00511;2025-09-20;2025-09-21;Chat;Media;Redes;VPN;Resuelto;Aplicaciones;Patricia León;Comercial Andina;Cusco;Externo;24;37.0;No;1;1.0
TCK-00512;2025-11-19;;Web;Alta;Redes;Lentitud de red;Abierto;Soporte ERP;Fernando Díaz;Logística Central;Trujillo;Interno;8;;No aplica;42;
TCK-00513;2025-03-06;2025-03-09;Web;Baja;Software;Actualización fallida;Resuelto;Aplicaciones;Diego Vargas;Logística Central;Lima;Interno;48;85.0;No;3;1.0
TCK-00514;2025-10-30;2025-10-31;Teléfono;Media;Software;Instalación de programa;Resuelto;Infraestructura;Jorge Salazar;Grupo Pacífico;Cusco;Interno;24;47.0;No;1;1.0
TCK-00515;2025-03-16;2025-03-19;Web;Baja;CRM;Problema de sincronización;Cerrado;Seguridad;Ricardo Flores;Distribuidora Horizonte;Huancayo;Interno;48;81.0;No;3;3.0
TCK-00516;2025-06-26;2025-06-26;Correo;Alta;Hardware;Equipo lento;Cerrado;Seguridad;Valeria Rojas;Distribuidora Horizonte;Arequipa;Externo;8;19.0;No;0;1.0
TCK-00517;2025-07-14;;Teléfono;Media;Correo;Error de envío;En progreso;Mesa de ayuda;Luis Ramos;Distribuidora Horizonte;Trujillo;Externo;24;;No aplica;170;
TCK-00518;2025-09-29;2025-09-29;Teléfono;Crítica;ERP;Consulta de proceso;Cerrado;Seguridad;Valeria Rojas;Inversiones Sur;Arequipa;Externo;4;2.0;Sí;0;5.0
TCK-00519;2025-12-02;2025-12-02;Web;Media;Software;Actualización fallida;Resuelto;Soporte ERP;Fernando Díaz;Inversiones Sur;Huancayo;Externo;24;5.0;Sí;0;4.0
TCK-00520;2025-02-04;;Correo;Alta;Accesos;Permisos de usuario;Abierto;Infraestructura;Elena Chávez;Logística Central;Arequipa;Interno;8;;No aplica;330;
TCK-00521;2025-01-18;2025-01-18;Correo;Alta;ERP;Error en módulo;Cerrado;Soporte ERP;Fernando Díaz;Retail Norte;Lima;Interno;8;14.0;No;0;3.0
TCK-00522;2025-11-28;2025-11-29;Web;Baja;ERP;Error en módulo;Cerrado;Aplicaciones;Diego Vargas;Distribuidora Horizonte;Lima;Externo;48;43.0;Sí;1;5.0
TCK-00523;2025-12-21;2025-12-21;Chat;Baja;Software;Error de aplicación;Resuelto;Aplicaciones;Patricia León;Corporación Sierra;Trujillo;Externo;48;15.0;Sí;0;5.0
TCK-00524;2025-05-16;2025-05-16;Correo;Crítica;Software;Actualización fallida;Cancelado;Seguridad;Ricardo Flores;Distribuidora Horizonte;Lima;Interno;4;;No aplica;0;
TCK-00525;2025-08-09;2025-08-11;Correo;Media;ERP;Consulta de proceso;Cerrado;Mesa de ayuda;Ana Torres;Retail Norte;Lima;Externo;24;61.0;No;2;1.0
TCK-00526;2025-09-12;2025-09-14;Correo;Media;ERP;Consulta de proceso;Cerrado;Aplicaciones;Patricia León;Inversiones Sur;Trujillo;Interno;24;69.0;No;2;3.0
TCK-00527;2025-09-09;2025-09-09;Web;Media;CRM;Error de registro;Cerrado;Soporte ERP;Fernando Díaz;Comercial Andina;Trujillo;Externo;24;19.0;Sí;0;5.0
TCK-00528;2025-06-20;2025-06-21;Teléfono;Media;ERP;Error en módulo;Resuelto;Aplicaciones;Lucía Herrera;Inversiones Sur;Lima;Externo;24;41.0;No;1;3.0
TCK-00529;2025-04-14;2025-04-14;Correo;Crítica;Software;Instalación de programa;Resuelto;Seguridad;Ricardo Flores;Inversiones Sur;Trujillo;Interno;4;11.0;No;0;2.0
TCK-00530;2025-04-08;2025-04-08;Correo;Alta;Correo;No recibe correos;Resuelto;Seguridad;Valeria Rojas;Retail Norte;Cusco;Externo;8;17.0;No;0;3.0
TCK-00531;2025-08-19;2025-08-19;Chat;Crítica;Redes;Lentitud de red;Resuelto;Mesa de ayuda;Luis Ramos;Retail Norte;Huancayo;Externo;4;11.0;No;0;3.0
TCK-00532;2025-03-18;;Teléfono;Alta;ERP;Error en módulo;Abierto;Seguridad;Ricardo Flores;Distribuidora Horizonte;Cusco;Interno;8;;No aplica;288;
TCK-00533;2025-05-05;;Teléfono;Alta;Hardware;Falla de impresora;En progreso;Mesa de ayuda;Luis Ramos;Grupo Pacífico;Cusco;Interno;8;;No aplica;240;
TCK-00534;2025-02-24;2025-02-24;Correo;Media;Hardware;Equipo lento;Resuelto;Seguridad;Valeria Rojas;Corporación Sierra;Arequipa;Interno;24;21.0;Sí;0;5.0
TCK-00535;2025-04-20;2025-04-22;Teléfono;Media;Hardware;Falla de impresora;Resuelto;Infraestructura;Jorge Salazar;Grupo Pacífico;Arequipa;Interno;24;60.0;No;2;1.0
TCK-00536;2025-10-25;2025-10-25;Correo;Alta;Correo;Error de envío;Cerrado;Infraestructura;Carlos Medina;Distribuidora Horizonte;Lima;Interno;8;2.0;Sí;0;4.0
TCK-00537;2025-02-15;2025-02-17;Teléfono;Media;ERP;Consulta de proceso;Resuelto;Infraestructura;Carlos Medina;Grupo Pacífico;Arequipa;Externo;24;56.0;No;2;1.0
TCK-00538;2025-03-31;;Web;Crítica;Accesos;Cuenta bloqueada;En progreso;Mesa de ayuda;María Paredes;Logística Central;Arequipa;Externo;4;;No aplica;275;
TCK-00539;2025-01-03;2025-01-03;Web;Alta;Hardware;Cambio de periférico;Cancelado;Aplicaciones;Lucía Herrera;Servicios Lima;Trujillo;Interno;8;;No aplica;0;
TCK-00540;2025-01-28;2025-01-29;Correo;Baja;Accesos;Permisos de usuario;Resuelto;Infraestructura;Carlos Medina;Comercial Andina;Lima;Externo;48;44.0;Sí;1;4.0
TCK-00541;2025-08-11;2025-08-12;Correo;Media;Accesos;Restablecimiento de contraseña;Cerrado;Mesa de ayuda;María Paredes;Comercial Andina;Cusco;Interno;24;24.0;Sí;1;4.0
TCK-00542;2025-09-06;;Web;Crítica;Accesos;Cuenta bloqueada;En progreso;Soporte ERP;Camila Núñez;Corporación Sierra;Huancayo;Externo;4;;No aplica;116;
TCK-00543;2025-04-28;;Teléfono;Media;ERP;Consulta de proceso;Abierto;Infraestructura;Jorge Salazar;Servicios Lima;Lima;Externo;24;;No aplica;247;
TCK-00544;2025-10-27;;Web;Baja;Correo;Error de envío;En progreso;Infraestructura;Jorge Salazar;Inversiones Sur;Huancayo;Externo;48;;No aplica;65;
TCK-00545;2025-04-10;;Web;Baja;Software;Error de aplicación;En progreso;Soporte ERP;Fernando Díaz;Logística Central;Huancayo;Interno;48;;No aplica;265;
TCK-00546;2025-08-27;2025-08-27;Web;Alta;Redes;Lentitud de red;Resuelto;Infraestructura;Elena Chávez;Grupo Pacífico;Cusco;Interno;8;4.0;Sí;0;5.0
TCK-00547;2025-09-25;2025-09-27;Web;Baja;CRM;Problema de sincronización;Resuelto;Aplicaciones;Patricia León;Corporación Sierra;Huancayo;Interno;48;49.0;No;2;2.0
TCK-00548;2025-10-24;2025-10-26;Correo;Baja;Correo;No recibe correos;Cerrado;Seguridad;Ricardo Flores;Comercial Andina;Trujillo;Interno;48;62.0;No;2;3.0
TCK-00549;2025-07-21;2025-07-22;Web;Baja;Accesos;Permisos de usuario;Cerrado;Infraestructura;Carlos Medina;Comercial Andina;Trujillo;Interno;48;24.0;Sí;1;5.0
TCK-00550;2025-06-01;;Correo;Baja;ERP;Consulta de proceso;Abierto;Infraestructura;Elena Chávez;Distribuidora Horizonte;Cusco;Interno;48;;No aplica;213;
TCK-00551;2025-08-21;2025-08-21;Web;Alta;Software;Instalación de programa;Resuelto;Seguridad;Ricardo Flores;Retail Norte;Trujillo;Externo;8;18.0;No;0;1.0
TCK-00552;2025-06-01;2025-06-01;Web;Alta;Correo;Configuración de Outlook;Cerrado;Infraestructura;Elena Chávez;Retail Norte;Cusco;Externo;8;3.0;Sí;0;5.0
TCK-00553;2025-01-27;2025-01-27;Correo;Media;Redes;VPN;Resuelto;Infraestructura;Elena Chávez;Retail Norte;Cusco;Interno;24;21.0;Sí;0;5.0
TCK-00554;2025-05-03;2025-05-04;Web;Media;CRM;Consulta de cliente;Cerrado;Infraestructura;Elena Chávez;Servicios Lima;Arequipa;Externo;24;38.0;No;1;3.0
TCK-00555;2025-12-15;2025-12-15;Web;Crítica;Accesos;Permisos de usuario;Resuelto;Soporte ERP;Fernando Díaz;Distribuidora Horizonte;Cusco;Externo;4;8.0;No;0;3.0
TCK-00556;2025-07-08;2025-07-09;Teléfono;Baja;Hardware;Equipo lento;Cerrado;Seguridad;Ricardo Flores;Retail Norte;Trujillo;Interno;48;44.0;Sí;1;4.0
TCK-00557;2025-02-25;;Correo;Alta;Software;Error de aplicación;En progreso;Soporte ERP;Fernando Díaz;Logística Central;Trujillo;Interno;8;;No aplica;309;
TCK-00558;2025-08-31;2025-09-02;Correo;Media;Redes;Sin conexión;Resuelto;Mesa de ayuda;Ana Torres;Servicios Lima;Cusco;Externo;24;56.0;No;2;3.0
TCK-00559;2025-06-25;2025-06-29;Teléfono;Baja;ERP;Problema de permisos;Resuelto;Soporte ERP;Camila Núñez;Distribuidora Horizonte;Arequipa;Interno;48;109.0;No;4;2.0
TCK-00560;2025-03-29;2025-03-29;Teléfono;Alta;Redes;Sin conexión;Resuelto;Infraestructura;Jorge Salazar;Logística Central;Trujillo;Interno;8;21.0;No;0;1.0
TCK-00561;2025-12-31;;Web;Alta;ERP;Problema de permisos;En progreso;Infraestructura;Carlos Medina;Servicios Lima;Lima;Interno;8;;No aplica;0;
TCK-00562;2025-06-12;2025-06-14;Web;Media;Software;Actualización fallida;Resuelto;Mesa de ayuda;María Paredes;Inversiones Sur;Arequipa;Interno;24;51.0;No;2;2.0
TCK-00563;2025-10-04;;Chat;Media;Hardware;Falla de impresora;En progreso;Seguridad;Ricardo Flores;Distribuidora Horizonte;Arequipa;Interno;24;;No aplica;88;
TCK-00564;2025-01-03;2025-01-05;Chat;Media;ERP;Problema de permisos;Resuelto;Aplicaciones;Diego Vargas;Logística Central;Cusco;Interno;24;60.0;No;2;2.0
TCK-00565;2025-12-19;;Correo;Media;ERP;Problema de permisos;Abierto;Mesa de ayuda;Luis Ramos;Comercial Andina;Trujillo;Interno;24;;No aplica;12;
TCK-00566;2025-08-17;2025-08-17;Web;Media;Software;Actualización fallida;Resuelto;Soporte ERP;Fernando Díaz;Logística Central;Huancayo;Interno;24;14.0;Sí;0;5.0
TCK-00567;2025-12-13;2025-12-13;Teléfono;Alta;Software;Instalación de programa;Resuelto;Aplicaciones;Lucía Herrera;Comercial Andina;Arequipa;Externo;8;6.0;Sí;0;5.0
TCK-00568;2025-07-09;2025-07-09;Web;Crítica;Redes;VPN;Resuelto;Soporte ERP;Fernando Díaz;Servicios Lima;Trujillo;Externo;4;8.0;No;0;2.0
TCK-00569;2025-03-25;2025-03-27;Teléfono;Baja;Accesos;Restablecimiento de contraseña;Resuelto;Soporte ERP;Fernando Díaz;Grupo Pacífico;Huancayo;Externo;48;68.0;No;2;3.0
TCK-00570;2025-06-21;2025-06-25;Correo;Baja;Hardware;Equipo lento;Cerrado;Seguridad;Valeria Rojas;Corporación Sierra;Huancayo;Externo;48;98.0;No;4;3.0
TCK-00571;2025-03-12;2025-03-13;Correo;Baja;Accesos;Restablecimiento de contraseña;Resuelto;Aplicaciones;Lucía Herrera;Logística Central;Trujillo;Externo;48;36.0;Sí;1;4.0
TCK-00572;2025-01-02;2025-01-04;Correo;Media;ERP;Consulta de proceso;Resuelto;Mesa de ayuda;María Paredes;Logística Central;Trujillo;Interno;24;66.0;No;2;3.0
TCK-00573;2025-11-27;2025-11-27;Correo;Alta;Hardware;Cambio de periférico;Resuelto;Aplicaciones;Lucía Herrera;Distribuidora Horizonte;Cusco;Externo;8;10.0;No;0;3.0
TCK-00574;2025-12-18;;Web;Media;Correo;Configuración de Outlook;Abierto;Soporte ERP;Fernando Díaz;Logística Central;Huancayo;Interno;24;;No aplica;13;
TCK-00575;2025-03-16;;Correo;Baja;Software;Error de aplicación;En progreso;Aplicaciones;Diego Vargas;Corporación Sierra;Arequipa;Interno;48;;No aplica;290;
TCK-00576;2025-05-29;;Correo;Media;Software;Actualización fallida;Abierto;Infraestructura;Carlos Medina;Grupo Pacífico;Cusco;Externo;24;;No aplica;216;
TCK-00577;2025-06-11;2025-06-11;Teléfono;Media;ERP;Problema de permisos;Resuelto;Aplicaciones;Patricia León;Inversiones Sur;Huancayo;Interno;24;21.0;Sí;0;5.0
TCK-00578;2025-07-10;2025-07-12;Teléfono;Media;Software;Error de aplicación;Cerrado;Infraestructura;Carlos Medina;Servicios Lima;Huancayo;Interno;24;57.0;No;2;2.0
TCK-00579;2025-02-09;;Correo;Alta;Redes;VPN;Abierto;Aplicaciones;Patricia León;Distribuidora Horizonte;Cusco;Externo;8;;No aplica;325;
TCK-00580;2025-03-30;2025-03-30;Teléfono;Crítica;Software;Error de aplicación;Cerrado;Infraestructura;Elena Chávez;Servicios Lima;Arequipa;Interno;4;4.0;Sí;0;4.0
TCK-00581;2025-02-10;;Web;Baja;Hardware;Falla de impresora;Abierto;Seguridad;Ricardo Flores;Servicios Lima;Lima;Interno;48;;No aplica;324;
TCK-00582;2025-12-04;;Web;Crítica;Redes;Sin conexión;Abierto;Mesa de ayuda;Luis Ramos;Comercial Andina;Lima;Interno;4;;No aplica;27;
TCK-00583;2025-11-05;;Correo;Baja;Redes;Sin conexión;En progreso;Mesa de ayuda;Ana Torres;Logística Central;Cusco;Externo;48;;No aplica;56;
TCK-00584;2025-06-30;2025-07-02;Correo;Media;Software;Actualización fallida;Cerrado;Soporte ERP;Fernando Díaz;Retail Norte;Cusco;Interno;24;71.0;No;2;1.0
TCK-00585;2025-04-09;2025-04-09;Chat;Alta;Hardware;Cambio de periférico;Cerrado;Mesa de ayuda;Ana Torres;Distribuidora Horizonte;Arequipa;Interno;8;16.0;No;0;3.0
TCK-00586;2025-02-24;2025-02-26;Correo;Media;Software;Actualización fallida;Resuelto;Infraestructura;Jorge Salazar;Retail Norte;Arequipa;Interno;24;63.0;No;2;1.0
TCK-00587;2025-09-24;2025-09-26;Correo;Baja;Correo;Configuración de Outlook;Resuelto;Mesa de ayuda;Ana Torres;Inversiones Sur;Trujillo;Interno;48;57.0;No;2;2.0
TCK-00588;2025-08-22;2025-08-22;Web;Media;Accesos;Restablecimiento de contraseña;Cancelado;Soporte ERP;Camila Núñez;Logística Central;Trujillo;Interno;24;;No aplica;0;
TCK-00589;2025-09-01;;Chat;Media;ERP;Consulta de proceso;Abierto;Mesa de ayuda;Luis Ramos;Distribuidora Horizonte;Cusco;Interno;24;;No aplica;121;
TCK-00590;2025-03-03;2025-03-04;Correo;Media;Hardware;Cambio de periférico;Resuelto;Infraestructura;Carlos Medina;Inversiones Sur;Huancayo;Externo;24;29.0;No;1;3.0
TCK-00591;2025-07-26;2025-07-29;Correo;Baja;Redes;Lentitud de red;Cerrado;Soporte ERP;Camila Núñez;Corporación Sierra;Arequipa;Externo;48;93.0;No;3;3.0
TCK-00592;2025-07-27;;Chat;Media;Accesos;Restablecimiento de contraseña;En progreso;Mesa de ayuda;Luis Ramos;Distribuidora Horizonte;Trujillo;Interno;24;;No aplica;157;
TCK-00593;2025-11-18;2025-11-18;Chat;Crítica;CRM;Error de registro;Cerrado;Seguridad;Ricardo Flores;Grupo Pacífico;Trujillo;Externo;4;3.0;Sí;0;5.0
TCK-00594;2025-11-15;2025-11-18;Web;Baja;Correo;Error de envío;Resuelto;Seguridad;Ricardo Flores;Logística Central;Trujillo;Externo;48;72.0;No;3;2.0
TCK-00595;2025-10-05;2025-10-09;Correo;Baja;CRM;Error de registro;Resuelto;Seguridad;Ricardo Flores;Corporación Sierra;Trujillo;Externo;48;117.0;No;4;2.0
TCK-00596;2025-08-15;2025-08-15;Web;Crítica;CRM;Problema de sincronización;Resuelto;Infraestructura;Jorge Salazar;Corporación Sierra;Huancayo;Externo;4;12.0;No;0;2.0
TCK-00597;2025-09-07;2025-09-09;Teléfono;Media;Correo;Configuración de Outlook;Resuelto;Soporte ERP;Camila Núñez;Distribuidora Horizonte;Cusco;Interno;24;68.0;No;2;1.0
TCK-00598;2025-07-20;2025-07-20;Correo;Media;ERP;Consulta de proceso;Resuelto;Aplicaciones;Diego Vargas;Comercial Andina;Lima;Interno;24;20.0;Sí;0;5.0
TCK-00599;2025-06-28;2025-06-30;Teléfono;Media;ERP;Consulta de proceso;Cerrado;Seguridad;Ricardo Flores;Corporación Sierra;Arequipa;Externo;24;56.0;No;2;2.0
TCK-00600;2025-01-29;2025-01-29;Teléfono;Alta;Correo;No recibe correos;Resuelto;Mesa de ayuda;Luis Ramos;Retail Norte;Arequipa;Interno;8;2.0;Sí;0;5.0
TCK-00601;2025-01-20;2025-01-22;Web;Baja;Accesos;Permisos de usuario;Resuelto;Mesa de ayuda;María Paredes;Distribuidora Horizonte;Cusco;Interno;48;48.0;Sí;2;5.0
TCK-00602;2025-10-20;2025-10-21;Web;Media;Hardware;Cambio de periférico;Cerrado;Infraestructura;Jorge Salazar;Distribuidora Horizonte;Cusco;Externo;24;25.0;No;1;3.0
TCK-00603;2025-06-03;2025-06-04;Web;Media;CRM;Error de registro;Resuelto;Soporte ERP;Fernando Díaz;Logística Central;Arequipa;Interno;24;42.0;No;1;3.0
TCK-00604;2025-07-25;2025-07-25;Teléfono;Media;ERP;Problema de permisos;Cancelado;Mesa de ayuda;María Paredes;Inversiones Sur;Arequipa;Interno;24;;No aplica;0;
TCK-00605;2025-09-29;2025-09-29;Web;Alta;ERP;Consulta de proceso;Cerrado;Soporte ERP;Camila Núñez;Corporación Sierra;Cusco;Externo;8;8.0;Sí;0;5.0
TCK-00606;2025-07-25;2025-07-26;Correo;Media;Correo;No recibe correos;Resuelto;Mesa de ayuda;María Paredes;Grupo Pacífico;Cusco;Externo;24;31.0;No;1;3.0
TCK-00607;2025-08-28;2025-08-28;Correo;Media;CRM;Problema de sincronización;Cerrado;Soporte ERP;Fernando Díaz;Servicios Lima;Arequipa;Externo;24;22.0;Sí;0;4.0
TCK-00608;2025-03-19;2025-03-23;Teléfono;Baja;Accesos;Permisos de usuario;Cerrado;Mesa de ayuda;María Paredes;Servicios Lima;Trujillo;Externo;48;113.0;No;4;2.0
TCK-00609;2025-11-27;;Correo;Media;Software;Error de aplicación;En progreso;Infraestructura;Carlos Medina;Comercial Andina;Huancayo;Externo;24;;No aplica;34;
TCK-00610;2025-08-26;2025-08-30;Web;Baja;Hardware;Equipo lento;Resuelto;Infraestructura;Jorge Salazar;Grupo Pacífico;Lima;Externo;48;109.0;No;4;2.0
TCK-00611;2025-12-04;;Web;Media;ERP;Consulta de proceso;Abierto;Mesa de ayuda;Ana Torres;Retail Norte;Arequipa;Externo;24;;No aplica;27;
TCK-00612;2025-02-02;2025-02-04;Chat;Media;ERP;Error en módulo;Resuelto;Seguridad;Ricardo Flores;Servicios Lima;Lima;Interno;24;70.0;No;2;3.0
TCK-00613;2025-10-25;;Chat;Baja;Hardware;Equipo lento;En progreso;Soporte ERP;Fernando Díaz;Inversiones Sur;Arequipa;Externo;48;;No aplica;67;
TCK-00614;2025-05-01;;Chat;Alta;Software;Instalación de programa;Abierto;Seguridad;Valeria Rojas;Logística Central;Cusco;Interno;8;;No aplica;244;
TCK-00615;2025-09-09;;Web;Media;Correo;Error de envío;Abierto;Seguridad;Ricardo Flores;Logística Central;Huancayo;Externo;24;;No aplica;113;
TCK-00616;2025-09-01;;Teléfono;Baja;Correo;No recibe correos;Abierto;Mesa de ayuda;María Paredes;Servicios Lima;Arequipa;Externo;48;;No aplica;121;
TCK-00617;2025-06-08;2025-06-10;Web;Media;ERP;Error en módulo;Cerrado;Soporte ERP;Fernando Díaz;Distribuidora Horizonte;Trujillo;Interno;24;54.0;No;2;2.0
TCK-00618;2025-06-04;;Correo;Baja;Software;Error de aplicación;En progreso;Seguridad;Valeria Rojas;Corporación Sierra;Lima;Externo;48;;No aplica;210;
TCK-00619;2025-02-11;2025-02-13;Teléfono;Baja;Accesos;Permisos de usuario;Resuelto;Seguridad;Ricardo Flores;Grupo Pacífico;Arequipa;Interno;48;53.0;No;2;2.0
TCK-00620;2025-11-05;2025-11-05;Teléfono;Media;ERP;Error en módulo;Resuelto;Mesa de ayuda;María Paredes;Grupo Pacífico;Trujillo;Interno;24;4.0;Sí;0;5.0
TCK-00621;2025-04-13;;Web;Media;Software;Error de aplicación;Abierto;Soporte ERP;Fernando Díaz;Corporación Sierra;Arequipa;Externo;24;;No aplica;262;
TCK-00622;2025-09-02;;Chat;Alta;Correo;Error de envío;En progreso;Aplicaciones;Patricia León;Retail Norte;Trujillo;Externo;8;;No aplica;120;
TCK-00623;2025-04-04;2025-04-05;Web;Media;Correo;No recibe correos;Cerrado;Mesa de ayuda;Ana Torres;Servicios Lima;Lima;Externo;24;29.0;No;1;2.0
TCK-00624;2025-12-26;2025-12-26;Chat;Crítica;Correo;Error de envío;Resuelto;Infraestructura;Carlos Medina;Inversiones Sur;Huancayo;Interno;4;1.0;Sí;0;5.0
TCK-00625;2025-08-21;;Teléfono;Media;Software;Error de aplicación;En progreso;Aplicaciones;Diego Vargas;Distribuidora Horizonte;Trujillo;Interno;24;;No aplica;132;
TCK-00626;2025-08-09;2025-08-09;Chat;Media;Redes;Lentitud de red;Cancelado;Infraestructura;Jorge Salazar;Grupo Pacífico;Trujillo;Interno;24;;No aplica;0;
TCK-00627;2025-05-29;2025-05-29;Chat;Alta;Software;Instalación de programa;Resuelto;Soporte ERP;Camila Núñez;Retail Norte;Lima;Externo;8;6.0;Sí;0;5.0
TCK-00628;2025-12-21;2025-12-21;Web;Alta;Accesos;Cuenta bloqueada;Resuelto;Soporte ERP;Camila Núñez;Retail Norte;Lima;Interno;8;3.0;Sí;0;5.0
TCK-00629;2025-05-01;2025-05-02;Web;Media;ERP;Problema de permisos;Resuelto;Mesa de ayuda;Ana Torres;Logística Central;Cusco;Externo;24;42.0;No;1;2.0
TCK-00630;2025-12-10;2025-12-11;Web;Baja;Correo;No recibe correos;Resuelto;Aplicaciones;Patricia León;Distribuidora Horizonte;Arequipa;Externo;48;24.0;Sí;1;4.0
TCK-00631;2025-06-12;;Teléfono;Media;Redes;Sin conexión;En progreso;Infraestructura;Jorge Salazar;Logística Central;Arequipa;Externo;24;;No aplica;202;
TCK-00632;2025-05-25;2025-05-25;Chat;Alta;Redes;Lentitud de red;Cerrado;Aplicaciones;Diego Vargas;Grupo Pacífico;Arequipa;Externo;8;6.0;Sí;0;5.0
TCK-00633;2025-01-28;;Correo;Crítica;Accesos;Permisos de usuario;En progreso;Infraestructura;Elena Chávez;Distribuidora Horizonte;Trujillo;Interno;4;;No aplica;337;
TCK-00634;2025-09-11;2025-09-11;Correo;Media;Accesos;Permisos de usuario;Resuelto;Seguridad;Ricardo Flores;Grupo Pacífico;Lima;Externo;24;15.0;Sí;0;4.0
TCK-00635;2025-05-26;2025-05-26;Correo;Alta;Redes;Lentitud de red;Resuelto;Soporte ERP;Fernando Díaz;Comercial Andina;Cusco;Interno;8;15.0;No;0;1.0
TCK-00636;2025-05-07;2025-05-08;Teléfono;Media;Hardware;Falla de impresora;Cerrado;Mesa de ayuda;Luis Ramos;Inversiones Sur;Cusco;Interno;24;45.0;No;1;1.0
TCK-00637;2025-01-15;2025-01-18;Correo;Baja;Accesos;Cuenta bloqueada;Resuelto;Aplicaciones;Lucía Herrera;Comercial Andina;Arequipa;Interno;48;91.0;No;3;3.0
TCK-00638;2025-08-20;2025-08-20;Correo;Media;CRM;Consulta de cliente;Cerrado;Infraestructura;Carlos Medina;Comercial Andina;Arequipa;Externo;24;11.0;Sí;0;4.0
TCK-00639;2025-10-08;2025-10-10;Chat;Media;Software;Error de aplicación;Resuelto;Seguridad;Ricardo Flores;Comercial Andina;Huancayo;Interno;24;53.0;No;2;2.0
TCK-00640;2025-05-26;;Web;Baja;Redes;VPN;En progreso;Seguridad;Valeria Rojas;Grupo Pacífico;Arequipa;Interno;48;;No aplica;219;
TCK-00641;2025-07-08;2025-07-09;Web;Media;Accesos;Permisos de usuario;Cerrado;Soporte ERP;Camila Núñez;Retail Norte;Trujillo;Externo;24;27.0;No;1;2.0
TCK-00642;2025-11-19;2025-11-19;Web;Crítica;Accesos;Cuenta bloqueada;Resuelto;Infraestructura;Elena Chávez;Grupo Pacífico;Trujillo;Interno;4;5.0;No;0;2.0
TCK-00643;2025-08-12;2025-08-15;Correo;Baja;Software;Actualización fallida;Resuelto;Aplicaciones;Patricia León;Corporación Sierra;Arequipa;Interno;48;78.0;No;3;1.0
TCK-00644;2025-01-24;2025-01-26;Web;Media;Accesos;Cuenta bloqueada;Resuelto;Soporte ERP;Camila Núñez;Inversiones Sur;Arequipa;Interno;24;68.0;No;2;1.0
TCK-00645;2025-02-28;2025-03-02;Teléfono;Media;CRM;Problema de sincronización;Cerrado;Mesa de ayuda;Ana Torres;Corporación Sierra;Arequipa;Externo;24;62.0;No;2;3.0
TCK-00646;2025-08-19;2025-08-19;Web;Alta;CRM;Error de registro;Cancelado;Infraestructura;Carlos Medina;Retail Norte;Cusco;Externo;8;;No aplica;0;
TCK-00647;2025-02-24;2025-02-24;Web;Crítica;Hardware;Equipo lento;Resuelto;Seguridad;Valeria Rojas;Corporación Sierra;Cusco;Externo;4;5.0;No;0;3.0
TCK-00648;2025-11-12;2025-11-12;Web;Media;Accesos;Permisos de usuario;Resuelto;Mesa de ayuda;Ana Torres;Grupo Pacífico;Lima;Interno;24;18.0;Sí;0;4.0
TCK-00649;2025-12-23;;Chat;Baja;ERP;Error en módulo;En progreso;Infraestructura;Jorge Salazar;Servicios Lima;Lima;Externo;48;;No aplica;8;
TCK-00650;2025-08-26;;Correo;Media;Software;Actualización fallida;Abierto;Seguridad;Valeria Rojas;Distribuidora Horizonte;Lima;Externo;24;;No aplica;127;
TCK-00651;2025-10-27;2025-10-27;Correo;Alta;Accesos;Restablecimiento de contraseña;Cerrado;Aplicaciones;Patricia León;Retail Norte;Trujillo;Externo;8;17.0;No;0;3.0
TCK-00652;2025-10-24;2025-10-26;Web;Media;Accesos;Permisos de usuario;Resuelto;Seguridad;Valeria Rojas;Servicios Lima;Lima;Interno;24;58.0;No;2;3.0
TCK-00653;2025-06-11;2025-06-11;Web;Alta;Accesos;Restablecimiento de contraseña;Resuelto;Seguridad;Valeria Rojas;Distribuidora Horizonte;Trujillo;Interno;8;7.0;Sí;0;5.0
TCK-00654;2025-04-09;2025-04-11;Web;Media;Correo;Configuración de Outlook;Resuelto;Aplicaciones;Lucía Herrera;Distribuidora Horizonte;Huancayo;Externo;24;53.0;No;2;2.0
TCK-00655;2025-12-11;2025-12-11;Teléfono;Media;CRM;Error de registro;Resuelto;Soporte ERP;Fernando Díaz;Logística Central;Lima;Externo;24;20.0;Sí;0;4.0
TCK-00656;2025-04-13;2025-04-14;Correo;Media;Accesos;Permisos de usuario;Cerrado;Infraestructura;Carlos Medina;Comercial Andina;Lima;Externo;24;37.0;No;1;2.0
TCK-00657;2025-12-13;2025-12-13;Correo;Baja;Hardware;Equipo lento;Cerrado;Aplicaciones;Diego Vargas;Retail Norte;Cusco;Interno;48;23.0;Sí;0;4.0
TCK-00658;2025-09-07;2025-09-09;Correo;Media;Hardware;Cambio de periférico;Resuelto;Aplicaciones;Patricia León;Retail Norte;Lima;Externo;24;62.0;No;2;1.0
TCK-00659;2025-02-24;2025-02-25;Teléfono;Media;Hardware;Cambio de periférico;Cerrado;Mesa de ayuda;María Paredes;Retail Norte;Huancayo;Interno;24;30.0;No;1;2.0
TCK-00660;2025-03-22;2025-03-22;Teléfono;Media;Accesos;Cuenta bloqueada;Cerrado;Mesa de ayuda;Ana Torres;Inversiones Sur;Arequipa;Interno;24;19.0;Sí;0;4.0
TCK-00661;2025-08-13;;Chat;Baja;CRM;Problema de sincronización;Abierto;Aplicaciones;Diego Vargas;Grupo Pacífico;Lima;Externo;48;;No aplica;140;
TCK-00662;2025-07-10;2025-07-12;Teléfono;Media;Software;Error de aplicación;Resuelto;Soporte ERP;Camila Núñez;Servicios Lima;Huancayo;Externo;24;56.0;No;2;2.0
TCK-00663;2025-08-23;2025-08-24;Chat;Media;Hardware;Falla de impresora;Resuelto;Infraestructura;Carlos Medina;Retail Norte;Lima;Externo;24;44.0;No;1;2.0
TCK-00664;2025-03-26;;Web;Media;ERP;Error en módulo;Abierto;Soporte ERP;Fernando Díaz;Logística Central;Trujillo;Externo;24;;No aplica;280;
TCK-00665;2025-12-15;2025-12-18;Teléfono;Baja;Redes;VPN;Cerrado;Mesa de ayuda;Luis Ramos;Grupo Pacífico;Trujillo;Externo;48;90.0;No;3;1.0
TCK-00666;2025-10-06;2025-10-09;Web;Media;Redes;Lentitud de red;Resuelto;Seguridad;Ricardo Flores;Logística Central;Lima;Interno;24;72.0;No;3;2.0
TCK-00667;2025-07-19;;Teléfono;Media;Correo;Error de envío;En progreso;Infraestructura;Carlos Medina;Logística Central;Cusco;Externo;24;;No aplica;165;
TCK-00668;2025-11-22;2025-11-22;Correo;Crítica;Correo;Error de envío;Cerrado;Infraestructura;Jorge Salazar;Corporación Sierra;Cusco;Interno;4;12.0;No;0;1.0
TCK-00669;2025-07-10;;Correo;Media;CRM;Consulta de cliente;En progreso;Mesa de ayuda;Luis Ramos;Logística Central;Cusco;Interno;24;;No aplica;174;
TCK-00670;2025-08-21;2025-08-21;Correo;Alta;Correo;Configuración de Outlook;Cerrado;Soporte ERP;Fernando Díaz;Inversiones Sur;Arequipa;Externo;8;23.0;No;0;3.0
TCK-00671;2025-10-21;2025-10-21;Teléfono;Media;Software;Error de aplicación;Resuelto;Aplicaciones;Lucía Herrera;Servicios Lima;Arequipa;Externo;24;16.0;Sí;0;4.0
TCK-00672;2025-12-31;;Web;Media;Accesos;Restablecimiento de contraseña;Abierto;Seguridad;Ricardo Flores;Distribuidora Horizonte;Lima;Externo;24;;No aplica;0;
TCK-00673;2025-12-13;2025-12-15;Web;Media;Accesos;Permisos de usuario;Resuelto;Soporte ERP;Camila Núñez;Corporación Sierra;Trujillo;Externo;24;57.0;No;2;1.0
TCK-00674;2025-03-15;2025-03-15;Web;Media;ERP;Problema de permisos;Resuelto;Soporte ERP;Fernando Díaz;Servicios Lima;Trujillo;Externo;24;8.0;Sí;0;4.0
TCK-00675;2025-10-14;2025-10-14;Web;Baja;Accesos;Restablecimiento de contraseña;Resuelto;Mesa de ayuda;Luis Ramos;Logística Central;Lima;Interno;48;23.0;Sí;0;5.0
TCK-00676;2025-06-06;2025-06-07;Chat;Media;CRM;Error de registro;Resuelto;Infraestructura;Elena Chávez;Corporación Sierra;Lima;Externo;24;40.0;No;1;1.0
TCK-00677;2025-04-04;;Teléfono;Media;Redes;Sin conexión;En progreso;Mesa de ayuda;Luis Ramos;Distribuidora Horizonte;Cusco;Externo;24;;No aplica;271;
TCK-00678;2025-10-17;2025-10-19;Web;Media;CRM;Consulta de cliente;Resuelto;Soporte ERP;Fernando Díaz;Grupo Pacífico;Cusco;Externo;24;61.0;No;2;3.0
TCK-00679;2025-08-18;;Correo;Media;Correo;Configuración de Outlook;Abierto;Soporte ERP;Camila Núñez;Corporación Sierra;Huancayo;Externo;24;;No aplica;135;
TCK-00680;2025-06-23;2025-06-26;Web;Baja;ERP;Consulta de proceso;Cerrado;Mesa de ayuda;Ana Torres;Comercial Andina;Cusco;Externo;48;79.0;No;3;3.0
TCK-00681;2025-03-05;2025-03-05;Web;Alta;Correo;Configuración de Outlook;Cancelado;Mesa de ayuda;María Paredes;Servicios Lima;Trujillo;Interno;8;;No aplica;0;
TCK-00682;2025-12-04;;Chat;Alta;CRM;Error de registro;Abierto;Infraestructura;Elena Chávez;Distribuidora Horizonte;Lima;Externo;8;;No aplica;27;
TCK-00683;2025-07-25;2025-07-27;Web;Media;Redes;VPN;Cerrado;Infraestructura;Jorge Salazar;Comercial Andina;Cusco;Externo;24;52.0;No;2;2.0
TCK-00684;2025-02-16;;Correo;Alta;Software;Error de aplicación;En progreso;Aplicaciones;Patricia León;Grupo Pacífico;Arequipa;Externo;8;;No aplica;318;
TCK-00685;2025-12-14;2025-12-14;Correo;Media;Hardware;Cambio de periférico;Resuelto;Mesa de ayuda;Luis Ramos;Corporación Sierra;Lima;Externo;24;22.0;Sí;0;5.0
TCK-00686;2025-06-15;2025-06-15;Correo;Baja;Hardware;Equipo lento;Cerrado;Infraestructura;Elena Chávez;Servicios Lima;Trujillo;Externo;48;22.0;Sí;0;5.0
TCK-00687;2025-02-01;;Correo;Media;Hardware;Falla de impresora;Abierto;Infraestructura;Carlos Medina;Logística Central;Cusco;Interno;24;;No aplica;333;
TCK-00688;2025-05-07;;Teléfono;Media;Correo;Error de envío;En progreso;Seguridad;Ricardo Flores;Servicios Lima;Huancayo;Externo;24;;No aplica;238;
TCK-00689;2025-10-04;2025-10-07;Chat;Baja;Accesos;Cuenta bloqueada;Resuelto;Seguridad;Ricardo Flores;Comercial Andina;Trujillo;Externo;48;91.0;No;3;1.0
TCK-00690;2025-01-01;2025-01-01;Correo;Baja;Redes;Lentitud de red;Resuelto;Seguridad;Valeria Rojas;Servicios Lima;Cusco;Externo;48;13.0;Sí;0;4.0
TCK-00691;2025-10-01;2025-10-02;Web;Media;Hardware;Equipo lento;Resuelto;Soporte ERP;Camila Núñez;Corporación Sierra;Huancayo;Externo;24;47.0;No;1;3.0
TCK-00692;2025-05-14;2025-05-14;Chat;Media;ERP;Consulta de proceso;Resuelto;Aplicaciones;Patricia León;Distribuidora Horizonte;Cusco;Externo;24;6.0;Sí;0;4.0
TCK-00693;2025-11-27;;Chat;Media;Hardware;Cambio de periférico;Abierto;Infraestructura;Jorge Salazar;Distribuidora Horizonte;Trujillo;Interno;24;;No aplica;34;
TCK-00694;2025-11-29;2025-12-01;Teléfono;Media;CRM;Consulta de cliente;Cerrado;Seguridad;Ricardo Flores;Inversiones Sur;Trujillo;Externo;24;53.0;No;2;1.0
TCK-00695;2025-12-23;2025-12-23;Chat;Alta;Software;Instalación de programa;Resuelto;Mesa de ayuda;Ana Torres;Comercial Andina;Arequipa;Externo;8;8.0;Sí;0;4.0
TCK-00696;2025-11-11;;Web;Baja;Accesos;Permisos de usuario;En progreso;Mesa de ayuda;Luis Ramos;Distribuidora Horizonte;Cusco;Interno;48;;No aplica;50;
TCK-00697;2025-01-04;2025-01-07;Correo;Baja;CRM;Problema de sincronización;Resuelto;Soporte ERP;Camila Núñez;Grupo Pacífico;Cusco;Interno;48;92.0;No;3;3.0
TCK-00698;2025-10-17;;Teléfono;Media;Correo;No recibe correos;En progreso;Mesa de ayuda;Ana Torres;Logística Central;Cusco;Interno;24;;No aplica;75;
TCK-00699;2025-09-25;2025-09-25;Teléfono;Alta;Hardware;Cambio de periférico;Cerrado;Soporte ERP;Camila Núñez;Distribuidora Horizonte;Lima;Externo;8;22.0;No;0;3.0
TCK-00700;2025-11-29;2025-12-02;Correo;Baja;Accesos;Permisos de usuario;Resuelto;Mesa de ayuda;María Paredes;Distribuidora Horizonte;Trujillo;Externo;48;74.0;No;3;1.0
TCK-00701;2025-04-25;2025-04-29;Correo;Baja;Redes;Sin conexión;Resuelto;Seguridad;Ricardo Flores;Inversiones Sur;Lima;Interno;48;102.0;No;4;1.0
TCK-00702;2025-12-20;;Web;Crítica;Software;Instalación de programa;En progreso;Aplicaciones;Patricia León;Retail Norte;Lima;Externo;4;;No aplica;11;
TCK-00703;2025-08-10;2025-08-10;Teléfono;Media;Redes;VPN;Resuelto;Infraestructura;Carlos Medina;Distribuidora Horizonte;Huancayo;Externo;24;10.0;Sí;0;5.0
TCK-00704;2025-09-24;2025-09-24;Teléfono;Baja;Correo;Error de envío;Cerrado;Mesa de ayuda;María Paredes;Distribuidora Horizonte;Cusco;Interno;48;18.0;Sí;0;4.0
TCK-00705;2025-01-18;2025-01-18;Web;Baja;CRM;Error de registro;Resuelto;Mesa de ayuda;Luis Ramos;Comercial Andina;Arequipa;Externo;48;16.0;Sí;0;4.0
TCK-00706;2025-12-13;2025-12-13;Correo;Crítica;Accesos;Restablecimiento de contraseña;Cerrado;Soporte ERP;Camila Núñez;Servicios Lima;Cusco;Interno;4;8.0;No;0;2.0
TCK-00707;2025-08-26;2025-08-26;Teléfono;Baja;Redes;Lentitud de red;Resuelto;Mesa de ayuda;Luis Ramos;Inversiones Sur;Cusco;Interno;48;21.0;Sí;0;4.0
TCK-00708;2025-01-07;2025-01-07;Web;Crítica;Software;Actualización fallida;Cerrado;Infraestructura;Elena Chávez;Logística Central;Arequipa;Externo;4;8.0;No;0;3.0
TCK-00709;2025-11-14;2025-11-14;Web;Alta;Hardware;Equipo lento;Cerrado;Aplicaciones;Lucía Herrera;Corporación Sierra;Cusco;Externo;8;11.0;No;0;3.0
TCK-00710;2025-10-05;2025-10-05;Teléfono;Alta;Redes;VPN;Resuelto;Aplicaciones;Patricia León;Grupo Pacífico;Lima;Interno;8;18.0;No;0;3.0
TCK-00711;2025-01-28;;Web;Alta;Software;Error de aplicación;En progreso;Aplicaciones;Patricia León;Distribuidora Horizonte;Trujillo;Externo;8;;No aplica;337;
TCK-00712;2025-10-24;2025-10-24;Web;Media;Redes;Sin conexión;Resuelto;Mesa de ayuda;Luis Ramos;Comercial Andina;Trujillo;Interno;24;4.0;Sí;0;4.0
TCK-00713;2025-12-21;;Correo;Media;ERP;Consulta de proceso;En progreso;Seguridad;Ricardo Flores;Corporación Sierra;Huancayo;Interno;24;;No aplica;10;
TCK-00714;2025-07-05;2025-07-06;Correo;Media;Software;Instalación de programa;Resuelto;Seguridad;Ricardo Flores;Inversiones Sur;Lima;Interno;24;29.0;No;1;1.0
TCK-00715;2025-05-26;2025-05-30;Correo;Baja;Redes;Lentitud de red;Resuelto;Infraestructura;Carlos Medina;Servicios Lima;Lima;Interno;48;115.0;No;4;2.0
TCK-00716;2025-02-21;2025-02-23;Correo;Media;CRM;Error de registro;Resuelto;Aplicaciones;Patricia León;Logística Central;Trujillo;Interno;24;51.0;No;2;2.0
TCK-00717;2025-12-05;2025-12-06;Correo;Media;Correo;Error de envío;Cerrado;Mesa de ayuda;Ana Torres;Grupo Pacífico;Huancayo;Interno;24;28.0;No;1;3.0
TCK-00718;2025-07-13;2025-07-13;Teléfono;Media;ERP;Error en módulo;Resuelto;Mesa de ayuda;María Paredes;Servicios Lima;Cusco;Externo;24;23.0;Sí;0;5.0
TCK-00719;2025-05-07;2025-05-11;Correo;Baja;CRM;Consulta de cliente;Cerrado;Soporte ERP;Camila Núñez;Servicios Lima;Lima;Externo;48;109.0;No;4;3.0
TCK-00720;2025-11-11;2025-11-13;Correo;Media;ERP;Problema de permisos;Cerrado;Aplicaciones;Diego Vargas;Distribuidora Horizonte;Huancayo;Externo;24;51.0;No;2;3.0
TCK-00721;2025-12-22;2025-12-24;Web;Baja;Correo;Error de envío;Resuelto;Soporte ERP;Fernando Díaz;Servicios Lima;Huancayo;Interno;48;65.0;No;2;1.0
TCK-00722;2025-07-22;2025-07-23;Correo;Media;Software;Instalación de programa;Resuelto;Aplicaciones;Lucía Herrera;Retail Norte;Huancayo;Interno;24;41.0;No;1;2.0
TCK-00723;2025-09-23;2025-09-25;Web;Media;Correo;Error de envío;Resuelto;Seguridad;Valeria Rojas;Distribuidora Horizonte;Trujillo;Externo;24;51.0;No;2;2.0
TCK-00724;2025-06-12;2025-06-12;Correo;Crítica;Redes;Lentitud de red;Resuelto;Mesa de ayuda;Luis Ramos;Retail Norte;Arequipa;Interno;4;5.0;No;0;1.0
TCK-00725;2025-02-20;2025-02-20;Correo;Media;Redes;Sin conexión;Resuelto;Aplicaciones;Diego Vargas;Logística Central;Arequipa;Interno;24;21.0;Sí;0;5.0
TCK-00726;2025-01-05;2025-01-05;Teléfono;Alta;Accesos;Permisos de usuario;Resuelto;Soporte ERP;Fernando Díaz;Distribuidora Horizonte;Cusco;Interno;8;14.0;No;0;1.0
TCK-00727;2025-04-27;;Teléfono;Alta;Correo;Configuración de Outlook;En progreso;Seguridad;Valeria Rojas;Inversiones Sur;Lima;Externo;8;;No aplica;248;
TCK-00728;2025-04-07;2025-04-08;Web;Baja;Accesos;Permisos de usuario;Resuelto;Soporte ERP;Fernando Díaz;Inversiones Sur;Huancayo;Interno;48;47.0;Sí;1;4.0
TCK-00729;2025-09-13;2025-09-16;Teléfono;Baja;Accesos;Permisos de usuario;Resuelto;Seguridad;Valeria Rojas;Inversiones Sur;Cusco;Interno;48;80.0;No;3;1.0
TCK-00730;2025-03-13;2025-03-13;Correo;Baja;ERP;Problema de permisos;Resuelto;Soporte ERP;Camila Núñez;Corporación Sierra;Huancayo;Externo;48;16.0;Sí;0;5.0
TCK-00731;2025-04-07;2025-04-07;Web;Media;ERP;Consulta de proceso;Cancelado;Mesa de ayuda;Ana Torres;Retail Norte;Cusco;Interno;24;;No aplica;0;
TCK-00732;2025-12-19;;Web;Crítica;Accesos;Permisos de usuario;En progreso;Infraestructura;Carlos Medina;Logística Central;Cusco;Interno;4;;No aplica;12;
TCK-00733;2025-08-21;;Correo;Media;CRM;Problema de sincronización;En progreso;Seguridad;Ricardo Flores;Retail Norte;Huancayo;Externo;24;;No aplica;132;
TCK-00734;2025-09-02;2025-09-03;Teléfono;Media;Software;Error de aplicación;Cerrado;Infraestructura;Jorge Salazar;Corporación Sierra;Trujillo;Interno;24;43.0;No;1;3.0
TCK-00735;2025-04-14;2025-04-16;Web;Media;Hardware;Equipo lento;Resuelto;Seguridad;Ricardo Flores;Corporación Sierra;Cusco;Interno;24;71.0;No;2;2.0
TCK-00736;2025-10-19;2025-10-21;Chat;Media;ERP;Error en módulo;Resuelto;Aplicaciones;Lucía Herrera;Distribuidora Horizonte;Arequipa;Externo;24;54.0;No;2;3.0
TCK-00737;2025-03-31;2025-03-31;Web;Alta;Accesos;Permisos de usuario;Resuelto;Seguridad;Ricardo Flores;Retail Norte;Trujillo;Interno;8;9.0;No;0;1.0
TCK-00738;2025-05-21;2025-05-23;Chat;Media;Hardware;Cambio de periférico;Resuelto;Infraestructura;Jorge Salazar;Corporación Sierra;Cusco;Interno;24;51.0;No;2;1.0
TCK-00739;2025-02-23;2025-02-23;Web;Baja;Software;Instalación de programa;Resuelto;Infraestructura;Elena Chávez;Comercial Andina;Trujillo;Interno;48;17.0;Sí;0;5.0
TCK-00740;2025-07-15;;Correo;Media;Hardware;Equipo lento;En progreso;Aplicaciones;Patricia León;Grupo Pacífico;Arequipa;Externo;24;;No aplica;169;
TCK-00741;2025-09-06;2025-09-06;Web;Alta;ERP;Consulta de proceso;Resuelto;Infraestructura;Jorge Salazar;Logística Central;Huancayo;Interno;8;2.0;Sí;0;4.0
TCK-00742;2025-04-01;2025-04-03;Correo;Media;Hardware;Cambio de periférico;Resuelto;Mesa de ayuda;María Paredes;Logística Central;Huancayo;Externo;24;49.0;No;2;1.0
TCK-00743;2025-04-21;2025-04-23;Teléfono;Baja;Accesos;Cuenta bloqueada;Resuelto;Mesa de ayuda;María Paredes;Retail Norte;Trujillo;Externo;48;64.0;No;2;1.0
TCK-00744;2025-11-03;2025-11-03;Correo;Baja;Software;Instalación de programa;Cerrado;Infraestructura;Carlos Medina;Retail Norte;Lima;Externo;48;11.0;Sí;0;4.0
TCK-00745;2025-06-22;;Teléfono;Media;Hardware;Cambio de periférico;Abierto;Infraestructura;Elena Chávez;Grupo Pacífico;Lima;Externo;24;;No aplica;192;
TCK-00746;2025-09-20;2025-09-21;Correo;Media;Software;Actualización fallida;Resuelto;Infraestructura;Elena Chávez;Corporación Sierra;Trujillo;Interno;24;33.0;No;1;1.0
TCK-00747;2025-02-24;2025-02-24;Web;Alta;Redes;Sin conexión;Resuelto;Seguridad;Ricardo Flores;Distribuidora Horizonte;Huancayo;Interno;8;23.0;No;0;2.0
TCK-00748;2025-11-29;2025-11-29;Web;Crítica;Accesos;Permisos de usuario;Cerrado;Soporte ERP;Camila Núñez;Retail Norte;Cusco;Interno;4;5.0;No;0;1.0
TCK-00749;2025-11-04;2025-11-04;Correo;Media;CRM;Consulta de cliente;Resuelto;Infraestructura;Jorge Salazar;Grupo Pacífico;Arequipa;Externo;24;12.0;Sí;0;5.0
TCK-00750;2025-01-10;2025-01-10;Web;Media;ERP;Problema de permisos;Resuelto;Infraestructura;Elena Chávez;Comercial Andina;Huancayo;Interno;24;19.0;Sí;0;5.0
TCK-00751;2025-05-02;2025-05-04;Teléfono;Baja;Hardware;Equipo lento;Resuelto;Aplicaciones;Diego Vargas;Logística Central;Huancayo;Interno;48;56.0;No;2;1.0
TCK-00752;2025-11-25;2025-11-28;Correo;Baja;Accesos;Cuenta bloqueada;Resuelto;Aplicaciones;Patricia León;Logística Central;Arequipa;Interno;48;74.0;No;3;2.0
TCK-00753;2025-11-28;;Teléfono;Baja;ERP;Consulta de proceso;En progreso;Aplicaciones;Patricia León;Servicios Lima;Cusco;Interno;48;;No aplica;33;
TCK-00754;2025-12-07;2025-12-07;Chat;Baja;Software;Actualización fallida;Resuelto;Seguridad;Valeria Rojas;Grupo Pacífico;Trujillo;Interno;48;16.0;Sí;0;5.0
TCK-00755;2025-02-05;2025-02-05;Chat;Crítica;Software;Error de aplicación;Cancelado;Mesa de ayuda;Ana Torres;Servicios Lima;Huancayo;Interno;4;;No aplica;0;
TCK-00756;2025-08-28;;Correo;Media;Software;Actualización fallida;En progreso;Infraestructura;Jorge Salazar;Logística Central;Cusco;Externo;24;;No aplica;125;
TCK-00757;2025-11-22;2025-11-25;Correo;Baja;Redes;VPN;Resuelto;Seguridad;Ricardo Flores;Distribuidora Horizonte;Trujillo;Externo;48;72.0;No;3;3.0
TCK-00758;2025-08-10;2025-08-13;Teléfono;Baja;Hardware;Falla de impresora;Cerrado;Seguridad;Ricardo Flores;Logística Central;Cusco;Interno;48;78.0;No;3;3.0
TCK-00759;2025-03-31;2025-04-02;Correo;Media;Accesos;Cuenta bloqueada;Resuelto;Soporte ERP;Camila Núñez;Retail Norte;Arequipa;Interno;24;64.0;No;2;1.0
TCK-00760;2025-03-21;2025-03-21;Chat;Crítica;ERP;Problema de permisos;Cerrado;Aplicaciones;Diego Vargas;Corporación Sierra;Trujillo;Externo;4;12.0;No;0;2.0
TCK-00761;2025-07-16;2025-07-17;Web;Media;Accesos;Restablecimiento de contraseña;Resuelto;Mesa de ayuda;Luis Ramos;Grupo Pacífico;Huancayo;Externo;24;36.0;No;1;3.0
TCK-00762;2025-06-28;2025-06-28;Web;Media;ERP;Error en módulo;Resuelto;Seguridad;Valeria Rojas;Servicios Lima;Huancayo;Externo;24;8.0;Sí;0;5.0
TCK-00763;2025-11-20;2025-11-20;Teléfono;Crítica;Software;Instalación de programa;Resuelto;Soporte ERP;Camila Núñez;Grupo Pacífico;Arequipa;Interno;4;10.0;No;0;3.0
TCK-00764;2025-12-06;2025-12-06;Teléfono;Crítica;ERP;Problema de permisos;Cerrado;Seguridad;Valeria Rojas;Retail Norte;Cusco;Interno;4;7.0;No;0;1.0
TCK-00765;2025-08-07;2025-08-07;Correo;Media;ERP;Consulta de proceso;Cancelado;Soporte ERP;Camila Núñez;Corporación Sierra;Lima;Interno;24;;No aplica;0;
TCK-00766;2025-10-21;;Teléfono;Media;ERP;Error en módulo;En progreso;Seguridad;Valeria Rojas;Comercial Andina;Huancayo;Externo;24;;No aplica;71;
TCK-00767;2025-01-01;2025-01-03;Correo;Baja;Accesos;Cuenta bloqueada;Resuelto;Aplicaciones;Lucía Herrera;Corporación Sierra;Huancayo;Interno;48;55.0;No;2;1.0
TCK-00768;2025-12-27;2025-12-28;Correo;Media;Hardware;Falla de impresora;Resuelto;Soporte ERP;Fernando Díaz;Grupo Pacífico;Huancayo;Interno;24;27.0;No;1;1.0
TCK-00769;2025-05-13;2025-05-13;Chat;Baja;Correo;No recibe correos;Resuelto;Infraestructura;Carlos Medina;Logística Central;Lima;Externo;48;23.0;Sí;0;5.0
TCK-00770;2025-02-02;2025-02-02;Correo;Media;ERP;Error en módulo;Resuelto;Mesa de ayuda;Ana Torres;Logística Central;Lima;Interno;24;16.0;Sí;0;4.0
TCK-00771;2025-09-25;2025-09-26;Teléfono;Media;CRM;Problema de sincronización;Resuelto;Seguridad;Valeria Rojas;Inversiones Sur;Cusco;Externo;24;47.0;No;1;2.0
TCK-00772;2025-12-16;2025-12-20;Chat;Baja;Redes;Lentitud de red;Cerrado;Seguridad;Valeria Rojas;Comercial Andina;Arequipa;Externo;48;111.0;No;4;1.0
TCK-00773;2025-01-02;2025-01-04;Web;Media;Software;Error de aplicación;Cerrado;Soporte ERP;Fernando Díaz;Logística Central;Huancayo;Externo;24;61.0;No;2;3.0
TCK-00774;2025-12-18;2025-12-20;Teléfono;Media;Software;Error de aplicación;Resuelto;Aplicaciones;Patricia León;Inversiones Sur;Lima;Externo;24;60.0;No;2;1.0
TCK-00775;2025-11-07;2025-11-07;Web;Media;Redes;VPN;Cerrado;Seguridad;Ricardo Flores;Corporación Sierra;Arequipa;Interno;24;22.0;Sí;0;4.0
TCK-00776;2025-03-07;2025-03-07;Web;Alta;Correo;Error de envío;Cerrado;Infraestructura;Jorge Salazar;Retail Norte;Trujillo;Interno;8;9.0;No;0;1.0
TCK-00777;2025-03-29;;Teléfono;Media;Accesos;Cuenta bloqueada;Abierto;Mesa de ayuda;Ana Torres;Inversiones Sur;Trujillo;Externo;24;;No aplica;277;
TCK-00778;2025-04-23;2025-04-23;Teléfono;Media;ERP;Error en módulo;Cancelado;Infraestructura;Elena Chávez;Distribuidora Horizonte;Lima;Externo;24;;No aplica;0;
TCK-00779;2025-10-22;2025-10-22;Teléfono;Media;Accesos;Cuenta bloqueada;Resuelto;Seguridad;Valeria Rojas;Servicios Lima;Huancayo;Externo;24;18.0;Sí;0;5.0
TCK-00780;2025-02-14;2025-02-16;Correo;Media;Software;Actualización fallida;Resuelto;Mesa de ayuda;María Paredes;Inversiones Sur;Huancayo;Externo;24;52.0;No;2;3.0
TCK-00781;2025-01-01;;Correo;Media;Accesos;Permisos de usuario;En progreso;Aplicaciones;Diego Vargas;Grupo Pacífico;Cusco;Interno;24;;No aplica;364;
TCK-00782;2025-02-24;2025-02-24;Web;Media;Software;Instalación de programa;Resuelto;Infraestructura;Jorge Salazar;Distribuidora Horizonte;Huancayo;Externo;24;22.0;Sí;0;4.0
TCK-00783;2025-11-03;2025-11-05;Correo;Media;Redes;Lentitud de red;Resuelto;Soporte ERP;Camila Núñez;Servicios Lima;Trujillo;Externo;24;52.0;No;2;1.0
TCK-00784;2025-06-20;2025-06-21;Correo;Media;CRM;Error de registro;Cerrado;Mesa de ayuda;Ana Torres;Distribuidora Horizonte;Trujillo;Externo;24;24.0;Sí;1;4.0
TCK-00785;2025-10-08;2025-10-10;Web;Media;Redes;VPN;Resuelto;Seguridad;Ricardo Flores;Logística Central;Arequipa;Interno;24;54.0;No;2;1.0
TCK-00786;2025-03-09;2025-03-11;Correo;Baja;Hardware;Cambio de periférico;Cerrado;Aplicaciones;Diego Vargas;Grupo Pacífico;Cusco;Interno;48;64.0;No;2;3.0
TCK-00787;2025-09-05;;Correo;Alta;ERP;Error en módulo;En progreso;Mesa de ayuda;Luis Ramos;Retail Norte;Huancayo;Externo;8;;No aplica;117;
TCK-00788;2025-08-07;;Teléfono;Alta;Redes;VPN;Abierto;Infraestructura;Carlos Medina;Retail Norte;Cusco;Externo;8;;No aplica;146;
TCK-00789;2025-10-31;2025-11-01;Web;Alta;Software;Error de aplicación;Cerrado;Mesa de ayuda;Ana Torres;Corporación Sierra;Trujillo;Externo;8;24.0;No;1;3.0
TCK-00790;2025-03-30;2025-04-01;Teléfono;Media;CRM;Consulta de cliente;Resuelto;Mesa de ayuda;Luis Ramos;Corporación Sierra;Arequipa;Externo;24;51.0;No;2;1.0
TCK-00791;2025-03-03;2025-03-03;Correo;Alta;Correo;No recibe correos;Resuelto;Mesa de ayuda;María Paredes;Distribuidora Horizonte;Arequipa;Interno;8;20.0;No;0;1.0
TCK-00792;2025-07-16;2025-07-18;Web;Media;Correo;No recibe correos;Resuelto;Mesa de ayuda;Luis Ramos;Retail Norte;Cusco;Interno;24;55.0;No;2;3.0
TCK-00793;2025-01-11;2025-01-12;Web;Baja;Correo;Error de envío;Cerrado;Mesa de ayuda;María Paredes;Retail Norte;Huancayo;Interno;48;31.0;Sí;1;4.0
TCK-00794;2025-01-03;;Web;Baja;Software;Actualización fallida;En progreso;Infraestructura;Elena Chávez;Grupo Pacífico;Lima;Externo;48;;No aplica;362;
TCK-00795;2025-01-18;2025-01-18;Correo;Alta;Correo;No recibe correos;Resuelto;Seguridad;Ricardo Flores;Servicios Lima;Arequipa;Interno;8;18.0;No;0;2.0
TCK-00796;2025-12-04;2025-12-04;Web;Alta;Redes;Lentitud de red;Resuelto;Aplicaciones;Lucía Herrera;Servicios Lima;Lima;Interno;8;9.0;No;0;1.0
TCK-00797;2025-04-07;;Correo;Baja;Software;Actualización fallida;En progreso;Soporte ERP;Fernando Díaz;Inversiones Sur;Arequipa;Interno;48;;No aplica;268;
TCK-00798;2025-11-15;;Web;Media;ERP;Error en módulo;En progreso;Seguridad;Valeria Rojas;Retail Norte;Arequipa;Externo;24;;No aplica;46;
TCK-00799;2025-12-22;2025-12-22;Correo;Alta;Redes;Lentitud de red;Resuelto;Infraestructura;Elena Chávez;Inversiones Sur;Cusco;Interno;8;15.0;No;0;1.0
TCK-00800;2025-06-11;;Chat;Media;Correo;No recibe correos;Abierto;Mesa de ayuda;Luis Ramos;Retail Norte;Cusco;Interno;24;;No aplica;203;
TCK-00801;2025-12-17;2025-12-17;Web;Crítica;Redes;VPN;Resuelto;Aplicaciones;Patricia León;Servicios Lima;Arequipa;Interno;4;2.0;Sí;0;5.0
TCK-00802;2025-04-24;2025-04-25;Web;Alta;Software;Actualización fallida;Cerrado;Aplicaciones;Lucía Herrera;Distribuidora Horizonte;Lima;Externo;8;24.0;No;1;3.0
TCK-00803;2025-05-25;2025-05-27;Web;Media;Software;Instalación de programa;Cerrado;Seguridad;Ricardo Flores;Inversiones Sur;Cusco;Externo;24;65.0;No;2;3.0
TCK-00804;2025-03-07;2025-03-08;Correo;Media;ERP;Error en módulo;Resuelto;Infraestructura;Jorge Salazar;Logística Central;Lima;Externo;24;35.0;No;1;3.0
TCK-00805;2025-11-08;2025-11-09;Web;Media;Redes;VPN;Resuelto;Soporte ERP;Camila Núñez;Logística Central;Trujillo;Interno;24;43.0;No;1;3.0
TCK-00806;2025-02-14;2025-02-14;Chat;Media;Hardware;Cambio de periférico;Resuelto;Mesa de ayuda;Ana Torres;Servicios Lima;Lima;Interno;24;11.0;Sí;0;4.0
TCK-00807;2025-05-27;2025-05-29;Web;Media;Accesos;Cuenta bloqueada;Cerrado;Soporte ERP;Fernando Díaz;Distribuidora Horizonte;Trujillo;Interno;24;55.0;No;2;1.0
TCK-00808;2025-11-12;;Correo;Baja;Accesos;Cuenta bloqueada;Abierto;Soporte ERP;Camila Núñez;Servicios Lima;Cusco;Interno;48;;No aplica;49;
TCK-00809;2025-11-07;2025-11-07;Web;Alta;CRM;Consulta de cliente;Cerrado;Infraestructura;Carlos Medina;Retail Norte;Arequipa;Interno;8;18.0;No;0;2.0
TCK-00810;2025-01-27;2025-01-29;Web;Media;Hardware;Falla de impresora;Resuelto;Infraestructura;Elena Chávez;Retail Norte;Arequipa;Externo;24;65.0;No;2;2.0
TCK-00811;2025-05-16;2025-05-16;Correo;Media;Software;Instalación de programa;Resuelto;Soporte ERP;Fernando Díaz;Distribuidora Horizonte;Cusco;Externo;24;11.0;Sí;0;5.0
TCK-00812;2025-01-04;2025-01-06;Web;Media;Hardware;Falla de impresora;Resuelto;Infraestructura;Jorge Salazar;Inversiones Sur;Lima;Interno;24;59.0;No;2;2.0
TCK-00813;2025-04-12;;Correo;Media;Hardware;Falla de impresora;En progreso;Mesa de ayuda;Ana Torres;Logística Central;Huancayo;Externo;24;;No aplica;263;
TCK-00814;2025-07-22;2025-07-24;Web;Media;Correo;Error de envío;Cerrado;Mesa de ayuda;Luis Ramos;Distribuidora Horizonte;Huancayo;Interno;24;49.0;No;2;3.0
TCK-00815;2025-08-11;2025-08-15;Correo;Baja;Hardware;Equipo lento;Resuelto;Aplicaciones;Patricia León;Grupo Pacífico;Trujillo;Externo;48;103.0;No;4;2.0
TCK-00816;2025-01-17;2025-01-17;Correo;Alta;ERP;Consulta de proceso;Resuelto;Mesa de ayuda;Luis Ramos;Distribuidora Horizonte;Cusco;Externo;8;23.0;No;0;3.0
TCK-00817;2025-03-07;2025-03-08;Correo;Baja;Correo;Configuración de Outlook;Cerrado;Seguridad;Ricardo Flores;Retail Norte;Lima;Interno;48;24.0;Sí;1;4.0
TCK-00818;2025-06-26;;Web;Baja;ERP;Consulta de proceso;En progreso;Seguridad;Ricardo Flores;Corporación Sierra;Trujillo;Externo;48;;No aplica;188;
TCK-00819;2025-05-25;;Web;Baja;Software;Actualización fallida;En progreso;Soporte ERP;Fernando Díaz;Servicios Lima;Arequipa;Interno;48;;No aplica;220;
TCK-00820;2025-05-15;2025-05-15;Chat;Alta;Software;Instalación de programa;Cerrado;Mesa de ayuda;María Paredes;Grupo Pacífico;Huancayo;Interno;8;9.0;No;0;1.0
TCK-00821;2025-03-09;;Web;Alta;Software;Instalación de programa;En progreso;Mesa de ayuda;María Paredes;Servicios Lima;Lima;Interno;8;;No aplica;297;
TCK-00822;2025-07-14;2025-07-14;Web;Media;Software;Error de aplicación;Resuelto;Aplicaciones;Diego Vargas;Distribuidora Horizonte;Lima;Externo;24;10.0;Sí;0;5.0
TCK-00823;2025-02-26;2025-02-26;Correo;Alta;Accesos;Restablecimiento de contraseña;Resuelto;Aplicaciones;Patricia León;Grupo Pacífico;Lima;Interno;8;3.0;Sí;0;5.0
TCK-00824;2025-04-19;2025-04-19;Correo;Alta;Accesos;Restablecimiento de contraseña;Resuelto;Aplicaciones;Diego Vargas;Inversiones Sur;Arequipa;Externo;8;5.0;Sí;0;4.0
TCK-00825;2025-12-09;2025-12-10;Correo;Media;Redes;VPN;Cerrado;Aplicaciones;Lucía Herrera;Inversiones Sur;Huancayo;Externo;24;30.0;No;1;3.0
TCK-00826;2025-07-16;2025-07-16;Correo;Alta;Correo;No recibe correos;Resuelto;Mesa de ayuda;María Paredes;Servicios Lima;Huancayo;Externo;8;5.0;Sí;0;4.0
TCK-00827;2025-10-07;2025-10-09;Web;Media;CRM;Error de registro;Resuelto;Soporte ERP;Fernando Díaz;Comercial Andina;Huancayo;Interno;24;57.0;No;2;3.0
TCK-00828;2025-12-31;2026-01-02;Correo;Baja;Correo;Error de envío;Cerrado;Aplicaciones;Diego Vargas;Retail Norte;Trujillo;Interno;48;69.0;No;2;2.0
TCK-00829;2025-09-26;;Chat;Media;Correo;Error de envío;Abierto;Infraestructura;Jorge Salazar;Comercial Andina;Cusco;Interno;24;;No aplica;96;
TCK-00830;2025-12-22;2025-12-25;Correo;Baja;Correo;Configuración de Outlook;Resuelto;Mesa de ayuda;Ana Torres;Distribuidora Horizonte;Cusco;Externo;48;79.0;No;3;2.0
TCK-00831;2025-07-25;;Web;Alta;Correo;No recibe correos;Abierto;Soporte ERP;Fernando Díaz;Distribuidora Horizonte;Cusco;Externo;8;;No aplica;159;
TCK-00832;2025-06-05;;Chat;Alta;Hardware;Equipo lento;En progreso;Infraestructura;Carlos Medina;Servicios Lima;Arequipa;Interno;8;;No aplica;209;
TCK-00833;2025-11-24;2025-11-27;Correo;Baja;Redes;Sin conexión;Cerrado;Infraestructura;Carlos Medina;Retail Norte;Lima;Externo;48;88.0;No;3;3.0
TCK-00834;2025-07-08;2025-07-11;Correo;Baja;Redes;Lentitud de red;Cerrado;Infraestructura;Jorge Salazar;Logística Central;Arequipa;Interno;48;88.0;No;3;1.0
TCK-00835;2025-07-02;;Correo;Baja;Hardware;Cambio de periférico;En progreso;Soporte ERP;Fernando Díaz;Corporación Sierra;Arequipa;Interno;48;;No aplica;182;
TCK-00836;2025-08-15;2025-08-15;Correo;Alta;CRM;Problema de sincronización;Resuelto;Infraestructura;Jorge Salazar;Servicios Lima;Trujillo;Externo;8;6.0;Sí;0;5.0
TCK-00837;2025-02-17;2025-02-18;Web;Media;Software;Error de aplicación;Cerrado;Soporte ERP;Camila Núñez;Grupo Pacífico;Arequipa;Interno;24;43.0;No;1;1.0
TCK-00838;2025-04-01;;Teléfono;Media;Software;Error de aplicación;En progreso;Seguridad;Ricardo Flores;Distribuidora Horizonte;Trujillo;Interno;24;;No aplica;274;
TCK-00839;2025-09-27;;Correo;Baja;Hardware;Falla de impresora;Abierto;Seguridad;Ricardo Flores;Retail Norte;Lima;Interno;48;;No aplica;95;
TCK-00840;2025-03-09;;Correo;Alta;ERP;Problema de permisos;En progreso;Mesa de ayuda;Ana Torres;Retail Norte;Cusco;Externo;8;;No aplica;297;
TCK-00841;2025-12-29;2025-12-29;Correo;Alta;Accesos;Restablecimiento de contraseña;Cerrado;Aplicaciones;Diego Vargas;Distribuidora Horizonte;Huancayo;Interno;8;3.0;Sí;0;5.0
TCK-00842;2025-11-18;;Web;Crítica;Correo;Error de envío;Abierto;Mesa de ayuda;María Paredes;Corporación Sierra;Huancayo;Interno;4;;No aplica;43;
TCK-00843;2025-04-25;;Correo;Media;ERP;Consulta de proceso;En progreso;Infraestructura;Elena Chávez;Corporación Sierra;Lima;Externo;24;;No aplica;250;
TCK-00844;2025-03-28;2025-03-28;Chat;Alta;Redes;VPN;Cancelado;Mesa de ayuda;María Paredes;Inversiones Sur;Lima;Externo;8;;No aplica;0;
TCK-00845;2025-01-23;2025-01-23;Web;Alta;Correo;No recibe correos;Resuelto;Seguridad;Ricardo Flores;Logística Central;Cusco;Externo;8;13.0;No;0;1.0
TCK-00846;2025-05-19;2025-05-19;Chat;Media;CRM;Consulta de cliente;Cerrado;Mesa de ayuda;Ana Torres;Grupo Pacífico;Huancayo;Externo;24;22.0;Sí;0;5.0
TCK-00847;2025-08-17;2025-08-19;Teléfono;Baja;Hardware;Equipo lento;Resuelto;Soporte ERP;Camila Núñez;Logística Central;Huancayo;Interno;48;49.0;No;2;1.0
TCK-00848;2025-04-04;2025-04-06;Teléfono;Media;Accesos;Cuenta bloqueada;Resuelto;Seguridad;Valeria Rojas;Grupo Pacífico;Huancayo;Externo;24;57.0;No;2;3.0
TCK-00849;2025-09-12;2025-09-12;Web;Media;Software;Instalación de programa;Resuelto;Mesa de ayuda;María Paredes;Corporación Sierra;Cusco;Interno;24;15.0;Sí;0;4.0
TCK-00850;2025-07-05;;Correo;Baja;Correo;Error de envío;Abierto;Infraestructura;Carlos Medina;Comercial Andina;Arequipa;Externo;48;;No aplica;179;
TCK-00851;2025-03-13;2025-03-14;Correo;Alta;Accesos;Restablecimiento de contraseña;Cerrado;Infraestructura;Carlos Medina;Comercial Andina;Huancayo;Interno;8;24.0;No;1;3.0
TCK-00852;2025-03-15;2025-03-15;Web;Crítica;Redes;Sin conexión;Cancelado;Mesa de ayuda;María Paredes;Retail Norte;Trujillo;Interno;4;;No aplica;0;
TCK-00853;2025-03-17;;Web;Crítica;Correo;Error de envío;Abierto;Infraestructura;Carlos Medina;Distribuidora Horizonte;Huancayo;Externo;4;;No aplica;289;
TCK-00854;2025-08-29;2025-08-30;Web;Media;ERP;Error en módulo;Cerrado;Aplicaciones;Patricia León;Grupo Pacífico;Lima;Interno;24;26.0;No;1;3.0
TCK-00855;2025-03-24;2025-03-25;Correo;Baja;Accesos;Cuenta bloqueada;Resuelto;Aplicaciones;Lucía Herrera;Logística Central;Huancayo;Externo;48;28.0;Sí;1;5.0
TCK-00856;2025-02-17;;Web;Baja;Software;Instalación de programa;En progreso;Soporte ERP;Fernando Díaz;Servicios Lima;Trujillo;Interno;48;;No aplica;317;
TCK-00857;2025-10-14;2025-10-14;Web;Crítica;Accesos;Permisos de usuario;Resuelto;Seguridad;Valeria Rojas;Grupo Pacífico;Lima;Externo;4;11.0;No;0;2.0
TCK-00858;2025-04-10;2025-04-10;Correo;Alta;CRM;Problema de sincronización;Resuelto;Mesa de ayuda;Ana Torres;Logística Central;Huancayo;Interno;8;4.0;Sí;0;4.0
TCK-00859;2025-11-02;;Correo;Baja;Software;Actualización fallida;En progreso;Mesa de ayuda;Ana Torres;Logística Central;Lima;Interno;48;;No aplica;59;
TCK-00860;2025-10-16;;Chat;Media;Hardware;Falla de impresora;Abierto;Mesa de ayuda;Luis Ramos;Logística Central;Trujillo;Interno;24;;No aplica;76;
TCK-00861;2025-06-11;2025-06-11;Teléfono;Media;ERP;Problema de permisos;Cancelado;Mesa de ayuda;Luis Ramos;Corporación Sierra;Cusco;Interno;24;;No aplica;0;
TCK-00862;2025-03-18;2025-03-21;Correo;Baja;CRM;Error de registro;Resuelto;Aplicaciones;Patricia León;Grupo Pacífico;Trujillo;Interno;48;88.0;No;3;1.0
TCK-00863;2025-04-29;2025-05-01;Chat;Baja;CRM;Consulta de cliente;Resuelto;Infraestructura;Elena Chávez;Inversiones Sur;Trujillo;Interno;48;51.0;No;2;2.0
TCK-00864;2025-07-04;;Web;Baja;ERP;Problema de permisos;Abierto;Seguridad;Ricardo Flores;Servicios Lima;Cusco;Interno;48;;No aplica;180;
TCK-00865;2025-03-20;;Web;Baja;Hardware;Equipo lento;Abierto;Aplicaciones;Lucía Herrera;Retail Norte;Trujillo;Interno;48;;No aplica;286;
TCK-00866;2025-08-21;;Correo;Baja;Redes;Lentitud de red;En progreso;Aplicaciones;Diego Vargas;Retail Norte;Lima;Interno;48;;No aplica;132;
TCK-00867;2025-12-30;2025-12-30;Teléfono;Alta;Redes;VPN;Resuelto;Infraestructura;Carlos Medina;Distribuidora Horizonte;Lima;Externo;8;11.0;No;0;2.0
TCK-00868;2025-07-29;;Chat;Baja;Redes;Lentitud de red;En progreso;Soporte ERP;Camila Núñez;Inversiones Sur;Lima;Externo;48;;No aplica;155;
TCK-00869;2025-09-17;2025-09-17;Web;Baja;Hardware;Cambio de periférico;Cancelado;Mesa de ayuda;María Paredes;Servicios Lima;Cusco;Interno;48;;No aplica;0;
TCK-00870;2025-02-23;2025-02-23;Correo;Alta;Hardware;Equipo lento;Resuelto;Seguridad;Valeria Rojas;Retail Norte;Arequipa;Externo;8;16.0;No;0;3.0
TCK-00871;2025-10-01;;Chat;Media;ERP;Error en módulo;Abierto;Seguridad;Valeria Rojas;Servicios Lima;Trujillo;Externo;24;;No aplica;91;
TCK-00872;2025-02-03;2025-02-06;Correo;Baja;ERP;Problema de permisos;Resuelto;Seguridad;Ricardo Flores;Logística Central;Trujillo;Interno;48;77.0;No;3;1.0
TCK-00873;2025-08-29;2025-08-29;Correo;Alta;Correo;Error de envío;Resuelto;Mesa de ayuda;Luis Ramos;Corporación Sierra;Trujillo;Interno;8;3.0;Sí;0;4.0
TCK-00874;2025-01-12;;Chat;Media;ERP;Error en módulo;En progreso;Mesa de ayuda;Ana Torres;Retail Norte;Arequipa;Externo;24;;No aplica;353;
TCK-00875;2025-02-11;2025-02-12;Correo;Media;Correo;No recibe correos;Cerrado;Aplicaciones;Patricia León;Comercial Andina;Lima;Externo;24;47.0;No;1;2.0
TCK-00876;2025-03-26;2025-03-30;Correo;Baja;Correo;Configuración de Outlook;Resuelto;Infraestructura;Elena Chávez;Corporación Sierra;Arequipa;Externo;48;113.0;No;4;1.0
TCK-00877;2025-10-15;;Teléfono;Media;ERP;Problema de permisos;Abierto;Soporte ERP;Fernando Díaz;Inversiones Sur;Arequipa;Interno;24;;No aplica;77;
TCK-00878;2025-03-19;2025-03-22;Chat;Baja;Redes;Sin conexión;Resuelto;Seguridad;Valeria Rojas;Comercial Andina;Trujillo;Interno;48;89.0;No;3;2.0
TCK-00879;2025-11-24;;Chat;Alta;Software;Instalación de programa;En progreso;Soporte ERP;Fernando Díaz;Corporación Sierra;Huancayo;Externo;8;;No aplica;37;
TCK-00880;2025-04-18;2025-04-22;Chat;Baja;Hardware;Falla de impresora;Resuelto;Aplicaciones;Patricia León;Logística Central;Arequipa;Interno;48;97.0;No;4;2.0
TCK-00881;2025-11-29;2025-12-01;Chat;Media;CRM;Consulta de cliente;Resuelto;Seguridad;Valeria Rojas;Retail Norte;Huancayo;Externo;24;58.0;No;2;2.0
TCK-00882;2025-04-01;2025-04-01;Web;Alta;Redes;Lentitud de red;Resuelto;Seguridad;Valeria Rojas;Retail Norte;Lima;Interno;8;4.0;Sí;0;4.0
TCK-00883;2025-11-12;2025-11-12;Chat;Alta;Correo;Configuración de Outlook;Cerrado;Mesa de ayuda;María Paredes;Distribuidora Horizonte;Cusco;Interno;8;23.0;No;0;2.0
TCK-00884;2025-08-04;2025-08-08;Correo;Baja;Hardware;Equipo lento;Resuelto;Seguridad;Ricardo Flores;Inversiones Sur;Trujillo;Externo;48;113.0;No;4;3.0
TCK-00885;2025-12-27;2025-12-29;Teléfono;Media;CRM;Error de registro;Cerrado;Soporte ERP;Camila Núñez;Logística Central;Arequipa;Externo;24;57.0;No;2;3.0
TCK-00886;2025-05-04;;Correo;Baja;Hardware;Equipo lento;Abierto;Aplicaciones;Lucía Herrera;Inversiones Sur;Arequipa;Interno;48;;No aplica;241;
TCK-00887;2025-10-20;2025-10-21;Chat;Alta;Software;Actualización fallida;Cancelado;Seguridad;Ricardo Flores;Corporación Sierra;Huancayo;Externo;8;;No aplica;1;
TCK-00888;2025-03-30;;Web;Media;Software;Error de aplicación;En progreso;Infraestructura;Elena Chávez;Retail Norte;Cusco;Externo;24;;No aplica;276;
TCK-00889;2025-11-18;;Chat;Baja;Redes;Sin conexión;En progreso;Mesa de ayuda;Ana Torres;Comercial Andina;Trujillo;Interno;48;;No aplica;43;
TCK-00890;2025-11-18;2025-11-18;Teléfono;Alta;Correo;No recibe correos;Resuelto;Soporte ERP;Camila Núñez;Comercial Andina;Huancayo;Externo;8;22.0;No;0;3.0
TCK-00891;2025-07-03;;Correo;Media;Software;Actualización fallida;En progreso;Infraestructura;Elena Chávez;Corporación Sierra;Arequipa;Interno;24;;No aplica;181;
TCK-00892;2025-05-21;;Correo;Alta;Correo;No recibe correos;Abierto;Mesa de ayuda;Luis Ramos;Retail Norte;Lima;Interno;8;;No aplica;224;
TCK-00893;2025-05-25;;Correo;Alta;CRM;Problema de sincronización;Abierto;Infraestructura;Jorge Salazar;Retail Norte;Trujillo;Interno;8;;No aplica;220;
TCK-00894;2025-07-31;;Correo;Baja;ERP;Consulta de proceso;Abierto;Seguridad;Valeria Rojas;Distribuidora Horizonte;Huancayo;Interno;48;;No aplica;153;
TCK-00895;2025-06-02;2025-06-02;Correo;Alta;Correo;No recibe correos;Resuelto;Mesa de ayuda;Luis Ramos;Inversiones Sur;Trujillo;Interno;8;7.0;Sí;0;5.0
TCK-00896;2025-03-04;;Correo;Crítica;Correo;No recibe correos;Abierto;Infraestructura;Jorge Salazar;Retail Norte;Huancayo;Interno;4;;No aplica;302;
TCK-00897;2025-06-17;2025-06-18;Correo;Alta;Software;Instalación de programa;Resuelto;Aplicaciones;Diego Vargas;Servicios Lima;Lima;Externo;8;24.0;No;1;3.0
TCK-00898;2025-11-30;2025-12-02;Correo;Media;Correo;Error de envío;Resuelto;Infraestructura;Jorge Salazar;Grupo Pacífico;Huancayo;Externo;24;54.0;No;2;1.0
TCK-00899;2025-10-26;;Teléfono;Media;Software;Actualización fallida;En progreso;Seguridad;Valeria Rojas;Distribuidora Horizonte;Trujillo;Externo;24;;No aplica;66;
TCK-00900;2025-06-13;2025-06-13;Web;Media;Correo;Error de envío;Resuelto;Aplicaciones;Lucía Herrera;Retail Norte;Trujillo;Interno;24;8.0;Sí;0;5.0
TCK-00901;2025-10-28;2025-10-30;Web;Media;Correo;Error de envío;Cerrado;Seguridad;Ricardo Flores;Retail Norte;Huancayo;Externo;24;58.0;No;2;1.0
TCK-00902;2025-07-03;2025-07-03;Correo;Alta;Software;Instalación de programa;Resuelto;Mesa de ayuda;Ana Torres;Inversiones Sur;Lima;Externo;8;8.0;Sí;0;5.0
TCK-00903;2025-10-18;2025-10-22;Teléfono;Baja;Accesos;Permisos de usuario;Resuelto;Soporte ERP;Fernando Díaz;Servicios Lima;Lima;Externo;48;99.0;No;4;3.0
TCK-00904;2025-12-10;2025-12-14;Correo;Baja;CRM;Problema de sincronización;Resuelto;Aplicaciones;Diego Vargas;Servicios Lima;Huancayo;Interno;48;110.0;No;4;2.0
TCK-00905;2025-09-13;;Correo;Alta;Accesos;Restablecimiento de contraseña;Abierto;Soporte ERP;Camila Núñez;Corporación Sierra;Huancayo;Interno;8;;No aplica;109;
TCK-00906;2025-05-26;2025-05-28;Correo;Baja;Hardware;Falla de impresora;Resuelto;Aplicaciones;Patricia León;Corporación Sierra;Lima;Interno;48;51.0;No;2;3.0
TCK-00907;2025-01-09;2025-01-09;Correo;Alta;ERP;Consulta de proceso;Cerrado;Aplicaciones;Diego Vargas;Inversiones Sur;Trujillo;Interno;8;19.0;No;0;2.0
TCK-00908;2025-09-10;2025-09-10;Web;Media;Accesos;Permisos de usuario;Resuelto;Mesa de ayuda;Luis Ramos;Retail Norte;Lima;Interno;24;10.0;Sí;0;4.0
TCK-00909;2025-03-13;2025-03-13;Correo;Media;Accesos;Restablecimiento de contraseña;Resuelto;Infraestructura;Carlos Medina;Servicios Lima;Arequipa;Interno;24;10.0;Sí;0;5.0
TCK-00910;2025-01-23;;Correo;Baja;Redes;Lentitud de red;Abierto;Soporte ERP;Camila Núñez;Logística Central;Huancayo;Interno;48;;No aplica;342;
TCK-00911;2025-10-26;2025-10-26;Web;Alta;CRM;Consulta de cliente;Cerrado;Seguridad;Valeria Rojas;Retail Norte;Cusco;Interno;8;20.0;No;0;2.0
TCK-00912;2025-12-05;2025-12-05;Web;Alta;Accesos;Restablecimiento de contraseña;Cerrado;Mesa de ayuda;Luis Ramos;Logística Central;Lima;Externo;8;19.0;No;0;1.0
TCK-00913;2025-12-04;2025-12-08;Web;Baja;Hardware;Falla de impresora;Resuelto;Mesa de ayuda;Ana Torres;Comercial Andina;Huancayo;Externo;48;112.0;No;4;2.0
TCK-00914;2025-04-07;2025-04-09;Web;Media;CRM;Consulta de cliente;Cerrado;Soporte ERP;Camila Núñez;Logística Central;Trujillo;Interno;24;68.0;No;2;1.0
TCK-00915;2025-03-08;2025-03-08;Correo;Media;CRM;Consulta de cliente;Cancelado;Soporte ERP;Fernando Díaz;Corporación Sierra;Huancayo;Interno;24;;No aplica;0;
TCK-00916;2025-08-05;2025-08-05;Correo;Media;ERP;Error en módulo;Cerrado;Infraestructura;Jorge Salazar;Retail Norte;Lima;Interno;24;6.0;Sí;0;5.0
TCK-00917;2025-04-06;2025-04-07;Correo;Media;Redes;VPN;Resuelto;Mesa de ayuda;María Paredes;Retail Norte;Arequipa;Externo;24;31.0;No;1;1.0
TCK-00918;2025-07-23;;Web;Media;Redes;VPN;Abierto;Mesa de ayuda;Ana Torres;Corporación Sierra;Trujillo;Interno;24;;No aplica;161;
TCK-00919;2025-05-31;2025-05-31;Correo;Alta;Correo;Error de envío;Resuelto;Soporte ERP;Camila Núñez;Retail Norte;Lima;Interno;8;5.0;Sí;0;4.0
TCK-00920;2025-02-28;;Correo;Crítica;Hardware;Cambio de periférico;En progreso;Mesa de ayuda;Luis Ramos;Servicios Lima;Cusco;Externo;4;;No aplica;306;
TCK-00921;2025-07-20;2025-07-20;Web;Alta;ERP;Consulta de proceso;Cerrado;Seguridad;Ricardo Flores;Grupo Pacífico;Huancayo;Externo;8;22.0;No;0;2.0
TCK-00922;2025-12-28;;Web;Media;Correo;Configuración de Outlook;Abierto;Soporte ERP;Camila Núñez;Logística Central;Huancayo;Interno;24;;No aplica;3;
TCK-00923;2025-06-11;2025-06-11;Teléfono;Alta;Accesos;Restablecimiento de contraseña;Resuelto;Mesa de ayuda;María Paredes;Distribuidora Horizonte;Trujillo;Externo;8;2.0;Sí;0;4.0
TCK-00924;2025-05-16;2025-05-16;Chat;Alta;Hardware;Cambio de periférico;Cerrado;Aplicaciones;Diego Vargas;Comercial Andina;Trujillo;Interno;8;17.0;No;0;1.0
TCK-00925;2025-01-24;2025-01-24;Teléfono;Media;CRM;Error de registro;Cancelado;Soporte ERP;Fernando Díaz;Grupo Pacífico;Lima;Interno;24;;No aplica;0;
TCK-00926;2025-06-21;2025-06-21;Web;Media;Redes;Lentitud de red;Cancelado;Seguridad;Valeria Rojas;Inversiones Sur;Trujillo;Interno;24;;No aplica;0;
TCK-00927;2025-06-04;2025-06-05;Teléfono;Baja;CRM;Consulta de cliente;Cerrado;Seguridad;Ricardo Flores;Logística Central;Cusco;Interno;48;26.0;Sí;1;5.0
TCK-00928;2025-04-23;2025-04-23;Teléfono;Alta;Software;Actualización fallida;Resuelto;Seguridad;Valeria Rojas;Servicios Lima;Lima;Interno;8;14.0;No;0;3.0
TCK-00929;2025-02-25;2025-02-28;Chat;Baja;Accesos;Cuenta bloqueada;Resuelto;Infraestructura;Jorge Salazar;Inversiones Sur;Arequipa;Externo;48;83.0;No;3;2.0
TCK-00930;2025-05-22;2025-05-22;Correo;Crítica;Redes;Lentitud de red;Resuelto;Mesa de ayuda;Luis Ramos;Distribuidora Horizonte;Cusco;Externo;4;5.0;No;0;1.0
TCK-00931;2025-01-05;2025-01-06;Web;Media;Software;Actualización fallida;Resuelto;Aplicaciones;Lucía Herrera;Grupo Pacífico;Arequipa;Externo;24;40.0;No;1;1.0
TCK-00932;2025-05-31;2025-05-31;Correo;Crítica;Correo;No recibe correos;Resuelto;Mesa de ayuda;Luis Ramos;Logística Central;Lima;Externo;4;6.0;No;0;3.0
TCK-00933;2025-01-01;2025-01-01;Correo;Alta;CRM;Consulta de cliente;Cerrado;Soporte ERP;Fernando Díaz;Retail Norte;Arequipa;Interno;8;8.0;Sí;0;5.0
TCK-00934;2025-10-27;;Chat;Alta;Redes;Sin conexión;Abierto;Seguridad;Valeria Rojas;Corporación Sierra;Lima;Externo;8;;No aplica;65;
TCK-00935;2025-06-04;2025-06-04;Web;Alta;Redes;Lentitud de red;Resuelto;Infraestructura;Elena Chávez;Servicios Lima;Arequipa;Interno;8;15.0;No;0;3.0
TCK-00936;2025-04-13;2025-04-13;Correo;Alta;ERP;Consulta de proceso;Resuelto;Soporte ERP;Fernando Díaz;Corporación Sierra;Trujillo;Interno;8;6.0;Sí;0;5.0
TCK-00937;2025-12-22;2025-12-22;Correo;Baja;Accesos;Permisos de usuario;Resuelto;Seguridad;Valeria Rojas;Corporación Sierra;Trujillo;Externo;48;11.0;Sí;0;4.0
TCK-00938;2025-08-04;2025-08-04;Correo;Alta;CRM;Error de registro;Cerrado;Soporte ERP;Camila Núñez;Grupo Pacífico;Cusco;Externo;8;3.0;Sí;0;5.0
TCK-00939;2025-03-06;2025-03-06;Web;Crítica;CRM;Consulta de cliente;Cerrado;Seguridad;Ricardo Flores;Retail Norte;Lima;Externo;4;11.0;No;0;1.0
TCK-00940;2025-06-20;2025-06-23;Web;Baja;ERP;Consulta de proceso;Resuelto;Mesa de ayuda;Ana Torres;Comercial Andina;Huancayo;Interno;48;79.0;No;3;3.0
TCK-00941;2025-09-11;2025-09-11;Correo;Baja;Software;Instalación de programa;Resuelto;Aplicaciones;Lucía Herrera;Comercial Andina;Trujillo;Interno;48;22.0;Sí;0;4.0
TCK-00942;2025-01-01;2025-01-03;Correo;Baja;Software;Error de aplicación;Resuelto;Mesa de ayuda;Luis Ramos;Comercial Andina;Cusco;Externo;48;58.0;No;2;1.0
TCK-00943;2025-03-04;;Correo;Media;Software;Actualización fallida;En progreso;Aplicaciones;Lucía Herrera;Distribuidora Horizonte;Cusco;Interno;24;;No aplica;302;
TCK-00944;2025-08-10;;Correo;Crítica;ERP;Problema de permisos;En progreso;Infraestructura;Carlos Medina;Servicios Lima;Trujillo;Externo;4;;No aplica;143;
TCK-00945;2025-05-29;2025-05-29;Correo;Alta;Redes;Lentitud de red;Resuelto;Aplicaciones;Diego Vargas;Corporación Sierra;Lima;Externo;8;15.0;No;0;2.0
TCK-00946;2025-03-17;2025-03-17;Correo;Media;Hardware;Cambio de periférico;Resuelto;Aplicaciones;Patricia León;Distribuidora Horizonte;Lima;Externo;24;21.0;Sí;0;5.0
TCK-00947;2025-08-23;2025-08-24;Correo;Baja;CRM;Consulta de cliente;Resuelto;Infraestructura;Jorge Salazar;Corporación Sierra;Cusco;Interno;48;30.0;Sí;1;4.0
TCK-00948;2025-06-30;2025-07-02;Teléfono;Media;CRM;Error de registro;Resuelto;Aplicaciones;Lucía Herrera;Logística Central;Trujillo;Interno;24;65.0;No;2;2.0
TCK-00949;2025-08-30;2025-08-30;Web;Alta;Correo;Configuración de Outlook;Resuelto;Soporte ERP;Camila Núñez;Grupo Pacífico;Arequipa;Externo;8;20.0;No;0;3.0
TCK-00950;2025-07-26;2025-07-26;Correo;Crítica;Software;Error de aplicación;Cerrado;Mesa de ayuda;Luis Ramos;Distribuidora Horizonte;Arequipa;Interno;4;12.0;No;0;1.0
TCK-00951;2025-02-23;2025-02-23;Chat;Alta;CRM;Problema de sincronización;Cerrado;Mesa de ayuda;Ana Torres;Logística Central;Lima;Interno;8;4.0;Sí;0;5.0
TCK-00952;2025-07-11;2025-07-12;Web;Baja;Redes;Sin conexión;Cerrado;Seguridad;Valeria Rojas;Grupo Pacífico;Cusco;Interno;48;33.0;Sí;1;5.0
TCK-00953;2025-09-09;;Web;Alta;Software;Instalación de programa;En progreso;Soporte ERP;Fernando Díaz;Retail Norte;Cusco;Interno;8;;No aplica;113;
TCK-00954;2025-11-19;;Chat;Alta;Software;Error de aplicación;Abierto;Aplicaciones;Diego Vargas;Retail Norte;Arequipa;Interno;8;;No aplica;42;
TCK-00955;2025-12-16;2025-12-18;Teléfono;Baja;Accesos;Restablecimiento de contraseña;Resuelto;Infraestructura;Elena Chávez;Distribuidora Horizonte;Cusco;Externo;48;53.0;No;2;3.0
TCK-00956;2025-10-14;2025-10-14;Chat;Baja;ERP;Consulta de proceso;Resuelto;Mesa de ayuda;María Paredes;Retail Norte;Huancayo;Externo;48;20.0;Sí;0;4.0
TCK-00957;2025-09-13;2025-09-14;Correo;Media;Software;Instalación de programa;Resuelto;Aplicaciones;Diego Vargas;Inversiones Sur;Lima;Interno;24;40.0;No;1;1.0
TCK-00958;2025-10-01;2025-10-02;Web;Baja;Correo;Error de envío;Cerrado;Seguridad;Ricardo Flores;Retail Norte;Cusco;Externo;48;41.0;Sí;1;4.0
TCK-00959;2025-01-17;2025-01-17;Correo;Alta;CRM;Error de registro;Resuelto;Infraestructura;Carlos Medina;Inversiones Sur;Lima;Interno;8;17.0;No;0;1.0
TCK-00960;2025-10-16;2025-10-16;Chat;Media;Hardware;Falla de impresora;Cerrado;Mesa de ayuda;Luis Ramos;Retail Norte;Cusco;Externo;24;20.0;Sí;0;5.0
TCK-00961;2025-01-22;;Correo;Media;Redes;VPN;En progreso;Seguridad;Valeria Rojas;Servicios Lima;Lima;Interno;24;;No aplica;343;
TCK-00962;2025-01-14;2025-01-18;Teléfono;Baja;CRM;Problema de sincronización;Resuelto;Mesa de ayuda;María Paredes;Distribuidora Horizonte;Lima;Externo;48;106.0;No;4;2.0
TCK-00963;2025-12-23;2025-12-24;Correo;Media;Hardware;Falla de impresora;Resuelto;Mesa de ayuda;María Paredes;Inversiones Sur;Arequipa;Interno;24;47.0;No;1;2.0
TCK-00964;2025-01-30;;Correo;Alta;Accesos;Cuenta bloqueada;Abierto;Soporte ERP;Fernando Díaz;Comercial Andina;Huancayo;Interno;8;;No aplica;335;
TCK-00965;2025-02-09;2025-02-11;Correo;Media;Redes;VPN;Resuelto;Soporte ERP;Fernando Díaz;Logística Central;Huancayo;Externo;24;65.0;No;2;3.0
TCK-00966;2025-03-04;2025-03-04;Teléfono;Crítica;Software;Instalación de programa;Cerrado;Aplicaciones;Patricia León;Distribuidora Horizonte;Arequipa;Externo;4;9.0;No;0;2.0
TCK-00967;2025-12-01;2025-12-02;Correo;Baja;Correo;Configuración de Outlook;Resuelto;Mesa de ayuda;Ana Torres;Inversiones Sur;Trujillo;Externo;48;43.0;Sí;1;4.0
TCK-00968;2025-04-15;2025-04-15;Chat;Baja;Redes;Lentitud de red;Resuelto;Soporte ERP;Fernando Díaz;Retail Norte;Arequipa;Interno;48;12.0;Sí;0;4.0
TCK-00969;2025-12-24;2025-12-24;Web;Baja;Hardware;Falla de impresora;Cancelado;Mesa de ayuda;Luis Ramos;Logística Central;Cusco;Externo;48;;No aplica;0;
TCK-00970;2025-02-13;2025-02-15;Correo;Baja;Hardware;Falla de impresora;Resuelto;Seguridad;Valeria Rojas;Comercial Andina;Huancayo;Interno;48;56.0;No;2;1.0
TCK-00971;2025-12-04;2025-12-04;Web;Crítica;Correo;Error de envío;Resuelto;Mesa de ayuda;María Paredes;Inversiones Sur;Arequipa;Interno;4;1.0;Sí;0;5.0
TCK-00972;2025-11-15;2025-11-17;Web;Media;ERP;Error en módulo;Cerrado;Mesa de ayuda;María Paredes;Corporación Sierra;Arequipa;Externo;24;58.0;No;2;3.0
TCK-00973;2025-10-18;2025-10-18;Teléfono;Alta;Accesos;Cuenta bloqueada;Cancelado;Infraestructura;Carlos Medina;Comercial Andina;Arequipa;Externo;8;;No aplica;0;
TCK-00974;2025-05-08;2025-05-08;Teléfono;Alta;Hardware;Cambio de periférico;Resuelto;Aplicaciones;Diego Vargas;Logística Central;Arequipa;Interno;8;5.0;Sí;0;5.0
TCK-00975;2025-10-19;2025-10-21;Teléfono;Baja;Accesos;Permisos de usuario;Cerrado;Mesa de ayuda;Luis Ramos;Comercial Andina;Trujillo;Interno;48;53.0;No;2;2.0
TCK-00976;2025-11-23;;Teléfono;Alta;Hardware;Falla de impresora;Abierto;Soporte ERP;Camila Núñez;Retail Norte;Trujillo;Interno;8;;No aplica;38;
TCK-00977;2025-05-13;2025-05-13;Teléfono;Alta;Software;Error de aplicación;Cerrado;Infraestructura;Carlos Medina;Comercial Andina;Huancayo;Interno;8;22.0;No;0;1.0
TCK-00978;2025-04-05;2025-04-08;Teléfono;Baja;Hardware;Cambio de periférico;Resuelto;Infraestructura;Carlos Medina;Logística Central;Arequipa;Interno;48;94.0;No;3;2.0
TCK-00979;2025-10-04;2025-10-05;Teléfono;Media;Hardware;Cambio de periférico;Resuelto;Seguridad;Ricardo Flores;Retail Norte;Huancayo;Interno;24;45.0;No;1;3.0
TCK-00980;2025-07-10;;Teléfono;Media;Accesos;Permisos de usuario;Abierto;Infraestructura;Carlos Medina;Inversiones Sur;Cusco;Externo;24;;No aplica;174;
TCK-00981;2025-06-21;2025-06-22;Chat;Baja;Redes;Lentitud de red;Resuelto;Mesa de ayuda;Ana Torres;Inversiones Sur;Lima;Externo;48;27.0;Sí;1;4.0
TCK-00982;2025-02-24;2025-02-27;Web;Baja;CRM;Consulta de cliente;Resuelto;Soporte ERP;Camila Núñez;Servicios Lima;Trujillo;Interno;48;92.0;No;3;3.0
TCK-00983;2025-03-18;;Web;Baja;Hardware;Equipo lento;Abierto;Soporte ERP;Camila Núñez;Retail Norte;Cusco;Interno;48;;No aplica;288;
TCK-00984;2025-11-07;2025-11-09;Web;Media;Redes;Sin conexión;Resuelto;Soporte ERP;Camila Núñez;Servicios Lima;Arequipa;Interno;24;50.0;No;2;1.0
TCK-00985;2025-08-22;2025-08-24;Correo;Baja;Accesos;Cuenta bloqueada;Resuelto;Seguridad;Valeria Rojas;Retail Norte;Arequipa;Interno;48;54.0;No;2;3.0
TCK-00986;2025-09-05;2025-09-06;Web;Media;Correo;No recibe correos;Resuelto;Soporte ERP;Fernando Díaz;Corporación Sierra;Cusco;Interno;24;37.0;No;1;2.0
TCK-00987;2025-06-24;2025-06-24;Correo;Alta;Software;Actualización fallida;Resuelto;Seguridad;Ricardo Flores;Grupo Pacífico;Trujillo;Interno;8;7.0;Sí;0;4.0
TCK-00988;2025-08-03;2025-08-03;Correo;Media;ERP;Error en módulo;Cerrado;Infraestructura;Carlos Medina;Corporación Sierra;Lima;Interno;24;13.0;Sí;0;4.0
TCK-00989;2025-09-21;2025-09-25;Chat;Baja;Redes;Sin conexión;Cerrado;Seguridad;Ricardo Flores;Logística Central;Lima;Externo;48;113.0;No;4;2.0
TCK-00990;2025-10-30;2025-10-30;Web;Alta;Hardware;Cambio de periférico;Cerrado;Aplicaciones;Diego Vargas;Corporación Sierra;Trujillo;Externo;8;11.0;No;0;2.0
TCK-00991;2025-12-25;2025-12-25;Correo;Alta;CRM;Consulta de cliente;Cerrado;Mesa de ayuda;Ana Torres;Comercial Andina;Cusco;Externo;8;23.0;No;0;3.0
TCK-00992;2025-08-21;2025-08-21;Web;Media;Correo;Error de envío;Resuelto;Mesa de ayuda;Ana Torres;Logística Central;Trujillo;Externo;24;10.0;Sí;0;5.0
TCK-00993;2025-05-27;;Correo;Media;Software;Error de aplicación;En progreso;Infraestructura;Jorge Salazar;Logística Central;Cusco;Externo;24;;No aplica;218;
TCK-00994;2025-02-20;2025-02-20;Correo;Alta;Accesos;Permisos de usuario;Resuelto;Infraestructura;Carlos Medina;Logística Central;Arequipa;Interno;8;9.0;No;0;3.0
TCK-00995;2025-05-23;2025-05-23;Correo;Alta;CRM;Error de registro;Cerrado;Mesa de ayuda;María Paredes;Comercial Andina;Cusco;Interno;8;2.0;Sí;0;5.0
TCK-00996;2025-01-14;2025-01-15;Web;Alta;Accesos;Cuenta bloqueada;Cerrado;Seguridad;Ricardo Flores;Distribuidora Horizonte;Arequipa;Interno;8;24.0;No;1;3.0
TCK-00997;2025-03-03;;Web;Media;CRM;Error de registro;En progreso;Aplicaciones;Lucía Herrera;Retail Norte;Arequipa;Interno;24;;No aplica;303;
TCK-00998;2025-04-24;2025-04-24;Teléfono;Media;Redes;VPN;Resuelto;Soporte ERP;Fernando Díaz;Inversiones Sur;Lima;Externo;24;16.0;Sí;0;5.0
TCK-00999;2025-04-08;2025-04-09;Teléfono;Media;Hardware;Cambio de periférico;Cerrado;Mesa de ayuda;Ana Torres;Grupo Pacífico;Cusco;Externo;24;32.0;No;1;3.0
TCK-01000;2025-04-11;2025-04-11;Correo;Alta;ERP;Consulta de proceso;Cerrado;Aplicaciones;Patricia León;Servicios Lima;Lima;Interno;8;2.0;Sí;0;5.0
TCK-01001;2025-02-04;2025-02-06;Web;Media;Hardware;Falla de impresora;Resuelto;Aplicaciones;Lucía Herrera;Corporación Sierra;Cusco;Interno;24;48.0;No;2;2.0
TCK-01002;2025-09-29;2025-09-29;Teléfono;Alta;Software;Instalación de programa;Resuelto;Seguridad;Valeria Rojas;Corporación Sierra;Cusco;Externo;8;19.0;No;0;2.0
TCK-01003;2025-06-01;2025-06-01;Correo;Alta;CRM;Problema de sincronización;Cerrado;Seguridad;Valeria Rojas;Inversiones Sur;Huancayo;Externo;8;5.0;Sí;0;4.0
TCK-01004;2025-08-26;2025-08-27;Chat;Media;Accesos;Cuenta bloqueada;Resuelto;Infraestructura;Jorge Salazar;Distribuidora Horizonte;Cusco;Externo;24;34.0;No;1;1.0
TCK-01005;2025-05-29;2025-05-29;Correo;Alta;Accesos;Restablecimiento de contraseña;Cerrado;Soporte ERP;Camila Núñez;Logística Central;Arequipa;Externo;8;14.0;No;0;2.0
TCK-01006;2025-08-06;;Web;Baja;ERP;Error en módulo;En progreso;Aplicaciones;Lucía Herrera;Comercial Andina;Arequipa;Externo;48;;No aplica;147;
TCK-01007;2025-07-29;2025-08-02;Correo;Baja;CRM;Consulta de cliente;Resuelto;Mesa de ayuda;María Paredes;Inversiones Sur;Huancayo;Interno;48;100.0;No;4;1.0
TCK-01008;2025-07-14;2025-07-16;Correo;Media;CRM;Consulta de cliente;Cerrado;Mesa de ayuda;María Paredes;Comercial Andina;Cusco;Interno;24;50.0;No;2;3.0
TCK-01009;2025-04-12;2025-04-13;Chat;Baja;ERP;Error en módulo;Resuelto;Aplicaciones;Patricia León;Inversiones Sur;Arequipa;Externo;48;35.0;Sí;1;4.0
TCK-01010;2025-01-07;2025-01-07;Correo;Crítica;Hardware;Cambio de periférico;Cerrado;Seguridad;Valeria Rojas;Comercial Andina;Huancayo;Externo;4;5.0;No;0;1.0
TCK-01011;2025-04-28;;Web;Media;ERP;Error en módulo;Abierto;Seguridad;Valeria Rojas;Grupo Pacífico;Arequipa;Interno;24;;No aplica;247;
TCK-01012;2025-02-09;2025-02-10;Correo;Media;Accesos;Restablecimiento de contraseña;Cerrado;Mesa de ayuda;María Paredes;Grupo Pacífico;Lima;Externo;24;28.0;No;1;3.0
TCK-01013;2025-06-09;2025-06-11;Teléfono;Media;Redes;VPN;Cerrado;Seguridad;Ricardo Flores;Retail Norte;Arequipa;Externo;24;52.0;No;2;2.0
TCK-01014;2025-08-08;2025-08-12;Correo;Baja;Accesos;Permisos de usuario;Resuelto;Soporte ERP;Fernando Díaz;Corporación Sierra;Lima;Externo;48;101.0;No;4;2.0
TCK-01015;2025-07-10;2025-07-10;Teléfono;Media;Correo;No recibe correos;Resuelto;Seguridad;Ricardo Flores;Distribuidora Horizonte;Arequipa;Externo;24;17.0;Sí;0;5.0
TCK-01016;2025-06-20;;Correo;Media;Correo;No recibe correos;Abierto;Infraestructura;Jorge Salazar;Servicios Lima;Lima;Interno;24;;No aplica;194;
TCK-01017;2025-07-26;2025-07-27;Web;Media;Correo;No recibe correos;Cerrado;Mesa de ayuda;Luis Ramos;Logística Central;Trujillo;Externo;24;47.0;No;1;1.0
TCK-01018;2025-01-19;2025-01-20;Correo;Media;Hardware;Falla de impresora;Resuelto;Infraestructura;Elena Chávez;Distribuidora Horizonte;Cusco;Externo;24;44.0;No;1;3.0
TCK-01019;2025-05-01;2025-05-01;Correo;Media;CRM;Consulta de cliente;Resuelto;Mesa de ayuda;Ana Torres;Corporación Sierra;Lima;Externo;24;20.0;Sí;0;4.0
TCK-01020;2025-03-24;;Web;Alta;CRM;Error de registro;En progreso;Mesa de ayuda;Luis Ramos;Distribuidora Horizonte;Huancayo;Externo;8;;No aplica;282;
TCK-01021;2025-03-13;2025-03-15;Teléfono;Media;Redes;Sin conexión;Resuelto;Seguridad;Valeria Rojas;Logística Central;Cusco;Externo;24;51.0;No;2;3.0
TCK-01022;2025-11-29;2025-11-29;Correo;Alta;CRM;Consulta de cliente;Resuelto;Aplicaciones;Lucía Herrera;Logística Central;Trujillo;Externo;8;8.0;Sí;0;5.0
TCK-01023;2025-03-11;2025-03-12;Correo;Media;Redes;VPN;Resuelto;Infraestructura;Carlos Medina;Distribuidora Horizonte;Lima;Interno;24;43.0;No;1;3.0
TCK-01024;2025-04-07;2025-04-07;Correo;Alta;Hardware;Equipo lento;Resuelto;Soporte ERP;Camila Núñez;Grupo Pacífico;Lima;Externo;8;22.0;No;0;3.0
TCK-01025;2025-04-26;;Correo;Crítica;Redes;VPN;En progreso;Soporte ERP;Camila Núñez;Inversiones Sur;Cusco;Externo;4;;No aplica;249;
TCK-01026;2025-05-11;;Web;Media;Correo;No recibe correos;En progreso;Mesa de ayuda;María Paredes;Servicios Lima;Arequipa;Interno;24;;No aplica;234;
TCK-01027;2025-05-15;2025-05-15;Web;Alta;ERP;Consulta de proceso;Resuelto;Aplicaciones;Lucía Herrera;Logística Central;Cusco;Externo;8;8.0;Sí;0;4.0
TCK-01028;2025-01-02;;Teléfono;Baja;CRM;Consulta de cliente;Abierto;Infraestructura;Carlos Medina;Grupo Pacífico;Trujillo;Interno;48;;No aplica;363;
TCK-01029;2025-06-15;;Correo;Baja;CRM;Problema de sincronización;En progreso;Seguridad;Valeria Rojas;Inversiones Sur;Arequipa;Interno;48;;No aplica;199;
TCK-01030;2025-05-04;2025-05-05;Web;Media;Accesos;Permisos de usuario;Resuelto;Aplicaciones;Lucía Herrera;Inversiones Sur;Cusco;Interno;24;31.0;No;1;1.0
TCK-01031;2025-11-21;2025-11-23;Teléfono;Media;Correo;Error de envío;Cerrado;Seguridad;Valeria Rojas;Retail Norte;Cusco;Externo;24;48.0;No;2;1.0
TCK-01032;2025-01-13;2025-01-14;Chat;Baja;Redes;Lentitud de red;Cerrado;Seguridad;Ricardo Flores;Servicios Lima;Trujillo;Externo;48;30.0;Sí;1;4.0
TCK-01033;2025-04-11;;Web;Media;Redes;VPN;Abierto;Mesa de ayuda;Luis Ramos;Logística Central;Cusco;Interno;24;;No aplica;264;
TCK-01034;2025-11-07;2025-11-09;Correo;Media;Accesos;Restablecimiento de contraseña;Resuelto;Aplicaciones;Diego Vargas;Comercial Andina;Cusco;Interno;24;64.0;No;2;3.0
TCK-01035;2025-11-20;2025-11-21;Web;Alta;ERP;Problema de permisos;Cerrado;Mesa de ayuda;Ana Torres;Inversiones Sur;Lima;Interno;8;24.0;No;1;3.0
TCK-01036;2025-04-01;2025-04-01;Chat;Alta;CRM;Error de registro;Resuelto;Mesa de ayuda;Luis Ramos;Comercial Andina;Arequipa;Interno;8;19.0;No;0;2.0
TCK-01037;2025-04-10;2025-04-12;Teléfono;Media;ERP;Consulta de proceso;Resuelto;Infraestructura;Elena Chávez;Inversiones Sur;Cusco;Interno;24;55.0;No;2;2.0
TCK-01038;2025-12-08;2025-12-08;Teléfono;Crítica;Correo;No recibe correos;Cerrado;Aplicaciones;Patricia León;Grupo Pacífico;Trujillo;Interno;4;5.0;No;0;3.0
TCK-01039;2025-04-12;2025-04-14;Teléfono;Media;CRM;Error de registro;Resuelto;Aplicaciones;Diego Vargas;Inversiones Sur;Lima;Externo;24;63.0;No;2;3.0
TCK-01040;2025-12-23;;Correo;Baja;Hardware;Equipo lento;Abierto;Mesa de ayuda;Ana Torres;Inversiones Sur;Cusco;Interno;48;;No aplica;8;
TCK-01041;2025-03-28;2025-03-28;Teléfono;Alta;Hardware;Cambio de periférico;Resuelto;Infraestructura;Jorge Salazar;Servicios Lima;Huancayo;Externo;8;3.0;Sí;0;5.0
TCK-01042;2025-12-28;2025-12-28;Correo;Alta;Accesos;Restablecimiento de contraseña;Resuelto;Infraestructura;Jorge Salazar;Servicios Lima;Huancayo;Externo;8;10.0;No;0;3.0
TCK-01043;2025-08-14;2025-08-14;Correo;Media;Redes;Lentitud de red;Resuelto;Soporte ERP;Camila Núñez;Grupo Pacífico;Lima;Externo;24;23.0;Sí;0;4.0
TCK-01044;2025-12-26;2025-12-27;Web;Media;Redes;Sin conexión;Resuelto;Aplicaciones;Lucía Herrera;Logística Central;Lima;Interno;24;37.0;No;1;1.0
TCK-01045;2025-08-28;2025-08-30;Correo;Baja;ERP;Error en módulo;Resuelto;Seguridad;Ricardo Flores;Distribuidora Horizonte;Cusco;Externo;48;55.0;No;2;3.0
TCK-01046;2025-07-13;2025-07-15;Teléfono;Baja;Hardware;Cambio de periférico;Resuelto;Aplicaciones;Patricia León;Grupo Pacífico;Trujillo;Externo;48;50.0;No;2;2.0
TCK-01047;2025-11-28;2025-11-28;Chat;Alta;Software;Instalación de programa;Resuelto;Soporte ERP;Fernando Díaz;Comercial Andina;Trujillo;Externo;8;20.0;No;0;3.0
TCK-01048;2025-12-22;2025-12-23;Web;Media;Redes;Lentitud de red;Cerrado;Aplicaciones;Lucía Herrera;Inversiones Sur;Trujillo;Externo;24;42.0;No;1;1.0
TCK-01049;2025-04-30;2025-05-01;Teléfono;Baja;Accesos;Permisos de usuario;Resuelto;Aplicaciones;Lucía Herrera;Corporación Sierra;Cusco;Interno;48;28.0;Sí;1;4.0
TCK-01050;2025-06-03;2025-06-04;Chat;Baja;Software;Actualización fallida;Cerrado;Infraestructura;Carlos Medina;Inversiones Sur;Lima;Interno;48;47.0;Sí;1;4.0
TCK-01051;2025-06-27;;Web;Alta;Software;Error de aplicación;Abierto;Infraestructura;Jorge Salazar;Logística Central;Lima;Interno;8;;No aplica;187;
TCK-01052;2025-05-01;2025-05-03;Chat;Media;Software;Actualización fallida;Cerrado;Soporte ERP;Camila Núñez;Comercial Andina;Trujillo;Interno;24;48.0;No;2;1.0
TCK-01053;2025-08-30;;Web;Media;Accesos;Cuenta bloqueada;En progreso;Seguridad;Valeria Rojas;Servicios Lima;Lima;Externo;24;;No aplica;123;
TCK-01054;2025-03-07;2025-03-10;Correo;Baja;Redes;VPN;Resuelto;Seguridad;Valeria Rojas;Retail Norte;Arequipa;Externo;48;93.0;No;3;3.0
TCK-01055;2025-10-28;;Correo;Baja;Software;Instalación de programa;En progreso;Aplicaciones;Diego Vargas;Comercial Andina;Cusco;Externo;48;;No aplica;64;
TCK-01056;2025-02-09;;Web;Alta;Software;Instalación de programa;En progreso;Seguridad;Ricardo Flores;Inversiones Sur;Trujillo;Interno;8;;No aplica;325;
TCK-01057;2025-08-06;2025-08-08;Correo;Media;Accesos;Restablecimiento de contraseña;Resuelto;Aplicaciones;Diego Vargas;Grupo Pacífico;Huancayo;Externo;24;70.0;No;2;1.0
TCK-01058;2025-08-27;2025-08-29;Teléfono;Media;ERP;Consulta de proceso;Cerrado;Mesa de ayuda;Ana Torres;Inversiones Sur;Huancayo;Externo;24;62.0;No;2;1.0
TCK-01059;2025-09-06;2025-09-08;Teléfono;Media;Hardware;Falla de impresora;Resuelto;Seguridad;Valeria Rojas;Retail Norte;Cusco;Externo;24;68.0;No;2;2.0
TCK-01060;2025-08-31;2025-08-31;Teléfono;Baja;Hardware;Equipo lento;Cancelado;Seguridad;Valeria Rojas;Retail Norte;Huancayo;Interno;48;;No aplica;0;
TCK-01061;2025-12-29;2025-12-29;Web;Alta;ERP;Consulta de proceso;Cerrado;Seguridad;Ricardo Flores;Distribuidora Horizonte;Arequipa;Interno;8;5.0;Sí;0;5.0
TCK-01062;2025-08-24;2025-08-25;Web;Baja;Redes;VPN;Resuelto;Aplicaciones;Lucía Herrera;Logística Central;Lima;Externo;48;30.0;Sí;1;5.0
TCK-01063;2025-07-02;2025-07-03;Web;Media;Hardware;Cambio de periférico;Resuelto;Mesa de ayuda;Luis Ramos;Comercial Andina;Cusco;Externo;24;35.0;No;1;1.0
TCK-01064;2025-02-13;;Web;Alta;Accesos;Permisos de usuario;En progreso;Aplicaciones;Diego Vargas;Distribuidora Horizonte;Cusco;Interno;8;;No aplica;321;
TCK-01065;2025-09-26;2025-09-26;Web;Crítica;Hardware;Equipo lento;Resuelto;Soporte ERP;Fernando Díaz;Corporación Sierra;Cusco;Interno;4;6.0;No;0;3.0
TCK-01066;2025-06-04;2025-06-04;Web;Crítica;Redes;Lentitud de red;Cancelado;Mesa de ayuda;Luis Ramos;Retail Norte;Huancayo;Externo;4;;No aplica;0;
TCK-01067;2025-11-12;;Web;Baja;CRM;Error de registro;En progreso;Aplicaciones;Lucía Herrera;Distribuidora Horizonte;Huancayo;Externo;48;;No aplica;49;
TCK-01068;2025-05-21;2025-05-21;Teléfono;Baja;ERP;Error en módulo;Resuelto;Soporte ERP;Camila Núñez;Grupo Pacífico;Arequipa;Externo;48;8.0;Sí;0;5.0
TCK-01069;2025-04-17;;Correo;Media;Redes;VPN;En progreso;Soporte ERP;Camila Núñez;Retail Norte;Huancayo;Interno;24;;No aplica;258;
TCK-01070;2025-01-10;2025-01-10;Teléfono;Alta;ERP;Problema de permisos;Resuelto;Soporte ERP;Camila Núñez;Corporación Sierra;Cusco;Externo;8;19.0;No;0;2.0
TCK-01071;2025-09-01;2025-09-01;Chat;Crítica;Redes;VPN;Resuelto;Infraestructura;Jorge Salazar;Distribuidora Horizonte;Huancayo;Interno;4;11.0;No;0;2.0
TCK-01072;2025-05-11;2025-05-12;Web;Media;Hardware;Cambio de periférico;Resuelto;Seguridad;Valeria Rojas;Retail Norte;Huancayo;Externo;24;42.0;No;1;2.0
TCK-01073;2025-06-11;;Web;Media;Correo;No recibe correos;En progreso;Soporte ERP;Camila Núñez;Corporación Sierra;Trujillo;Interno;24;;No aplica;203;
TCK-01074;2025-05-26;;Web;Media;Correo;No recibe correos;En progreso;Seguridad;Ricardo Flores;Retail Norte;Trujillo;Interno;24;;No aplica;219;
TCK-01075;2025-04-19;;Chat;Media;Software;Actualización fallida;En progreso;Seguridad;Valeria Rojas;Inversiones Sur;Huancayo;Externo;24;;No aplica;256;
TCK-01076;2025-11-03;2025-11-05;Correo;Baja;ERP;Problema de permisos;Resuelto;Aplicaciones;Lucía Herrera;Corporación Sierra;Huancayo;Externo;48;71.0;No;2;2.0
TCK-01077;2025-05-27;2025-05-27;Teléfono;Media;Software;Instalación de programa;Cerrado;Aplicaciones;Patricia León;Inversiones Sur;Trujillo;Interno;24;16.0;Sí;0;5.0
TCK-01078;2025-10-25;2025-10-28;Teléfono;Baja;ERP;Error en módulo;Resuelto;Soporte ERP;Fernando Díaz;Grupo Pacífico;Cusco;Interno;48;84.0;No;3;3.0
TCK-01079;2025-07-29;;Chat;Media;Correo;Configuración de Outlook;En progreso;Seguridad;Ricardo Flores;Inversiones Sur;Lima;Externo;24;;No aplica;155;
TCK-01080;2025-10-10;2025-10-10;Web;Alta;Accesos;Permisos de usuario;Cerrado;Infraestructura;Carlos Medina;Distribuidora Horizonte;Huancayo;Externo;8;6.0;Sí;0;5.0
TCK-01081;2025-02-03;2025-02-03;Chat;Alta;Software;Actualización fallida;Resuelto;Soporte ERP;Camila Núñez;Servicios Lima;Huancayo;Externo;8;18.0;No;0;3.0
TCK-01082;2025-02-26;2025-03-02;Teléfono;Baja;Software;Error de aplicación;Cerrado;Seguridad;Ricardo Flores;Comercial Andina;Lima;Externo;48;118.0;No;4;3.0
TCK-01083;2025-08-29;2025-08-29;Chat;Crítica;Redes;Lentitud de red;Resuelto;Soporte ERP;Fernando Díaz;Comercial Andina;Trujillo;Externo;4;12.0;No;0;1.0
TCK-01084;2025-05-30;2025-05-31;Teléfono;Baja;Hardware;Falla de impresora;Cerrado;Seguridad;Valeria Rojas;Corporación Sierra;Lima;Interno;48;26.0;Sí;1;5.0
TCK-01085;2025-10-24;;Teléfono;Alta;Accesos;Cuenta bloqueada;En progreso;Aplicaciones;Patricia León;Servicios Lima;Trujillo;Interno;8;;No aplica;68;
TCK-01086;2025-05-16;;Correo;Media;ERP;Consulta de proceso;Abierto;Infraestructura;Jorge Salazar;Inversiones Sur;Arequipa;Externo;24;;No aplica;229;
TCK-01087;2025-06-19;2025-06-21;Teléfono;Media;Correo;No recibe correos;Resuelto;Infraestructura;Carlos Medina;Logística Central;Lima;Interno;24;51.0;No;2;3.0
TCK-01088;2025-07-05;2025-07-05;Teléfono;Media;Correo;Configuración de Outlook;Resuelto;Aplicaciones;Diego Vargas;Distribuidora Horizonte;Arequipa;Interno;24;20.0;Sí;0;4.0
TCK-01089;2025-11-08;2025-11-09;Correo;Media;Hardware;Equipo lento;Resuelto;Soporte ERP;Camila Núñez;Grupo Pacífico;Cusco;Interno;24;37.0;No;1;2.0
TCK-01090;2025-09-18;2025-09-21;Teléfono;Baja;Correo;No recibe correos;Resuelto;Aplicaciones;Lucía Herrera;Grupo Pacífico;Cusco;Externo;48;74.0;No;3;2.0
TCK-01091;2025-07-13;;Chat;Media;Correo;Error de envío;En progreso;Infraestructura;Jorge Salazar;Corporación Sierra;Lima;Interno;24;;No aplica;171;
TCK-01092;2025-06-25;;Correo;Alta;Correo;Configuración de Outlook;En progreso;Mesa de ayuda;María Paredes;Servicios Lima;Arequipa;Externo;8;;No aplica;189;
TCK-01093;2025-08-24;;Web;Media;ERP;Problema de permisos;Abierto;Infraestructura;Elena Chávez;Servicios Lima;Arequipa;Interno;24;;No aplica;129;
TCK-01094;2025-07-24;2025-07-25;Web;Baja;Redes;Lentitud de red;Resuelto;Soporte ERP;Fernando Díaz;Comercial Andina;Trujillo;Interno;48;39.0;Sí;1;5.0
TCK-01095;2025-04-04;;Teléfono;Media;ERP;Problema de permisos;En progreso;Seguridad;Ricardo Flores;Comercial Andina;Cusco;Externo;24;;No aplica;271;
TCK-01096;2025-10-10;2025-10-11;Correo;Media;Hardware;Equipo lento;Cerrado;Soporte ERP;Camila Núñez;Comercial Andina;Huancayo;Interno;24;35.0;No;1;3.0
TCK-01097;2025-10-25;2025-10-25;Web;Alta;Hardware;Falla de impresora;Cerrado;Mesa de ayuda;Ana Torres;Distribuidora Horizonte;Lima;Externo;8;4.0;Sí;0;5.0
TCK-01098;2025-04-12;2025-04-13;Correo;Media;Redes;Lentitud de red;Resuelto;Mesa de ayuda;María Paredes;Corporación Sierra;Lima;Externo;24;28.0;No;1;3.0
TCK-01099;2025-11-22;;Web;Media;CRM;Problema de sincronización;Abierto;Soporte ERP;Camila Núñez;Distribuidora Horizonte;Huancayo;Externo;24;;No aplica;39;
TCK-01100;2025-09-17;2025-09-17;Web;Alta;Redes;Lentitud de red;Resuelto;Infraestructura;Jorge Salazar;Logística Central;Cusco;Externo;8;22.0;No;0;2.0
TCK-01101;2025-02-27;2025-03-03;Chat;Baja;Redes;Lentitud de red;Resuelto;Seguridad;Valeria Rojas;Grupo Pacífico;Huancayo;Interno;48;105.0;No;4;2.0
TCK-01102;2025-12-11;2025-12-12;Correo;Baja;ERP;Problema de permisos;Resuelto;Soporte ERP;Fernando Díaz;Servicios Lima;Lima;Interno;48;35.0;Sí;1;5.0
TCK-01103;2025-09-14;2025-09-15;Correo;Baja;ERP;Consulta de proceso;Resuelto;Soporte ERP;Fernando Díaz;Grupo Pacífico;Arequipa;Interno;48;32.0;Sí;1;5.0
TCK-01104;2025-03-29;;Chat;Media;Correo;Error de envío;En progreso;Soporte ERP;Camila Núñez;Logística Central;Huancayo;Externo;24;;No aplica;277;
TCK-01105;2025-08-30;2025-09-01;Chat;Baja;Redes;VPN;Resuelto;Aplicaciones;Lucía Herrera;Inversiones Sur;Trujillo;Externo;48;62.0;No;2;3.0
TCK-01106;2025-07-21;2025-07-21;Teléfono;Crítica;Hardware;Falla de impresora;Cerrado;Aplicaciones;Lucía Herrera;Grupo Pacífico;Trujillo;Externo;4;1.0;Sí;0;4.0
TCK-01107;2025-04-17;2025-04-17;Teléfono;Alta;Hardware;Falla de impresora;Cerrado;Seguridad;Valeria Rojas;Inversiones Sur;Cusco;Interno;8;8.0;Sí;0;5.0
TCK-01108;2025-05-21;2025-05-21;Correo;Alta;Accesos;Cuenta bloqueada;Resuelto;Soporte ERP;Camila Núñez;Comercial Andina;Trujillo;Externo;8;9.0;No;0;2.0
TCK-01109;2025-11-07;;Web;Crítica;Redes;VPN;Abierto;Soporte ERP;Camila Núñez;Distribuidora Horizonte;Arequipa;Interno;4;;No aplica;54;
TCK-01110;2025-08-30;2025-08-31;Correo;Media;CRM;Consulta de cliente;Resuelto;Seguridad;Ricardo Flores;Grupo Pacífico;Cusco;Externo;24;29.0;No;1;3.0
TCK-01111;2025-02-15;2025-02-16;Web;Media;ERP;Consulta de proceso;Resuelto;Soporte ERP;Camila Núñez;Comercial Andina;Huancayo;Interno;24;44.0;No;1;2.0
TCK-01112;2025-08-17;2025-08-17;Teléfono;Alta;Software;Instalación de programa;Resuelto;Aplicaciones;Diego Vargas;Servicios Lima;Arequipa;Externo;8;21.0;No;0;3.0
TCK-01113;2025-01-12;2025-01-12;Correo;Media;CRM;Problema de sincronización;Resuelto;Mesa de ayuda;María Paredes;Comercial Andina;Cusco;Externo;24;6.0;Sí;0;5.0
TCK-01114;2025-01-17;2025-01-20;Chat;Baja;Correo;Error de envío;Resuelto;Aplicaciones;Lucía Herrera;Inversiones Sur;Lima;Interno;48;80.0;No;3;1.0
TCK-01115;2025-10-13;2025-10-14;Teléfono;Media;CRM;Error de registro;Cerrado;Soporte ERP;Camila Núñez;Servicios Lima;Lima;Externo;24;39.0;No;1;2.0
TCK-01116;2025-08-20;;Chat;Baja;Redes;Sin conexión;En progreso;Infraestructura;Elena Chávez;Inversiones Sur;Trujillo;Externo;48;;No aplica;133;
TCK-01117;2025-01-11;2025-01-11;Web;Alta;Accesos;Restablecimiento de contraseña;Resuelto;Mesa de ayuda;Ana Torres;Inversiones Sur;Trujillo;Interno;8;10.0;No;0;1.0
TCK-01118;2025-10-27;2025-10-28;Teléfono;Media;ERP;Error en módulo;Resuelto;Soporte ERP;Camila Núñez;Grupo Pacífico;Huancayo;Interno;24;30.0;No;1;2.0
TCK-01119;2025-04-03;2025-04-04;Correo;Media;Hardware;Equipo lento;Cerrado;Soporte ERP;Camila Núñez;Retail Norte;Arequipa;Externo;24;33.0;No;1;3.0
TCK-01120;2025-04-17;2025-04-17;Correo;Alta;Software;Error de aplicación;Cancelado;Aplicaciones;Patricia León;Grupo Pacífico;Trujillo;Interno;8;;No aplica;0;
TCK-01121;2025-01-14;2025-01-16;Web;Media;Accesos;Restablecimiento de contraseña;Cerrado;Seguridad;Valeria Rojas;Corporación Sierra;Huancayo;Interno;24;52.0;No;2;3.0
TCK-01122;2025-03-05;2025-03-05;Correo;Alta;ERP;Problema de permisos;Cerrado;Mesa de ayuda;Ana Torres;Servicios Lima;Lima;Externo;8;21.0;No;0;2.0
TCK-01123;2025-06-12;;Web;Alta;Correo;Error de envío;Abierto;Seguridad;Valeria Rojas;Retail Norte;Trujillo;Interno;8;;No aplica;202;
TCK-01124;2025-01-04;2025-01-04;Web;Media;Hardware;Falla de impresora;Cancelado;Aplicaciones;Diego Vargas;Retail Norte;Trujillo;Externo;24;;No aplica;0;
TCK-01125;2025-12-26;2025-12-27;Correo;Media;Accesos;Restablecimiento de contraseña;Resuelto;Aplicaciones;Lucía Herrera;Inversiones Sur;Lima;Interno;24;35.0;No;1;1.0
TCK-01126;2025-10-17;;Correo;Media;Accesos;Restablecimiento de contraseña;En progreso;Mesa de ayuda;María Paredes;Servicios Lima;Arequipa;Externo;24;;No aplica;75;
TCK-01127;2025-11-13;;Web;Alta;Correo;No recibe correos;En progreso;Infraestructura;Jorge Salazar;Retail Norte;Huancayo;Interno;8;;No aplica;48;
TCK-01128;2025-09-12;2025-09-12;Correo;Media;CRM;Problema de sincronización;Resuelto;Soporte ERP;Camila Núñez;Comercial Andina;Lima;Externo;24;7.0;Sí;0;5.0
TCK-01129;2025-01-18;2025-01-18;Teléfono;Alta;Correo;Error de envío;Resuelto;Soporte ERP;Fernando Díaz;Grupo Pacífico;Lima;Interno;8;13.0;No;0;1.0
TCK-01130;2025-02-17;2025-02-17;Web;Crítica;Accesos;Permisos de usuario;Cancelado;Soporte ERP;Camila Núñez;Grupo Pacífico;Cusco;Interno;4;;No aplica;0;
TCK-01131;2025-09-01;;Web;Baja;ERP;Problema de permisos;En progreso;Aplicaciones;Lucía Herrera;Retail Norte;Trujillo;Externo;48;;No aplica;121;
TCK-01132;2025-10-20;;Correo;Alta;Software;Error de aplicación;En progreso;Mesa de ayuda;María Paredes;Retail Norte;Trujillo;Externo;8;;No aplica;72;
TCK-01133;2025-11-11;;Correo;Alta;ERP;Consulta de proceso;En progreso;Aplicaciones;Lucía Herrera;Distribuidora Horizonte;Cusco;Externo;8;;No aplica;50;
TCK-01134;2025-03-09;;Correo;Media;ERP;Error en módulo;En progreso;Seguridad;Ricardo Flores;Servicios Lima;Huancayo;Interno;24;;No aplica;297;
TCK-01135;2025-03-15;;Web;Baja;Accesos;Permisos de usuario;En progreso;Mesa de ayuda;María Paredes;Distribuidora Horizonte;Trujillo;Externo;48;;No aplica;291;
TCK-01136;2025-04-07;2025-04-10;Web;Baja;Accesos;Restablecimiento de contraseña;Resuelto;Seguridad;Valeria Rojas;Distribuidora Horizonte;Lima;Externo;48;91.0;No;3;3.0
TCK-01137;2025-06-22;;Correo;Baja;CRM;Problema de sincronización;En progreso;Soporte ERP;Camila Núñez;Retail Norte;Arequipa;Externo;48;;No aplica;192;
TCK-01138;2025-02-02;;Teléfono;Media;Correo;No recibe correos;Abierto;Mesa de ayuda;Ana Torres;Distribuidora Horizonte;Lima;Interno;24;;No aplica;332;
TCK-01139;2025-10-09;2025-10-09;Teléfono;Alta;Accesos;Permisos de usuario;Resuelto;Soporte ERP;Fernando Díaz;Grupo Pacífico;Trujillo;Interno;8;6.0;Sí;0;4.0
TCK-01140;2025-01-09;2025-01-11;Correo;Media;CRM;Error de registro;Resuelto;Soporte ERP;Fernando Díaz;Inversiones Sur;Cusco;Interno;24;71.0;No;2;1.0
TCK-01141;2025-07-11;2025-07-12;Correo;Media;CRM;Consulta de cliente;Resuelto;Infraestructura;Elena Chávez;Grupo Pacífico;Cusco;Externo;24;29.0;No;1;2.0
TCK-01142;2025-01-26;2025-01-26;Chat;Baja;Correo;Error de envío;Resuelto;Seguridad;Valeria Rojas;Inversiones Sur;Huancayo;Externo;48;8.0;Sí;0;4.0
TCK-01143;2025-05-09;;Teléfono;Media;ERP;Problema de permisos;En progreso;Soporte ERP;Fernando Díaz;Comercial Andina;Trujillo;Interno;24;;No aplica;236;
TCK-01144;2025-03-15;2025-03-15;Web;Alta;Software;Instalación de programa;Cancelado;Infraestructura;Elena Chávez;Corporación Sierra;Trujillo;Interno;8;;No aplica;0;
TCK-01145;2025-06-29;2025-07-02;Correo;Baja;Accesos;Restablecimiento de contraseña;Resuelto;Soporte ERP;Fernando Díaz;Servicios Lima;Trujillo;Interno;48;94.0;No;3;2.0
TCK-01146;2025-06-17;2025-06-17;Correo;Alta;Hardware;Cambio de periférico;Resuelto;Soporte ERP;Camila Núñez;Servicios Lima;Trujillo;Externo;8;5.0;Sí;0;5.0
TCK-01147;2025-03-20;2025-03-22;Correo;Baja;Redes;VPN;Cerrado;Mesa de ayuda;Luis Ramos;Logística Central;Lima;Externo;48;62.0;No;2;3.0
TCK-01148;2025-03-28;2025-03-29;Chat;Media;CRM;Problema de sincronización;Cerrado;Infraestructura;Elena Chávez;Retail Norte;Lima;Externo;24;34.0;No;1;3.0
TCK-01149;2025-09-11;2025-09-13;Teléfono;Baja;ERP;Error en módulo;Resuelto;Aplicaciones;Lucía Herrera;Logística Central;Arequipa;Externo;48;61.0;No;2;3.0
TCK-01150;2025-05-09;;Chat;Alta;CRM;Problema de sincronización;Abierto;Infraestructura;Elena Chávez;Distribuidora Horizonte;Huancayo;Externo;8;;No aplica;236;
TCK-01151;2025-12-07;2025-12-10;Correo;Baja;Accesos;Cuenta bloqueada;Cerrado;Soporte ERP;Camila Núñez;Corporación Sierra;Lima;Interno;48;83.0;No;3;3.0
TCK-01152;2025-02-20;2025-02-20;Web;Alta;Redes;Lentitud de red;Cerrado;Soporte ERP;Camila Núñez;Corporación Sierra;Lima;Externo;8;22.0;No;0;2.0
TCK-01153;2025-08-24;2025-08-24;Web;Media;CRM;Consulta de cliente;Cerrado;Seguridad;Ricardo Flores;Servicios Lima;Cusco;Interno;24;7.0;Sí;0;5.0
TCK-01154;2025-02-20;;Correo;Media;Accesos;Permisos de usuario;Abierto;Aplicaciones;Lucía Herrera;Inversiones Sur;Arequipa;Interno;24;;No aplica;314;
TCK-01155;2025-05-22;2025-05-22;Web;Crítica;ERP;Consulta de proceso;Resuelto;Infraestructura;Carlos Medina;Inversiones Sur;Trujillo;Externo;4;3.0;Sí;0;5.0
TCK-01156;2025-02-15;2025-02-16;Correo;Media;CRM;Error de registro;Cerrado;Aplicaciones;Diego Vargas;Retail Norte;Lima;Externo;24;44.0;No;1;3.0
TCK-01157;2025-09-12;;Web;Baja;CRM;Consulta de cliente;En progreso;Seguridad;Valeria Rojas;Inversiones Sur;Trujillo;Externo;48;;No aplica;110;
TCK-01158;2025-03-23;;Chat;Media;Correo;Error de envío;Abierto;Soporte ERP;Camila Núñez;Grupo Pacífico;Trujillo;Interno;24;;No aplica;283;
TCK-01159;2025-04-12;2025-04-14;Correo;Media;ERP;Consulta de proceso;Cerrado;Aplicaciones;Patricia León;Inversiones Sur;Cusco;Externo;24;54.0;No;2;1.0
TCK-01160;2025-07-17;2025-07-21;Correo;Baja;CRM;Problema de sincronización;Cerrado;Soporte ERP;Fernando Díaz;Inversiones Sur;Huancayo;Externo;48;113.0;No;4;1.0
TCK-01161;2025-05-06;2025-05-06;Web;Media;Accesos;Restablecimiento de contraseña;Resuelto;Infraestructura;Carlos Medina;Servicios Lima;Trujillo;Interno;24;22.0;Sí;0;4.0
TCK-01162;2025-06-01;2025-06-01;Correo;Crítica;CRM;Problema de sincronización;Resuelto;Seguridad;Ricardo Flores;Corporación Sierra;Huancayo;Externo;4;11.0;No;0;3.0
TCK-01163;2025-07-18;2025-07-18;Teléfono;Media;CRM;Problema de sincronización;Cancelado;Seguridad;Valeria Rojas;Inversiones Sur;Huancayo;Externo;24;;No aplica;0;
TCK-01164;2025-07-02;2025-07-05;Correo;Media;CRM;Consulta de cliente;Resuelto;Infraestructura;Elena Chávez;Grupo Pacífico;Lima;Externo;24;72.0;No;3;2.0
TCK-01165;2025-02-23;2025-02-25;Teléfono;Media;ERP;Problema de permisos;Cerrado;Soporte ERP;Fernando Díaz;Distribuidora Horizonte;Arequipa;Interno;24;62.0;No;2;3.0
TCK-01166;2025-08-13;2025-08-13;Web;Media;Software;Error de aplicación;Cancelado;Soporte ERP;Camila Núñez;Comercial Andina;Arequipa;Externo;24;;No aplica;0;
TCK-01167;2025-03-17;2025-03-17;Correo;Media;Redes;Lentitud de red;Cancelado;Aplicaciones;Lucía Herrera;Comercial Andina;Cusco;Externo;24;;No aplica;0;
TCK-01168;2025-12-27;2025-12-27;Teléfono;Alta;ERP;Consulta de proceso;Resuelto;Aplicaciones;Lucía Herrera;Logística Central;Arequipa;Interno;8;20.0;No;0;3.0
TCK-01169;2025-07-28;2025-07-28;Correo;Media;Redes;Sin conexión;Resuelto;Soporte ERP;Fernando Díaz;Inversiones Sur;Cusco;Interno;24;13.0;Sí;0;4.0
TCK-01170;2025-09-29;;Web;Alta;Correo;No recibe correos;En progreso;Infraestructura;Carlos Medina;Distribuidora Horizonte;Lima;Externo;8;;No aplica;93;
TCK-01171;2025-02-15;2025-02-16;Correo;Media;ERP;Consulta de proceso;Resuelto;Seguridad;Valeria Rojas;Distribuidora Horizonte;Huancayo;Externo;24;27.0;No;1;1.0
TCK-01172;2025-06-09;2025-06-11;Web;Media;Accesos;Restablecimiento de contraseña;Cerrado;Infraestructura;Jorge Salazar;Corporación Sierra;Huancayo;Interno;24;48.0;No;2;3.0
TCK-01173;2025-11-21;;Correo;Media;Redes;Sin conexión;Abierto;Soporte ERP;Fernando Díaz;Comercial Andina;Arequipa;Interno;24;;No aplica;40;
TCK-01174;2025-03-28;;Correo;Baja;Redes;VPN;Abierto;Aplicaciones;Patricia León;Inversiones Sur;Lima;Interno;48;;No aplica;278;
TCK-01175;2025-04-07;2025-04-09;Web;Media;Redes;Sin conexión;Resuelto;Infraestructura;Elena Chávez;Inversiones Sur;Cusco;Interno;24;60.0;No;2;3.0
TCK-01176;2025-04-01;2025-04-03;Web;Baja;Correo;No recibe correos;Resuelto;Soporte ERP;Fernando Díaz;Logística Central;Arequipa;Interno;48;52.0;No;2;3.0
TCK-01177;2025-04-03;;Web;Alta;Software;Actualización fallida;Abierto;Infraestructura;Elena Chávez;Inversiones Sur;Trujillo;Externo;8;;No aplica;272;
TCK-01178;2025-08-18;;Chat;Media;Software;Instalación de programa;Abierto;Infraestructura;Carlos Medina;Distribuidora Horizonte;Huancayo;Externo;24;;No aplica;135;
TCK-01179;2025-01-22;2025-01-26;Web;Baja;CRM;Consulta de cliente;Cerrado;Soporte ERP;Fernando Díaz;Retail Norte;Arequipa;Externo;48;104.0;No;4;3.0
TCK-01180;2025-11-26;2025-11-28;Correo;Media;Software;Instalación de programa;Resuelto;Seguridad;Valeria Rojas;Corporación Sierra;Trujillo;Interno;24;66.0;No;2;1.0
TCK-01181;2025-09-09;2025-09-10;Correo;Media;Redes;VPN;Resuelto;Aplicaciones;Lucía Herrera;Comercial Andina;Cusco;Interno;24;28.0;No;1;1.0
TCK-01182;2025-06-07;2025-06-07;Chat;Media;Software;Actualización fallida;Resuelto;Aplicaciones;Lucía Herrera;Comercial Andina;Cusco;Interno;24;10.0;Sí;0;5.0
TCK-01183;2025-07-17;;Correo;Baja;CRM;Consulta de cliente;Abierto;Seguridad;Ricardo Flores;Inversiones Sur;Lima;Interno;48;;No aplica;167;
TCK-01184;2025-02-20;;Web;Alta;Redes;Sin conexión;En progreso;Infraestructura;Jorge Salazar;Servicios Lima;Cusco;Interno;8;;No aplica;314;
TCK-01185;2025-01-24;2025-01-24;Chat;Alta;Redes;Sin conexión;Resuelto;Infraestructura;Elena Chávez;Inversiones Sur;Huancayo;Externo;8;9.0;No;0;2.0
TCK-01186;2025-07-25;;Correo;Alta;ERP;Consulta de proceso;En progreso;Seguridad;Valeria Rojas;Servicios Lima;Arequipa;Externo;8;;No aplica;159;
TCK-01187;2025-12-20;2025-12-24;Correo;Baja;CRM;Error de registro;Resuelto;Seguridad;Valeria Rojas;Comercial Andina;Trujillo;Interno;48;97.0;No;4;2.0
TCK-01188;2025-03-07;2025-03-07;Teléfono;Alta;Hardware;Equipo lento;Resuelto;Seguridad;Ricardo Flores;Grupo Pacífico;Cusco;Externo;8;7.0;Sí;0;5.0
TCK-01189;2025-12-15;2025-12-16;Teléfono;Media;Redes;VPN;Resuelto;Soporte ERP;Camila Núñez;Retail Norte;Lima;Externo;24;29.0;No;1;1.0
TCK-01190;2025-10-12;2025-10-12;Teléfono;Alta;Hardware;Falla de impresora;Resuelto;Seguridad;Ricardo Flores;Retail Norte;Huancayo;Interno;8;14.0;No;0;1.0
TCK-01191;2025-02-12;;Teléfono;Baja;Correo;Error de envío;En progreso;Seguridad;Ricardo Flores;Distribuidora Horizonte;Cusco;Interno;48;;No aplica;322;
TCK-01192;2025-12-06;;Chat;Baja;Software;Actualización fallida;En progreso;Aplicaciones;Patricia León;Comercial Andina;Huancayo;Externo;48;;No aplica;25;
TCK-01193;2025-05-09;;Chat;Media;ERP;Error en módulo;En progreso;Seguridad;Valeria Rojas;Grupo Pacífico;Arequipa;Interno;24;;No aplica;236;
TCK-01194;2025-04-26;2025-04-26;Correo;Alta;Accesos;Restablecimiento de contraseña;Resuelto;Seguridad;Ricardo Flores;Servicios Lima;Cusco;Externo;8;19.0;No;0;1.0
TCK-01195;2025-03-15;;Web;Media;Hardware;Falla de impresora;Abierto;Soporte ERP;Fernando Díaz;Grupo Pacífico;Arequipa;Externo;24;;No aplica;291;
TCK-01196;2025-01-20;;Correo;Alta;Accesos;Restablecimiento de contraseña;En progreso;Soporte ERP;Fernando Díaz;Corporación Sierra;Cusco;Interno;8;;No aplica;345;
TCK-01197;2025-04-25;2025-04-25;Teléfono;Crítica;Hardware;Cambio de periférico;Resuelto;Seguridad;Valeria Rojas;Logística Central;Cusco;Externo;4;8.0;No;0;3.0
TCK-01198;2025-05-02;2025-05-03;Teléfono;Media;ERP;Consulta de proceso;Resuelto;Seguridad;Ricardo Flores;Distribuidora Horizonte;Cusco;Externo;24;32.0;No;1;1.0
TCK-01199;2025-05-27;2025-05-27;Web;Alta;Redes;Sin conexión;Cancelado;Aplicaciones;Lucía Herrera;Comercial Andina;Trujillo;Externo;8;;No aplica;0;
TCK-01200;2025-01-22;2025-01-24;Web;Media;Software;Instalación de programa;Resuelto;Infraestructura;Elena Chávez;Inversiones Sur;Huancayo;Externo;24;57.0;No;2;2.0
TCK-01201;2025-08-24;2025-08-25;Teléfono;Media;Redes;VPN;Resuelto;Aplicaciones;Lucía Herrera;Corporación Sierra;Huancayo;Interno;24;35.0;No;1;1.0
TCK-01202;2025-12-31;2025-12-31;Correo;Alta;ERP;Problema de permisos;Cerrado;Aplicaciones;Diego Vargas;Corporación Sierra;Arequipa;Externo;8;8.0;Sí;0;5.0
TCK-01203;2025-03-14;2025-03-15;Web;Media;CRM;Consulta de cliente;Resuelto;Seguridad;Ricardo Flores;Servicios Lima;Huancayo;Externo;24;24.0;Sí;1;5.0
TCK-01204;2025-09-22;;Web;Baja;Software;Instalación de programa;Abierto;Soporte ERP;Fernando Díaz;Logística Central;Cusco;Interno;48;;No aplica;100;
TCK-01205;2025-11-25;;Web;Baja;Accesos;Permisos de usuario;En progreso;Seguridad;Ricardo Flores;Grupo Pacífico;Trujillo;Externo;48;;No aplica;36;
TCK-01206;2025-11-09;2025-11-09;Chat;Media;Hardware;Cambio de periférico;Cerrado;Mesa de ayuda;Ana Torres;Retail Norte;Lima;Interno;24;10.0;Sí;0;5.0
TCK-01207;2025-02-16;;Correo;Baja;Software;Error de aplicación;En progreso;Aplicaciones;Patricia León;Inversiones Sur;Cusco;Externo;48;;No aplica;318;
TCK-01208;2025-10-26;2025-10-28;Chat;Media;Software;Instalación de programa;Resuelto;Aplicaciones;Patricia León;Grupo Pacífico;Huancayo;Interno;24;57.0;No;2;1.0
TCK-01209;2025-09-30;2025-10-02;Chat;Media;ERP;Consulta de proceso;Resuelto;Aplicaciones;Lucía Herrera;Servicios Lima;Lima;Interno;24;60.0;No;2;1.0
TCK-01210;2025-01-21;2025-01-23;Correo;Media;Software;Error de aplicación;Resuelto;Soporte ERP;Camila Núñez;Distribuidora Horizonte;Cusco;Interno;24;61.0;No;2;1.0
TCK-01211;2025-09-09;2025-09-11;Chat;Media;Hardware;Falla de impresora;Cerrado;Mesa de ayuda;Ana Torres;Grupo Pacífico;Cusco;Externo;24;54.0;No;2;1.0
TCK-01212;2025-02-26;2025-02-26;Chat;Baja;ERP;Consulta de proceso;Resuelto;Aplicaciones;Lucía Herrera;Retail Norte;Arequipa;Externo;48;10.0;Sí;0;5.0
TCK-01213;2025-03-28;2025-03-29;Web;Alta;Correo;No recibe correos;Resuelto;Seguridad;Valeria Rojas;Grupo Pacífico;Lima;Interno;8;24.0;No;1;2.0
TCK-01214;2025-05-15;;Web;Media;ERP;Problema de permisos;Abierto;Seguridad;Ricardo Flores;Inversiones Sur;Cusco;Interno;24;;No aplica;230;
TCK-01215;2025-03-08;;Chat;Baja;Correo;No recibe correos;Abierto;Aplicaciones;Diego Vargas;Servicios Lima;Trujillo;Externo;48;;No aplica;298;
TCK-01216;2025-07-18;2025-07-20;Correo;Media;Redes;VPN;Resuelto;Soporte ERP;Camila Núñez;Corporación Sierra;Arequipa;Interno;24;48.0;No;2;3.0
TCK-01217;2025-05-14;;Web;Media;Accesos;Cuenta bloqueada;En progreso;Mesa de ayuda;María Paredes;Inversiones Sur;Cusco;Interno;24;;No aplica;231;
TCK-01218;2025-01-12;;Teléfono;Baja;Hardware;Equipo lento;Abierto;Aplicaciones;Patricia León;Grupo Pacífico;Cusco;Interno;48;;No aplica;353;
TCK-01219;2025-02-14;;Chat;Crítica;CRM;Problema de sincronización;Abierto;Soporte ERP;Fernando Díaz;Grupo Pacífico;Cusco;Externo;4;;No aplica;320;
TCK-01220;2025-11-20;;Chat;Baja;Hardware;Equipo lento;Abierto;Infraestructura;Carlos Medina;Retail Norte;Huancayo;Interno;48;;No aplica;41;
TCK-01221;2025-02-16;;Correo;Baja;Hardware;Cambio de periférico;En progreso;Mesa de ayuda;Luis Ramos;Inversiones Sur;Cusco;Interno;48;;No aplica;318;
TCK-01222;2025-09-01;2025-09-03;Teléfono;Media;ERP;Error en módulo;Resuelto;Seguridad;Valeria Rojas;Comercial Andina;Trujillo;Interno;24;68.0;No;2;1.0
TCK-01223;2025-02-10;;Correo;Alta;Correo;Configuración de Outlook;En progreso;Infraestructura;Elena Chávez;Retail Norte;Lima;Interno;8;;No aplica;324;
TCK-01224;2025-04-06;;Teléfono;Baja;Accesos;Cuenta bloqueada;En progreso;Soporte ERP;Camila Núñez;Corporación Sierra;Cusco;Externo;48;;No aplica;269;
TCK-01225;2025-04-22;2025-04-22;Web;Baja;Correo;No recibe correos;Cerrado;Aplicaciones;Diego Vargas;Grupo Pacífico;Lima;Interno;48;16.0;Sí;0;5.0
TCK-01226;2025-06-26;2025-06-26;Chat;Crítica;Accesos;Restablecimiento de contraseña;Cerrado;Seguridad;Ricardo Flores;Retail Norte;Arequipa;Externo;4;12.0;No;0;3.0
TCK-01227;2025-11-07;;Teléfono;Crítica;CRM;Problema de sincronización;En progreso;Seguridad;Valeria Rojas;Distribuidora Horizonte;Arequipa;Externo;4;;No aplica;54;
TCK-01228;2025-06-03;2025-06-03;Teléfono;Media;Software;Error de aplicación;Cancelado;Soporte ERP;Fernando Díaz;Comercial Andina;Arequipa;Externo;24;;No aplica;0;
TCK-01229;2025-08-25;2025-08-27;Correo;Baja;Accesos;Permisos de usuario;Cerrado;Seguridad;Valeria Rojas;Grupo Pacífico;Huancayo;Externo;48;61.0;No;2;1.0
TCK-01230;2025-03-13;2025-03-14;Teléfono;Media;Software;Instalación de programa;Cerrado;Aplicaciones;Patricia León;Corporación Sierra;Huancayo;Interno;24;27.0;No;1;1.0
TCK-01231;2025-02-18;2025-02-19;Correo;Media;Software;Error de aplicación;Resuelto;Seguridad;Valeria Rojas;Grupo Pacífico;Arequipa;Externo;24;33.0;No;1;1.0
TCK-01232;2025-09-07;2025-09-08;Web;Media;CRM;Error de registro;Resuelto;Seguridad;Ricardo Flores;Inversiones Sur;Lima;Interno;24;45.0;No;1;3.0
TCK-01233;2025-09-02;2025-09-02;Web;Alta;Accesos;Restablecimiento de contraseña;Resuelto;Seguridad;Valeria Rojas;Comercial Andina;Arequipa;Interno;8;12.0;No;0;3.0
TCK-01234;2025-06-09;;Teléfono;Media;Software;Actualización fallida;En progreso;Aplicaciones;Diego Vargas;Inversiones Sur;Huancayo;Externo;24;;No aplica;205;
TCK-01235;2025-10-17;2025-10-17;Chat;Crítica;Accesos;Restablecimiento de contraseña;Resuelto;Infraestructura;Jorge Salazar;Servicios Lima;Arequipa;Externo;4;5.0;No;0;3.0
TCK-01236;2025-06-24;;Web;Media;Software;Instalación de programa;En progreso;Soporte ERP;Fernando Díaz;Servicios Lima;Huancayo;Externo;24;;No aplica;190;
TCK-01237;2025-10-16;2025-10-16;Web;Crítica;Hardware;Falla de impresora;Resuelto;Infraestructura;Elena Chávez;Inversiones Sur;Lima;Externo;4;8.0;No;0;3.0
TCK-01238;2025-05-17;;Correo;Media;CRM;Problema de sincronización;En progreso;Infraestructura;Jorge Salazar;Comercial Andina;Trujillo;Interno;24;;No aplica;228;
TCK-01239;2025-04-25;2025-04-28;Web;Media;Accesos;Cuenta bloqueada;Cerrado;Infraestructura;Jorge Salazar;Inversiones Sur;Trujillo;Externo;24;72.0;No;3;1.0
TCK-01240;2025-11-27;2025-11-28;Correo;Baja;Redes;Lentitud de red;Resuelto;Mesa de ayuda;María Paredes;Servicios Lima;Cusco;Externo;48;39.0;Sí;1;5.0
TCK-01241;2025-08-05;2025-08-07;Teléfono;Baja;Software;Error de aplicación;Resuelto;Aplicaciones;Patricia León;Comercial Andina;Trujillo;Interno;48;55.0;No;2;2.0
TCK-01242;2025-03-17;;Web;Media;Accesos;Permisos de usuario;En progreso;Mesa de ayuda;Luis Ramos;Distribuidora Horizonte;Arequipa;Interno;24;;No aplica;289;
TCK-01243;2025-12-28;2025-12-28;Web;Alta;Redes;Sin conexión;Resuelto;Mesa de ayuda;Ana Torres;Inversiones Sur;Cusco;Externo;8;13.0;No;0;1.0
TCK-01244;2025-06-11;;Teléfono;Media;Accesos;Cuenta bloqueada;Abierto;Aplicaciones;Diego Vargas;Grupo Pacífico;Arequipa;Interno;24;;No aplica;203;
TCK-01245;2025-11-26;2025-11-26;Correo;Media;Correo;No recibe correos;Resuelto;Infraestructura;Jorge Salazar;Retail Norte;Lima;Interno;24;23.0;Sí;0;4.0
TCK-01246;2025-09-25;;Correo;Media;Redes;VPN;Abierto;Aplicaciones;Patricia León;Corporación Sierra;Arequipa;Interno;24;;No aplica;97;
TCK-01247;2025-09-10;2025-09-10;Web;Crítica;CRM;Problema de sincronización;Resuelto;Infraestructura;Elena Chávez;Retail Norte;Huancayo;Externo;4;3.0;Sí;0;4.0
TCK-01248;2025-05-14;2025-05-14;Correo;Crítica;Hardware;Equipo lento;Resuelto;Infraestructura;Jorge Salazar;Comercial Andina;Lima;Interno;4;4.0;Sí;0;4.0
TCK-01249;2025-03-12;2025-03-14;Web;Media;ERP;Consulta de proceso;Cerrado;Mesa de ayuda;María Paredes;Logística Central;Trujillo;Interno;24;57.0;No;2;3.0
TCK-01250;2025-02-04;;Correo;Media;Correo;Error de envío;En progreso;Mesa de ayuda;Luis Ramos;Retail Norte;Cusco;Externo;24;;No aplica;330;
TCK-01251;2025-09-18;;Chat;Alta;Correo;No recibe correos;En progreso;Soporte ERP;Camila Núñez;Logística Central;Cusco;Externo;8;;No aplica;104;
TCK-01252;2025-09-19;2025-09-22;Web;Baja;Redes;VPN;Cerrado;Infraestructura;Jorge Salazar;Logística Central;Trujillo;Interno;48;91.0;No;3;2.0
TCK-01253;2025-08-20;2025-08-20;Correo;Media;Correo;Error de envío;Resuelto;Infraestructura;Carlos Medina;Retail Norte;Lima;Externo;24;17.0;Sí;0;4.0
TCK-01254;2025-04-13;2025-04-13;Teléfono;Media;ERP;Problema de permisos;Resuelto;Infraestructura;Elena Chávez;Logística Central;Arequipa;Externo;24;10.0;Sí;0;4.0
TCK-01255;2025-10-18;;Chat;Baja;Hardware;Falla de impresora;En progreso;Mesa de ayuda;Ana Torres;Grupo Pacífico;Arequipa;Interno;48;;No aplica;74;
TCK-01256;2025-09-13;2025-09-14;Chat;Media;Accesos;Cuenta bloqueada;Resuelto;Infraestructura;Jorge Salazar;Distribuidora Horizonte;Cusco;Externo;24;35.0;No;1;1.0
TCK-01257;2025-11-12;;Correo;Crítica;Hardware;Equipo lento;Abierto;Aplicaciones;Patricia León;Logística Central;Trujillo;Externo;4;;No aplica;49;
TCK-01258;2025-10-18;2025-10-18;Chat;Alta;ERP;Error en módulo;Resuelto;Seguridad;Valeria Rojas;Retail Norte;Arequipa;Externo;8;22.0;No;0;1.0
TCK-01259;2025-06-02;2025-06-02;Teléfono;Baja;Redes;VPN;Resuelto;Infraestructura;Carlos Medina;Comercial Andina;Trujillo;Interno;48;9.0;Sí;0;4.0
TCK-01260;2025-02-14;2025-02-14;Teléfono;Media;ERP;Problema de permisos;Cerrado;Aplicaciones;Diego Vargas;Comercial Andina;Cusco;Externo;24;12.0;Sí;0;4.0
TCK-01261;2025-04-21;;Correo;Media;Accesos;Permisos de usuario;Abierto;Seguridad;Valeria Rojas;Grupo Pacífico;Lima;Interno;24;;No aplica;254;
TCK-01262;2025-12-03;2025-12-07;Correo;Baja;Redes;Lentitud de red;Resuelto;Seguridad;Ricardo Flores;Logística Central;Lima;Externo;48;119.0;No;4;1.0
TCK-01263;2025-05-01;2025-05-01;Teléfono;Baja;Hardware;Cambio de periférico;Cancelado;Seguridad;Valeria Rojas;Servicios Lima;Lima;Externo;48;;No aplica;0;
TCK-01264;2025-02-15;2025-02-17;Web;Media;Software;Instalación de programa;Resuelto;Aplicaciones;Lucía Herrera;Grupo Pacífico;Arequipa;Externo;24;56.0;No;2;1.0
TCK-01265;2025-10-25;2025-10-26;Web;Media;Redes;Sin conexión;Resuelto;Seguridad;Valeria Rojas;Inversiones Sur;Trujillo;Interno;24;36.0;No;1;1.0
TCK-01266;2025-06-20;2025-06-21;Chat;Media;Correo;Configuración de Outlook;Resuelto;Infraestructura;Carlos Medina;Inversiones Sur;Cusco;Interno;24;47.0;No;1;3.0
TCK-01267;2025-11-20;2025-11-20;Teléfono;Alta;Software;Error de aplicación;Cerrado;Seguridad;Ricardo Flores;Corporación Sierra;Lima;Interno;8;18.0;No;0;1.0
TCK-01268;2025-10-22;2025-10-24;Correo;Baja;Software;Actualización fallida;Resuelto;Infraestructura;Elena Chávez;Inversiones Sur;Trujillo;Interno;48;49.0;No;2;3.0
TCK-01269;2025-07-11;2025-07-13;Web;Media;Accesos;Restablecimiento de contraseña;Resuelto;Soporte ERP;Camila Núñez;Corporación Sierra;Lima;Interno;24;62.0;No;2;1.0
TCK-01270;2025-12-22;;Chat;Alta;CRM;Consulta de cliente;Abierto;Mesa de ayuda;Luis Ramos;Grupo Pacífico;Lima;Externo;8;;No aplica;9;
TCK-01271;2025-05-04;;Teléfono;Media;ERP;Error en módulo;En progreso;Infraestructura;Carlos Medina;Comercial Andina;Lima;Externo;24;;No aplica;241;
TCK-01272;2025-03-03;2025-03-03;Correo;Baja;Hardware;Falla de impresora;Resuelto;Seguridad;Ricardo Flores;Corporación Sierra;Arequipa;Externo;48;9.0;Sí;0;5.0
TCK-01273;2025-06-25;2025-06-25;Web;Alta;Correo;Error de envío;Resuelto;Soporte ERP;Fernando Díaz;Distribuidora Horizonte;Lima;Externo;8;12.0;No;0;2.0
TCK-01274;2025-01-16;2025-01-18;Correo;Media;CRM;Consulta de cliente;Cerrado;Mesa de ayuda;Luis Ramos;Inversiones Sur;Trujillo;Interno;24;52.0;No;2;1.0
TCK-01275;2025-09-07;;Teléfono;Alta;Hardware;Equipo lento;En progreso;Infraestructura;Elena Chávez;Retail Norte;Trujillo;Externo;8;;No aplica;115;
TCK-01276;2025-06-22;;Correo;Baja;Redes;Lentitud de red;Abierto;Seguridad;Ricardo Flores;Corporación Sierra;Lima;Interno;48;;No aplica;192;
TCK-01277;2025-12-17;2025-12-21;Correo;Baja;Correo;Error de envío;Cerrado;Mesa de ayuda;María Paredes;Grupo Pacífico;Trujillo;Externo;48;97.0;No;4;3.0
TCK-01278;2025-07-18;2025-07-19;Teléfono;Media;Redes;Lentitud de red;Cerrado;Mesa de ayuda;María Paredes;Distribuidora Horizonte;Huancayo;Externo;24;41.0;No;1;1.0
TCK-01279;2025-01-21;;Correo;Media;Software;Error de aplicación;Abierto;Infraestructura;Jorge Salazar;Distribuidora Horizonte;Huancayo;Interno;24;;No aplica;344;
TCK-01280;2025-07-18;2025-07-22;Teléfono;Baja;CRM;Problema de sincronización;Cerrado;Mesa de ayuda;Luis Ramos;Grupo Pacífico;Huancayo;Externo;48;118.0;No;4;3.0
TCK-01281;2025-10-26;2025-10-26;Teléfono;Alta;ERP;Error en módulo;Resuelto;Mesa de ayuda;Ana Torres;Grupo Pacífico;Huancayo;Interno;8;16.0;No;0;2.0
TCK-01282;2025-07-07;2025-07-08;Teléfono;Media;ERP;Consulta de proceso;Resuelto;Soporte ERP;Fernando Díaz;Corporación Sierra;Trujillo;Interno;24;39.0;No;1;2.0
TCK-01283;2025-10-13;;Teléfono;Crítica;ERP;Consulta de proceso;Abierto;Seguridad;Valeria Rojas;Servicios Lima;Huancayo;Interno;4;;No aplica;79;
TCK-01284;2025-01-13;2025-01-14;Correo;Media;Accesos;Cuenta bloqueada;Resuelto;Soporte ERP;Camila Núñez;Logística Central;Trujillo;Interno;24;27.0;No;1;3.0
TCK-01285;2025-07-31;;Correo;Crítica;Redes;Sin conexión;En progreso;Seguridad;Ricardo Flores;Inversiones Sur;Lima;Interno;4;;No aplica;153;
TCK-01286;2025-02-27;2025-02-27;Web;Alta;Redes;Sin conexión;Resuelto;Aplicaciones;Patricia León;Distribuidora Horizonte;Huancayo;Interno;8;23.0;No;0;2.0
TCK-01287;2025-09-02;2025-09-02;Web;Alta;ERP;Problema de permisos;Resuelto;Soporte ERP;Fernando Díaz;Grupo Pacífico;Huancayo;Interno;8;4.0;Sí;0;5.0
TCK-01288;2025-09-20;;Chat;Crítica;ERP;Consulta de proceso;En progreso;Aplicaciones;Patricia León;Logística Central;Trujillo;Interno;4;;No aplica;102;
TCK-01289;2025-08-10;2025-08-10;Correo;Media;Software;Actualización fallida;Resuelto;Aplicaciones;Diego Vargas;Distribuidora Horizonte;Cusco;Interno;24;20.0;Sí;0;5.0
TCK-01290;2025-11-11;2025-11-13;Chat;Media;CRM;Consulta de cliente;Resuelto;Infraestructura;Carlos Medina;Logística Central;Trujillo;Interno;24;59.0;No;2;3.0
TCK-01291;2025-01-16;2025-01-18;Web;Media;CRM;Error de registro;Resuelto;Mesa de ayuda;Luis Ramos;Logística Central;Trujillo;Externo;24;63.0;No;2;3.0
TCK-01292;2025-06-24;2025-06-26;Correo;Media;Redes;VPN;Resuelto;Soporte ERP;Camila Núñez;Corporación Sierra;Cusco;Interno;24;64.0;No;2;2.0
TCK-01293;2025-02-16;2025-02-19;Teléfono;Baja;Correo;Configuración de Outlook;Resuelto;Mesa de ayuda;Luis Ramos;Logística Central;Arequipa;Externo;48;84.0;No;3;3.0
TCK-01294;2025-04-27;2025-04-28;Correo;Baja;Correo;No recibe correos;Cerrado;Aplicaciones;Diego Vargas;Servicios Lima;Arequipa;Externo;48;43.0;Sí;1;5.0
TCK-01295;2025-11-03;2025-11-04;Web;Media;CRM;Error de registro;Cerrado;Aplicaciones;Patricia León;Inversiones Sur;Cusco;Externo;24;30.0;No;1;2.0
TCK-01296;2025-10-25;2025-10-25;Web;Alta;Redes;Lentitud de red;Cerrado;Infraestructura;Carlos Medina;Inversiones Sur;Huancayo;Externo;8;13.0;No;0;1.0
TCK-01297;2025-07-20;2025-07-20;Web;Alta;Correo;Error de envío;Resuelto;Infraestructura;Jorge Salazar;Retail Norte;Arequipa;Interno;8;14.0;No;0;3.0
TCK-01298;2025-07-21;2025-07-21;Correo;Alta;Accesos;Permisos de usuario;Cerrado;Soporte ERP;Camila Núñez;Corporación Sierra;Huancayo;Externo;8;3.0;Sí;0;5.0
TCK-01299;2025-11-18;2025-11-18;Chat;Media;Accesos;Permisos de usuario;Resuelto;Mesa de ayuda;Ana Torres;Grupo Pacífico;Lima;Externo;24;10.0;Sí;0;4.0
TCK-01300;2025-02-05;;Correo;Media;CRM;Error de registro;En progreso;Seguridad;Ricardo Flores;Comercial Andina;Cusco;Interno;24;;No aplica;329;
TCK-01301;2025-01-06;2025-01-09;Correo;Baja;Redes;VPN;Resuelto;Infraestructura;Carlos Medina;Servicios Lima;Cusco;Externo;48;78.0;No;3;2.0
TCK-01302;2025-05-02;2025-05-03;Correo;Media;Software;Error de aplicación;Resuelto;Seguridad;Ricardo Flores;Comercial Andina;Huancayo;Interno;24;38.0;No;1;2.0
TCK-01303;2025-03-05;;Correo;Baja;Accesos;Cuenta bloqueada;En progreso;Infraestructura;Carlos Medina;Servicios Lima;Arequipa;Interno;48;;No aplica;301;
TCK-01304;2025-01-02;2025-01-04;Correo;Media;Correo;Error de envío;Resuelto;Seguridad;Ricardo Flores;Servicios Lima;Lima;Interno;24;56.0;No;2;3.0
TCK-01305;2025-08-16;2025-08-18;Web;Media;Correo;Error de envío;Resuelto;Mesa de ayuda;María Paredes;Logística Central;Huancayo;Externo;24;59.0;No;2;3.0
TCK-01306;2025-06-25;2025-06-27;Correo;Media;CRM;Problema de sincronización;Resuelto;Soporte ERP;Fernando Díaz;Inversiones Sur;Huancayo;Interno;24;52.0;No;2;1.0
TCK-01307;2025-07-26;2025-07-26;Correo;Media;Software;Actualización fallida;Resuelto;Aplicaciones;Patricia León;Corporación Sierra;Cusco;Externo;24;7.0;Sí;0;4.0
TCK-01308;2025-11-27;2025-11-29;Teléfono;Media;Accesos;Cuenta bloqueada;Cerrado;Aplicaciones;Diego Vargas;Corporación Sierra;Lima;Externo;24;59.0;No;2;3.0
TCK-01309;2025-08-17;;Chat;Alta;Software;Instalación de programa;En progreso;Aplicaciones;Diego Vargas;Distribuidora Horizonte;Huancayo;Interno;8;;No aplica;136;
TCK-01310;2025-04-23;2025-04-23;Chat;Media;CRM;Error de registro;Resuelto;Mesa de ayuda;Luis Ramos;Inversiones Sur;Lima;Interno;24;15.0;Sí;0;4.0
TCK-01311;2025-02-17;;Web;Media;Correo;Error de envío;En progreso;Seguridad;Ricardo Flores;Logística Central;Huancayo;Externo;24;;No aplica;317;
TCK-01312;2025-05-23;2025-05-23;Chat;Alta;Software;Actualización fallida;Resuelto;Mesa de ayuda;Ana Torres;Retail Norte;Cusco;Interno;8;20.0;No;0;3.0
TCK-01313;2025-04-01;2025-04-02;Correo;Media;Software;Error de aplicación;Resuelto;Mesa de ayuda;Ana Torres;Retail Norte;Lima;Interno;24;38.0;No;1;1.0
TCK-01314;2025-10-01;2025-10-02;Correo;Media;ERP;Error en módulo;Cerrado;Infraestructura;Elena Chávez;Grupo Pacífico;Huancayo;Interno;24;45.0;No;1;1.0
TCK-01315;2025-05-20;2025-05-20;Web;Crítica;Hardware;Falla de impresora;Resuelto;Infraestructura;Carlos Medina;Comercial Andina;Trujillo;Interno;4;3.0;Sí;0;4.0
TCK-01316;2025-11-08;2025-11-08;Teléfono;Media;Software;Instalación de programa;Resuelto;Infraestructura;Elena Chávez;Retail Norte;Huancayo;Interno;24;9.0;Sí;0;4.0
TCK-01317;2025-07-13;2025-07-13;Correo;Alta;Accesos;Cuenta bloqueada;Resuelto;Seguridad;Valeria Rojas;Distribuidora Horizonte;Cusco;Externo;8;21.0;No;0;3.0
TCK-01318;2025-07-27;2025-07-28;Teléfono;Media;Correo;Error de envío;Resuelto;Infraestructura;Carlos Medina;Servicios Lima;Lima;Externo;24;42.0;No;1;1.0
TCK-01319;2025-11-06;2025-11-06;Chat;Media;Hardware;Falla de impresora;Resuelto;Seguridad;Ricardo Flores;Comercial Andina;Huancayo;Externo;24;22.0;Sí;0;5.0
TCK-01320;2025-10-30;2025-10-31;Teléfono;Media;Redes;VPN;Resuelto;Infraestructura;Carlos Medina;Comercial Andina;Huancayo;Externo;24;36.0;No;1;2.0
TCK-01321;2025-07-24;2025-07-25;Web;Media;Accesos;Restablecimiento de contraseña;Cerrado;Seguridad;Ricardo Flores;Servicios Lima;Huancayo;Interno;24;41.0;No;1;2.0
TCK-01322;2025-01-28;2025-01-28;Web;Baja;CRM;Problema de sincronización;Cerrado;Mesa de ayuda;María Paredes;Logística Central;Arequipa;Externo;48;13.0;Sí;0;5.0
TCK-01323;2025-02-04;2025-02-04;Web;Alta;Software;Error de aplicación;Cerrado;Mesa de ayuda;Ana Torres;Logística Central;Lima;Interno;8;18.0;No;0;1.0
TCK-01324;2025-11-19;2025-11-19;Web;Crítica;CRM;Consulta de cliente;Resuelto;Seguridad;Valeria Rojas;Inversiones Sur;Arequipa;Externo;4;1.0;Sí;0;4.0
TCK-01325;2025-08-13;2025-08-15;Teléfono;Media;ERP;Problema de permisos;Resuelto;Soporte ERP;Fernando Díaz;Grupo Pacífico;Trujillo;Externo;24;60.0;No;2;3.0
TCK-01326;2025-11-22;2025-11-22;Correo;Alta;Hardware;Cambio de periférico;Cerrado;Seguridad;Valeria Rojas;Corporación Sierra;Huancayo;Interno;8;3.0;Sí;0;5.0
TCK-01327;2025-01-07;2025-01-07;Chat;Alta;Accesos;Restablecimiento de contraseña;Resuelto;Seguridad;Valeria Rojas;Servicios Lima;Lima;Interno;8;7.0;Sí;0;4.0
TCK-01328;2025-05-16;;Teléfono;Baja;Software;Actualización fallida;En progreso;Seguridad;Ricardo Flores;Retail Norte;Trujillo;Externo;48;;No aplica;229;
TCK-01329;2025-11-12;2025-11-14;Teléfono;Media;Redes;Lentitud de red;Resuelto;Soporte ERP;Camila Núñez;Inversiones Sur;Cusco;Interno;24;70.0;No;2;3.0
TCK-01330;2025-05-23;;Teléfono;Baja;CRM;Error de registro;En progreso;Seguridad;Valeria Rojas;Logística Central;Arequipa;Externo;48;;No aplica;222;
TCK-01331;2025-09-13;;Chat;Baja;Correo;Error de envío;Abierto;Aplicaciones;Patricia León;Grupo Pacífico;Cusco;Interno;48;;No aplica;109;
TCK-01332;2025-04-23;2025-04-23;Chat;Alta;Hardware;Cambio de periférico;Cerrado;Soporte ERP;Camila Núñez;Corporación Sierra;Trujillo;Externo;8;20.0;No;0;2.0
TCK-01333;2025-06-03;2025-06-03;Correo;Alta;ERP;Error en módulo;Resuelto;Aplicaciones;Patricia León;Corporación Sierra;Trujillo;Externo;8;6.0;Sí;0;5.0
TCK-01334;2025-08-31;2025-09-02;Chat;Media;Redes;Sin conexión;Resuelto;Seguridad;Valeria Rojas;Corporación Sierra;Cusco;Interno;24;55.0;No;2;2.0
TCK-01335;2025-05-01;;Correo;Media;Software;Actualización fallida;En progreso;Aplicaciones;Lucía Herrera;Corporación Sierra;Lima;Interno;24;;No aplica;244;
TCK-01336;2025-02-12;;Correo;Media;Accesos;Permisos de usuario;En progreso;Mesa de ayuda;María Paredes;Grupo Pacífico;Lima;Interno;24;;No aplica;322;
TCK-01337;2025-08-30;2025-08-30;Correo;Alta;Redes;Lentitud de red;Cancelado;Aplicaciones;Lucía Herrera;Retail Norte;Lima;Interno;8;;No aplica;0;
TCK-01338;2025-06-19;;Correo;Baja;Hardware;Cambio de periférico;Abierto;Mesa de ayuda;Ana Torres;Grupo Pacífico;Trujillo;Externo;48;;No aplica;195;
TCK-01339;2025-02-25;2025-02-25;Correo;Alta;Hardware;Cambio de periférico;Cerrado;Aplicaciones;Patricia León;Retail Norte;Trujillo;Externo;8;7.0;Sí;0;4.0
TCK-01340;2025-09-12;;Web;Media;CRM;Problema de sincronización;Abierto;Infraestructura;Elena Chávez;Distribuidora Horizonte;Trujillo;Externo;24;;No aplica;110;
TCK-01341;2025-09-18;2025-09-20;Correo;Media;Accesos;Restablecimiento de contraseña;Cerrado;Aplicaciones;Lucía Herrera;Inversiones Sur;Huancayo;Interno;24;63.0;No;2;1.0
TCK-01342;2025-12-27;2025-12-27;Correo;Crítica;Hardware;Equipo lento;Resuelto;Mesa de ayuda;Luis Ramos;Grupo Pacífico;Huancayo;Interno;4;5.0;No;0;2.0
TCK-01343;2025-12-19;2025-12-19;Correo;Alta;Accesos;Restablecimiento de contraseña;Resuelto;Soporte ERP;Camila Núñez;Servicios Lima;Trujillo;Interno;8;13.0;No;0;1.0
TCK-01344;2025-07-20;;Correo;Crítica;CRM;Problema de sincronización;Abierto;Seguridad;Ricardo Flores;Distribuidora Horizonte;Trujillo;Externo;4;;No aplica;164;
TCK-01345;2025-12-30;2025-12-31;Chat;Media;ERP;Problema de permisos;Cerrado;Seguridad;Valeria Rojas;Grupo Pacífico;Lima;Interno;24;36.0;No;1;2.0
TCK-01346;2025-02-17;;Web;Baja;Software;Error de aplicación;En progreso;Soporte ERP;Camila Núñez;Logística Central;Huancayo;Interno;48;;No aplica;317;
TCK-01347;2025-08-02;2025-08-02;Correo;Crítica;Redes;Lentitud de red;Resuelto;Aplicaciones;Diego Vargas;Comercial Andina;Lima;Externo;4;9.0;No;0;1.0
TCK-01348;2025-04-19;2025-04-21;Correo;Media;ERP;Problema de permisos;Cerrado;Aplicaciones;Lucía Herrera;Corporación Sierra;Cusco;Interno;24;59.0;No;2;3.0
TCK-01349;2025-01-21;2025-01-21;Web;Media;Correo;Error de envío;Resuelto;Mesa de ayuda;Luis Ramos;Inversiones Sur;Lima;Externo;24;12.0;Sí;0;5.0
TCK-01350;2025-08-02;2025-08-05;Chat;Baja;Software;Instalación de programa;Resuelto;Soporte ERP;Fernando Díaz;Distribuidora Horizonte;Arequipa;Externo;48;91.0;No;3;1.0
TCK-01351;2025-04-28;2025-04-30;Teléfono;Media;Hardware;Cambio de periférico;Resuelto;Infraestructura;Carlos Medina;Servicios Lima;Trujillo;Interno;24;54.0;No;2;1.0
TCK-01352;2025-08-09;2025-08-09;Correo;Crítica;Correo;Configuración de Outlook;Cerrado;Seguridad;Ricardo Flores;Logística Central;Cusco;Interno;4;8.0;No;0;3.0
TCK-01353;2025-04-20;2025-04-20;Web;Media;CRM;Error de registro;Cerrado;Seguridad;Valeria Rojas;Grupo Pacífico;Cusco;Interno;24;5.0;Sí;0;5.0
TCK-01354;2025-02-10;2025-02-10;Correo;Alta;Hardware;Equipo lento;Resuelto;Aplicaciones;Patricia León;Logística Central;Arequipa;Externo;8;7.0;Sí;0;5.0
TCK-01355;2025-04-15;2025-04-15;Teléfono;Media;Redes;VPN;Cerrado;Soporte ERP;Fernando Díaz;Retail Norte;Huancayo;Interno;24;4.0;Sí;0;4.0
TCK-01356;2025-02-03;2025-02-06;Teléfono;Baja;Software;Error de aplicación;Cerrado;Seguridad;Valeria Rojas;Retail Norte;Cusco;Externo;48;73.0;No;3;1.0
TCK-01357;2025-09-04;;Teléfono;Alta;CRM;Error de registro;Abierto;Aplicaciones;Patricia León;Corporación Sierra;Huancayo;Externo;8;;No aplica;118;
TCK-01358;2025-01-10;2025-01-10;Chat;Media;CRM;Error de registro;Cancelado;Mesa de ayuda;Ana Torres;Grupo Pacífico;Arequipa;Interno;24;;No aplica;0;
TCK-01359;2025-12-20;2025-12-22;Web;Media;ERP;Consulta de proceso;Cerrado;Mesa de ayuda;Luis Ramos;Corporación Sierra;Trujillo;Interno;24;69.0;No;2;2.0
TCK-01360;2025-04-19;2025-04-21;Correo;Media;Correo;Configuración de Outlook;Resuelto;Mesa de ayuda;María Paredes;Servicios Lima;Trujillo;Externo;24;53.0;No;2;2.0
TCK-01361;2025-11-25;;Web;Baja;Software;Error de aplicación;Abierto;Soporte ERP;Camila Núñez;Comercial Andina;Arequipa;Externo;48;;No aplica;36;
TCK-01362;2025-08-01;2025-08-01;Teléfono;Crítica;Accesos;Restablecimiento de contraseña;Resuelto;Infraestructura;Carlos Medina;Retail Norte;Cusco;Interno;4;8.0;No;0;2.0
TCK-01363;2025-10-11;2025-10-12;Chat;Media;Correo;No recibe correos;Resuelto;Aplicaciones;Patricia León;Logística Central;Cusco;Externo;24;41.0;No;1;1.0
TCK-01364;2025-02-24;2025-02-24;Correo;Media;Software;Actualización fallida;Cancelado;Aplicaciones;Diego Vargas;Grupo Pacífico;Arequipa;Externo;24;;No aplica;0;
TCK-01365;2025-02-08;2025-02-09;Chat;Media;ERP;Consulta de proceso;Resuelto;Seguridad;Ricardo Flores;Comercial Andina;Arequipa;Externo;24;27.0;No;1;3.0
TCK-01366;2025-02-17;2025-02-19;Chat;Baja;CRM;Error de registro;Resuelto;Aplicaciones;Patricia León;Retail Norte;Arequipa;Externo;48;48.0;Sí;2;4.0
TCK-01367;2025-04-04;;Web;Media;Hardware;Falla de impresora;Abierto;Aplicaciones;Lucía Herrera;Retail Norte;Cusco;Externo;24;;No aplica;271;
TCK-01368;2025-10-10;2025-10-10;Teléfono;Alta;Hardware;Falla de impresora;Resuelto;Seguridad;Ricardo Flores;Inversiones Sur;Arequipa;Interno;8;6.0;Sí;0;4.0
TCK-01369;2025-02-18;;Chat;Media;Accesos;Restablecimiento de contraseña;Abierto;Seguridad;Valeria Rojas;Corporación Sierra;Cusco;Interno;24;;No aplica;316;
TCK-01370;2025-05-16;2025-05-19;Correo;Baja;Software;Error de aplicación;Cerrado;Aplicaciones;Patricia León;Grupo Pacífico;Cusco;Interno;48;88.0;No;3;1.0
TCK-01371;2025-08-29;;Correo;Media;CRM;Consulta de cliente;En progreso;Soporte ERP;Fernando Díaz;Corporación Sierra;Lima;Externo;24;;No aplica;124;
TCK-01372;2025-10-23;;Teléfono;Baja;Correo;No recibe correos;En progreso;Mesa de ayuda;Luis Ramos;Servicios Lima;Cusco;Externo;48;;No aplica;69;
TCK-01373;2025-04-09;;Teléfono;Alta;Correo;Error de envío;En progreso;Soporte ERP;Camila Núñez;Logística Central;Huancayo;Interno;8;;No aplica;266;
TCK-01374;2025-12-28;2025-12-28;Web;Media;Hardware;Falla de impresora;Resuelto;Soporte ERP;Fernando Díaz;Logística Central;Huancayo;Interno;24;19.0;Sí;0;4.0
TCK-01375;2025-03-09;;Teléfono;Alta;Hardware;Cambio de periférico;En progreso;Mesa de ayuda;María Paredes;Corporación Sierra;Huancayo;Interno;8;;No aplica;297;
TCK-01376;2025-05-22;2025-05-24;Chat;Media;ERP;Error en módulo;Resuelto;Mesa de ayuda;Luis Ramos;Retail Norte;Arequipa;Interno;24;61.0;No;2;1.0
TCK-01377;2025-03-17;2025-03-18;Teléfono;Baja;Redes;VPN;Cerrado;Seguridad;Valeria Rojas;Distribuidora Horizonte;Huancayo;Interno;48;34.0;Sí;1;5.0
TCK-01378;2025-06-30;2025-06-30;Correo;Media;Software;Instalación de programa;Cerrado;Seguridad;Valeria Rojas;Corporación Sierra;Lima;Externo;24;4.0;Sí;0;5.0
TCK-01379;2025-08-26;2025-08-31;Correo;Baja;ERP;Consulta de proceso;Cerrado;Soporte ERP;Camila Núñez;Servicios Lima;Trujillo;Interno;48;120.0;No;5;2.0
TCK-01380;2025-03-14;2025-03-14;Correo;Alta;Accesos;Cuenta bloqueada;Cerrado;Mesa de ayuda;María Paredes;Distribuidora Horizonte;Arequipa;Externo;8;22.0;No;0;1.0
TCK-01381;2025-08-19;2025-08-19;Correo;Baja;Accesos;Permisos de usuario;Cerrado;Infraestructura;Jorge Salazar;Servicios Lima;Trujillo;Interno;48;10.0;Sí;0;4.0
TCK-01382;2025-11-27;2025-11-28;Web;Alta;Correo;Configuración de Outlook;Cerrado;Infraestructura;Carlos Medina;Logística Central;Arequipa;Externo;8;24.0;No;1;1.0
TCK-01383;2025-05-20;2025-05-21;Chat;Media;Accesos;Restablecimiento de contraseña;Resuelto;Mesa de ayuda;María Paredes;Retail Norte;Huancayo;Externo;24;36.0;No;1;1.0
TCK-01384;2025-12-09;2025-12-13;Chat;Baja;Correo;No recibe correos;Resuelto;Seguridad;Ricardo Flores;Grupo Pacífico;Lima;Externo;48;106.0;No;4;3.0
TCK-01385;2025-10-11;2025-10-12;Web;Media;Software;Error de aplicación;Resuelto;Aplicaciones;Lucía Herrera;Corporación Sierra;Arequipa;Externo;24;29.0;No;1;3.0
TCK-01386;2025-07-25;2025-07-25;Teléfono;Baja;Redes;Sin conexión;Resuelto;Seguridad;Valeria Rojas;Servicios Lima;Huancayo;Externo;48;13.0;Sí;0;5.0
TCK-01387;2025-07-02;2025-07-02;Web;Alta;Software;Instalación de programa;Resuelto;Soporte ERP;Fernando Díaz;Retail Norte;Lima;Interno;8;9.0;No;0;2.0
TCK-01388;2025-01-23;2025-01-23;Correo;Media;Hardware;Equipo lento;Cancelado;Soporte ERP;Camila Núñez;Grupo Pacífico;Huancayo;Interno;24;;No aplica;0;
TCK-01389;2025-07-09;2025-07-09;Correo;Alta;Accesos;Restablecimiento de contraseña;Cerrado;Aplicaciones;Lucía Herrera;Distribuidora Horizonte;Huancayo;Interno;8;12.0;No;0;1.0
TCK-01390;2025-11-10;2025-11-13;Correo;Baja;Correo;Configuración de Outlook;Cerrado;Infraestructura;Carlos Medina;Distribuidora Horizonte;Arequipa;Interno;48;92.0;No;3;3.0
TCK-01391;2025-01-04;2025-01-04;Chat;Media;CRM;Problema de sincronización;Cancelado;Aplicaciones;Patricia León;Retail Norte;Cusco;Interno;24;;No aplica;0;
TCK-01392;2025-05-23;2025-05-24;Correo;Media;CRM;Problema de sincronización;Cerrado;Soporte ERP;Fernando Díaz;Comercial Andina;Lima;Interno;24;39.0;No;1;1.0
TCK-01393;2025-03-30;;Teléfono;Alta;Software;Error de aplicación;Abierto;Infraestructura;Carlos Medina;Grupo Pacífico;Arequipa;Externo;8;;No aplica;276;
TCK-01394;2025-02-01;;Teléfono;Alta;Hardware;Cambio de periférico;En progreso;Infraestructura;Jorge Salazar;Logística Central;Trujillo;Interno;8;;No aplica;333;
TCK-01395;2025-12-19;2025-12-19;Correo;Baja;Hardware;Equipo lento;Resuelto;Aplicaciones;Patricia León;Grupo Pacífico;Trujillo;Interno;48;18.0;Sí;0;4.0
TCK-01396;2025-04-19;2025-04-22;Correo;Media;ERP;Error en módulo;Resuelto;Aplicaciones;Lucía Herrera;Inversiones Sur;Trujillo;Interno;24;72.0;No;3;3.0
TCK-01397;2025-10-18;;Correo;Media;CRM;Problema de sincronización;En progreso;Aplicaciones;Diego Vargas;Logística Central;Cusco;Interno;24;;No aplica;74;
TCK-01398;2025-01-11;2025-01-12;Correo;Alta;Accesos;Restablecimiento de contraseña;Cerrado;Soporte ERP;Fernando Díaz;Grupo Pacífico;Lima;Interno;8;24.0;No;1;3.0
TCK-01399;2025-02-27;2025-02-27;Web;Media;ERP;Problema de permisos;Resuelto;Infraestructura;Carlos Medina;Grupo Pacífico;Cusco;Interno;24;20.0;Sí;0;4.0
TCK-01400;2025-01-26;2025-01-27;Web;Media;Software;Actualización fallida;Cerrado;Soporte ERP;Fernando Díaz;Inversiones Sur;Cusco;Interno;24;37.0;No;1;2.0
TCK-01401;2025-06-20;;Web;Baja;Accesos;Restablecimiento de contraseña;Abierto;Infraestructura;Carlos Medina;Retail Norte;Cusco;Interno;48;;No aplica;194;
TCK-01402;2025-11-16;2025-11-16;Web;Media;Hardware;Cambio de periférico;Resuelto;Aplicaciones;Diego Vargas;Grupo Pacífico;Arequipa;Externo;24;7.0;Sí;0;4.0
TCK-01403;2025-01-06;2025-01-06;Teléfono;Baja;CRM;Consulta de cliente;Resuelto;Mesa de ayuda;Ana Torres;Inversiones Sur;Huancayo;Interno;48;18.0;Sí;0;4.0
TCK-01404;2025-09-04;2025-09-04;Chat;Alta;Correo;Configuración de Outlook;Cerrado;Aplicaciones;Patricia León;Comercial Andina;Huancayo;Externo;8;12.0;No;0;2.0
TCK-01405;2025-12-11;2025-12-14;Correo;Baja;CRM;Problema de sincronización;Resuelto;Aplicaciones;Patricia León;Retail Norte;Cusco;Interno;48;84.0;No;3;3.0
TCK-01406;2025-10-23;2025-10-23;Web;Alta;CRM;Error de registro;Resuelto;Infraestructura;Carlos Medina;Logística Central;Cusco;Interno;8;12.0;No;0;2.0
TCK-01407;2025-08-29;;Correo;Media;Correo;No recibe correos;Abierto;Mesa de ayuda;María Paredes;Logística Central;Huancayo;Externo;24;;No aplica;124;
TCK-01408;2025-06-26;2025-06-26;Web;Alta;Redes;Lentitud de red;Cerrado;Infraestructura;Jorge Salazar;Corporación Sierra;Cusco;Interno;8;9.0;No;0;2.0
TCK-01409;2025-03-18;2025-03-19;Teléfono;Media;Redes;Lentitud de red;Cancelado;Mesa de ayuda;Luis Ramos;Logística Central;Huancayo;Externo;24;;No aplica;1;
TCK-01410;2025-01-22;2025-01-22;Web;Crítica;Accesos;Restablecimiento de contraseña;Resuelto;Infraestructura;Jorge Salazar;Distribuidora Horizonte;Cusco;Externo;4;1.0;Sí;0;4.0
TCK-01411;2025-03-06;;Correo;Alta;Hardware;Falla de impresora;Abierto;Aplicaciones;Lucía Herrera;Retail Norte;Cusco;Interno;8;;No aplica;300;
TCK-01412;2025-05-14;2025-05-14;Web;Alta;Software;Actualización fallida;Cerrado;Seguridad;Valeria Rojas;Servicios Lima;Cusco;Interno;8;14.0;No;0;3.0
TCK-01413;2025-04-07;;Web;Crítica;Software;Actualización fallida;En progreso;Mesa de ayuda;Ana Torres;Corporación Sierra;Cusco;Externo;4;;No aplica;268;
TCK-01414;2025-03-29;2025-03-29;Web;Media;Redes;VPN;Resuelto;Aplicaciones;Patricia León;Comercial Andina;Huancayo;Externo;24;20.0;Sí;0;5.0
TCK-01415;2025-09-28;2025-09-28;Web;Alta;Redes;Sin conexión;Cancelado;Seguridad;Ricardo Flores;Corporación Sierra;Arequipa;Externo;8;;No aplica;0;
TCK-01416;2025-07-01;2025-07-02;Chat;Media;CRM;Error de registro;Resuelto;Infraestructura;Jorge Salazar;Servicios Lima;Arequipa;Externo;24;27.0;No;1;2.0
TCK-01417;2025-04-09;;Chat;Baja;Hardware;Falla de impresora;Abierto;Seguridad;Valeria Rojas;Corporación Sierra;Arequipa;Externo;48;;No aplica;266;
TCK-01418;2025-09-20;2025-09-24;Web;Baja;Hardware;Equipo lento;Resuelto;Mesa de ayuda;Luis Ramos;Servicios Lima;Cusco;Interno;48;114.0;No;4;2.0
TCK-01419;2025-06-19;2025-06-19;Teléfono;Alta;ERP;Error en módulo;Resuelto;Aplicaciones;Patricia León;Logística Central;Lima;Externo;8;9.0;No;0;1.0
TCK-01420;2025-04-21;2025-04-25;Correo;Baja;CRM;Consulta de cliente;Resuelto;Aplicaciones;Lucía Herrera;Inversiones Sur;Lima;Externo;48;101.0;No;4;1.0
TCK-01421;2025-03-14;2025-03-14;Teléfono;Alta;Accesos;Cuenta bloqueada;Resuelto;Seguridad;Ricardo Flores;Comercial Andina;Cusco;Interno;8;9.0;No;0;3.0
TCK-01422;2025-02-16;;Web;Alta;Accesos;Cuenta bloqueada;En progreso;Aplicaciones;Patricia León;Comercial Andina;Trujillo;Interno;8;;No aplica;318;
TCK-01423;2025-02-09;2025-02-13;Chat;Baja;Correo;Error de envío;Resuelto;Aplicaciones;Diego Vargas;Retail Norte;Trujillo;Externo;48;107.0;No;4;3.0
TCK-01424;2025-09-26;;Chat;Crítica;CRM;Error de registro;En progreso;Mesa de ayuda;María Paredes;Retail Norte;Arequipa;Externo;4;;No aplica;96;
TCK-01425;2025-02-27;2025-03-03;Web;Baja;Hardware;Equipo lento;Resuelto;Seguridad;Valeria Rojas;Distribuidora Horizonte;Trujillo;Externo;48;101.0;No;4;2.0
TCK-01426;2025-11-02;2025-11-02;Correo;Media;Hardware;Cambio de periférico;Resuelto;Infraestructura;Jorge Salazar;Inversiones Sur;Cusco;Externo;24;21.0;Sí;0;4.0
TCK-01427;2025-02-09;;Correo;Crítica;Correo;Configuración de Outlook;En progreso;Soporte ERP;Camila Núñez;Retail Norte;Cusco;Externo;4;;No aplica;325;
TCK-01428;2025-04-26;2025-04-27;Correo;Media;Hardware;Cambio de periférico;Resuelto;Infraestructura;Jorge Salazar;Servicios Lima;Huancayo;Interno;24;31.0;No;1;3.0
TCK-01429;2025-11-05;2025-11-05;Web;Crítica;Redes;VPN;Resuelto;Seguridad;Ricardo Flores;Retail Norte;Arequipa;Interno;4;12.0;No;0;3.0
TCK-01430;2025-05-31;2025-06-02;Correo;Media;Hardware;Falla de impresora;Cerrado;Mesa de ayuda;Luis Ramos;Servicios Lima;Trujillo;Externo;24;58.0;No;2;2.0
TCK-01431;2025-01-24;2025-01-24;Web;Alta;Accesos;Restablecimiento de contraseña;Cerrado;Mesa de ayuda;Ana Torres;Comercial Andina;Cusco;Interno;8;13.0;No;0;2.0
TCK-01432;2025-07-23;2025-07-23;Chat;Alta;Hardware;Falla de impresora;Cerrado;Infraestructura;Elena Chávez;Distribuidora Horizonte;Lima;Externo;8;8.0;Sí;0;4.0
TCK-01433;2025-03-31;2025-03-31;Teléfono;Alta;Hardware;Falla de impresora;Resuelto;Soporte ERP;Fernando Díaz;Corporación Sierra;Cusco;Interno;8;17.0;No;0;3.0
TCK-01434;2025-09-06;2025-09-07;Web;Media;Correo;No recibe correos;Cerrado;Soporte ERP;Camila Núñez;Logística Central;Lima;Interno;24;34.0;No;1;2.0
TCK-01435;2025-10-11;2025-10-13;Correo;Media;Software;Instalación de programa;Resuelto;Aplicaciones;Patricia León;Distribuidora Horizonte;Cusco;Interno;24;56.0;No;2;1.0
TCK-01436;2025-04-19;2025-04-21;Correo;Media;Hardware;Equipo lento;Cerrado;Aplicaciones;Diego Vargas;Comercial Andina;Cusco;Interno;24;68.0;No;2;2.0
TCK-01437;2025-10-17;2025-10-17;Web;Crítica;Correo;No recibe correos;Resuelto;Mesa de ayuda;María Paredes;Distribuidora Horizonte;Arequipa;Interno;4;7.0;No;0;3.0
TCK-01438;2025-12-28;2025-12-29;Web;Baja;Correo;Configuración de Outlook;Resuelto;Seguridad;Valeria Rojas;Distribuidora Horizonte;Lima;Externo;48;26.0;Sí;1;5.0
TCK-01439;2025-10-24;;Web;Baja;Redes;Lentitud de red;En progreso;Mesa de ayuda;Luis Ramos;Comercial Andina;Cusco;Externo;48;;No aplica;68;
TCK-01440;2025-10-19;;Web;Baja;Software;Error de aplicación;En progreso;Mesa de ayuda;Ana Torres;Servicios Lima;Arequipa;Interno;48;;No aplica;73;
TCK-01441;2025-08-09;2025-08-09;Web;Media;Accesos;Cuenta bloqueada;Cerrado;Mesa de ayuda;María Paredes;Distribuidora Horizonte;Huancayo;Externo;24;19.0;Sí;0;5.0
TCK-01442;2025-08-02;2025-08-02;Chat;Crítica;ERP;Error en módulo;Resuelto;Aplicaciones;Lucía Herrera;Servicios Lima;Cusco;Interno;4;6.0;No;0;3.0
TCK-01443;2025-12-06;;Web;Media;Correo;No recibe correos;En progreso;Soporte ERP;Fernando Díaz;Logística Central;Lima;Externo;24;;No aplica;25;
TCK-01444;2025-07-28;;Chat;Alta;ERP;Problema de permisos;En progreso;Soporte ERP;Camila Núñez;Inversiones Sur;Lima;Interno;8;;No aplica;156;
TCK-01445;2025-07-27;2025-07-29;Web;Media;Accesos;Cuenta bloqueada;Resuelto;Aplicaciones;Patricia León;Corporación Sierra;Cusco;Externo;24;48.0;No;2;2.0
TCK-01446;2025-11-19;;Correo;Baja;Accesos;Permisos de usuario;Abierto;Mesa de ayuda;María Paredes;Grupo Pacífico;Huancayo;Externo;48;;No aplica;42;
TCK-01447;2025-10-20;;Correo;Baja;CRM;Error de registro;En progreso;Aplicaciones;Diego Vargas;Grupo Pacífico;Huancayo;Externo;48;;No aplica;72;
TCK-01448;2025-09-18;2025-09-21;Correo;Baja;CRM;Error de registro;Cerrado;Seguridad;Ricardo Flores;Comercial Andina;Lima;Externo;48;84.0;No;3;2.0
TCK-01449;2025-07-19;2025-07-19;Correo;Crítica;CRM;Problema de sincronización;Cerrado;Soporte ERP;Fernando Díaz;Retail Norte;Lima;Interno;4;10.0;No;0;2.0
TCK-01450;2025-01-14;2025-01-14;Correo;Crítica;Correo;Configuración de Outlook;Resuelto;Aplicaciones;Patricia León;Logística Central;Cusco;Interno;4;12.0;No;0;2.0
TCK-01451;2025-01-28;2025-02-01;Web;Baja;Correo;No recibe correos;Cerrado;Soporte ERP;Camila Núñez;Corporación Sierra;Huancayo;Interno;48;101.0;No;4;2.0
TCK-01452;2025-04-23;2025-04-24;Web;Alta;Accesos;Permisos de usuario;Cerrado;Soporte ERP;Camila Núñez;Corporación Sierra;Huancayo;Interno;8;24.0;No;1;2.0
TCK-01453;2025-03-13;2025-03-17;Teléfono;Baja;Software;Actualización fallida;Resuelto;Infraestructura;Jorge Salazar;Comercial Andina;Cusco;Interno;48;103.0;No;4;2.0
TCK-01454;2025-11-17;2025-11-20;Teléfono;Baja;Software;Actualización fallida;Cerrado;Soporte ERP;Fernando Díaz;Logística Central;Lima;Externo;48;75.0;No;3;3.0
TCK-01455;2025-10-01;;Correo;Baja;Accesos;Restablecimiento de contraseña;En progreso;Mesa de ayuda;Ana Torres;Inversiones Sur;Arequipa;Interno;48;;No aplica;91;
TCK-01456;2025-04-14;;Correo;Baja;Correo;No recibe correos;Abierto;Seguridad;Ricardo Flores;Servicios Lima;Huancayo;Interno;48;;No aplica;261;
TCK-01457;2025-02-10;;Web;Crítica;CRM;Problema de sincronización;Abierto;Infraestructura;Elena Chávez;Inversiones Sur;Huancayo;Externo;4;;No aplica;324;
TCK-01458;2025-09-11;2025-09-14;Web;Baja;Software;Error de aplicación;Resuelto;Seguridad;Ricardo Flores;Logística Central;Arequipa;Externo;48;83.0;No;3;1.0
TCK-01459;2025-03-28;;Chat;Media;Accesos;Permisos de usuario;En progreso;Soporte ERP;Fernando Díaz;Retail Norte;Trujillo;Externo;24;;No aplica;278;
TCK-01460;2025-05-26;;Chat;Alta;Redes;Sin conexión;En progreso;Seguridad;Valeria Rojas;Retail Norte;Huancayo;Externo;8;;No aplica;219;
TCK-01461;2025-09-13;;Teléfono;Alta;Hardware;Equipo lento;En progreso;Mesa de ayuda;Luis Ramos;Grupo Pacífico;Lima;Interno;8;;No aplica;109;
TCK-01462;2025-05-14;;Web;Baja;Correo;Error de envío;En progreso;Seguridad;Valeria Rojas;Servicios Lima;Trujillo;Interno;48;;No aplica;231;
TCK-01463;2025-10-04;2025-10-04;Correo;Alta;Correo;Configuración de Outlook;Resuelto;Aplicaciones;Diego Vargas;Comercial Andina;Arequipa;Interno;8;20.0;No;0;2.0
TCK-01464;2025-01-12;2025-01-14;Web;Media;ERP;Consulta de proceso;Resuelto;Seguridad;Ricardo Flores;Distribuidora Horizonte;Trujillo;Interno;24;55.0;No;2;2.0
TCK-01465;2025-05-01;2025-05-01;Chat;Media;CRM;Error de registro;Cerrado;Aplicaciones;Patricia León;Corporación Sierra;Cusco;Interno;24;14.0;Sí;0;4.0
TCK-01466;2025-04-03;2025-04-03;Correo;Media;Hardware;Falla de impresora;Resuelto;Aplicaciones;Patricia León;Inversiones Sur;Cusco;Externo;24;17.0;Sí;0;5.0
TCK-01467;2025-07-27;2025-07-29;Web;Media;CRM;Error de registro;Resuelto;Mesa de ayuda;María Paredes;Grupo Pacífico;Arequipa;Externo;24;62.0;No;2;3.0
TCK-01468;2025-01-21;2025-01-21;Web;Media;Software;Instalación de programa;Resuelto;Soporte ERP;Camila Núñez;Comercial Andina;Huancayo;Interno;24;8.0;Sí;0;5.0
TCK-01469;2025-01-18;;Chat;Media;CRM;Consulta de cliente;En progreso;Seguridad;Valeria Rojas;Logística Central;Huancayo;Externo;24;;No aplica;347;
TCK-01470;2025-11-07;2025-11-07;Correo;Media;ERP;Error en módulo;Resuelto;Mesa de ayuda;Luis Ramos;Inversiones Sur;Trujillo;Externo;24;8.0;Sí;0;5.0
TCK-01471;2025-02-16;2025-02-16;Web;Alta;Accesos;Permisos de usuario;Cerrado;Seguridad;Valeria Rojas;Servicios Lima;Cusco;Interno;8;2.0;Sí;0;5.0
TCK-01472;2025-05-21;2025-05-21;Web;Crítica;ERP;Problema de permisos;Resuelto;Seguridad;Valeria Rojas;Distribuidora Horizonte;Trujillo;Interno;4;10.0;No;0;3.0
TCK-01473;2025-08-12;;Web;Media;CRM;Error de registro;En progreso;Aplicaciones;Lucía Herrera;Servicios Lima;Trujillo;Interno;24;;No aplica;141;
TCK-01474;2025-11-26;;Web;Media;ERP;Error en módulo;Abierto;Infraestructura;Jorge Salazar;Comercial Andina;Arequipa;Interno;24;;No aplica;35;
TCK-01475;2025-12-06;2025-12-06;Chat;Media;Accesos;Cuenta bloqueada;Cancelado;Soporte ERP;Camila Núñez;Distribuidora Horizonte;Cusco;Interno;24;;No aplica;0;
TCK-01476;2025-12-11;2025-12-11;Correo;Alta;CRM;Consulta de cliente;Resuelto;Aplicaciones;Diego Vargas;Logística Central;Arequipa;Interno;8;18.0;No;0;2.0
TCK-01477;2025-08-24;2025-08-24;Web;Alta;CRM;Consulta de cliente;Resuelto;Aplicaciones;Patricia León;Servicios Lima;Huancayo;Externo;8;14.0;No;0;1.0
TCK-01478;2025-04-10;2025-04-11;Web;Baja;Hardware;Falla de impresora;Resuelto;Seguridad;Ricardo Flores;Logística Central;Lima;Externo;48;31.0;Sí;1;5.0
TCK-01479;2025-09-05;2025-09-05;Correo;Baja;Correo;No recibe correos;Resuelto;Seguridad;Ricardo Flores;Servicios Lima;Arequipa;Externo;48;21.0;Sí;0;4.0
TCK-01480;2025-09-16;2025-09-16;Correo;Media;Hardware;Cambio de periférico;Resuelto;Seguridad;Valeria Rojas;Corporación Sierra;Cusco;Externo;24;6.0;Sí;0;5.0
TCK-01481;2025-09-07;;Teléfono;Alta;Hardware;Equipo lento;En progreso;Aplicaciones;Lucía Herrera;Retail Norte;Cusco;Interno;8;;No aplica;115;
TCK-01482;2025-02-27;;Chat;Media;Software;Actualización fallida;En progreso;Aplicaciones;Lucía Herrera;Servicios Lima;Arequipa;Interno;24;;No aplica;307;
TCK-01483;2025-02-14;2025-02-14;Teléfono;Alta;Redes;VPN;Resuelto;Seguridad;Ricardo Flores;Inversiones Sur;Arequipa;Interno;8;5.0;Sí;0;4.0
TCK-01484;2025-03-30;2025-04-03;Web;Baja;Accesos;Cuenta bloqueada;Cerrado;Soporte ERP;Fernando Díaz;Servicios Lima;Trujillo;Externo;48;116.0;No;4;2.0
TCK-01485;2025-01-24;2025-01-24;Correo;Media;Software;Actualización fallida;Cancelado;Mesa de ayuda;Luis Ramos;Retail Norte;Lima;Externo;24;;No aplica;0;
TCK-01486;2025-08-22;2025-08-22;Web;Media;ERP;Problema de permisos;Cancelado;Soporte ERP;Camila Núñez;Comercial Andina;Cusco;Interno;24;;No aplica;0;
TCK-01487;2025-01-04;2025-01-04;Correo;Alta;Correo;Configuración de Outlook;Cerrado;Aplicaciones;Diego Vargas;Grupo Pacífico;Huancayo;Externo;8;19.0;No;0;2.0
TCK-01488;2025-08-02;2025-08-02;Correo;Media;Correo;Error de envío;Cerrado;Seguridad;Valeria Rojas;Logística Central;Arequipa;Interno;24;21.0;Sí;0;5.0
TCK-01489;2025-12-28;2025-12-29;Correo;Media;ERP;Consulta de proceso;Cerrado;Soporte ERP;Camila Núñez;Corporación Sierra;Arequipa;Externo;24;40.0;No;1;1.0
TCK-01490;2025-09-15;2025-09-20;Correo;Baja;Hardware;Cambio de periférico;Cerrado;Seguridad;Valeria Rojas;Comercial Andina;Huancayo;Interno;48;120.0;No;5;1.0
TCK-01491;2025-01-22;2025-01-23;Correo;Media;Correo;Configuración de Outlook;Resuelto;Infraestructura;Carlos Medina;Servicios Lima;Huancayo;Interno;24;45.0;No;1;2.0
TCK-01492;2025-02-05;2025-02-06;Correo;Media;Correo;No recibe correos;Resuelto;Seguridad;Ricardo Flores;Retail Norte;Arequipa;Externo;24;40.0;No;1;3.0
TCK-01493;2025-09-26;2025-09-28;Web;Media;ERP;Consulta de proceso;Resuelto;Infraestructura;Jorge Salazar;Servicios Lima;Trujillo;Externo;24;60.0;No;2;3.0
TCK-01494;2025-05-30;;Web;Alta;Redes;Lentitud de red;Abierto;Infraestructura;Jorge Salazar;Logística Central;Huancayo;Interno;8;;No aplica;215;
TCK-01495;2025-09-27;2025-09-30;Correo;Baja;CRM;Error de registro;Resuelto;Infraestructura;Carlos Medina;Retail Norte;Huancayo;Interno;48;85.0;No;3;1.0
TCK-01496;2025-11-27;;Correo;Media;Accesos;Cuenta bloqueada;Abierto;Mesa de ayuda;Ana Torres;Servicios Lima;Trujillo;Externo;24;;No aplica;34;
TCK-01497;2025-09-08;2025-09-10;Correo;Media;Hardware;Cambio de periférico;Resuelto;Infraestructura;Jorge Salazar;Corporación Sierra;Cusco;Interno;24;62.0;No;2;1.0
TCK-01498;2025-04-03;2025-04-03;Chat;Media;ERP;Consulta de proceso;Resuelto;Soporte ERP;Camila Núñez;Distribuidora Horizonte;Huancayo;Externo;24;23.0;Sí;0;4.0
TCK-01499;2025-06-16;2025-06-16;Correo;Alta;CRM;Consulta de cliente;Cerrado;Seguridad;Valeria Rojas;Servicios Lima;Lima;Externo;8;3.0;Sí;0;4.0
TCK-01500;2025-08-14;;Chat;Media;Accesos;Cuenta bloqueada;En progreso;Infraestructura;Carlos Medina;Distribuidora Horizonte;Huancayo;Interno;24;;No aplica;139;
TCK-01501;2025-01-15;2025-01-15;Correo;Alta;Correo;Configuración de Outlook;Resuelto;Infraestructura;Elena Chávez;Corporación Sierra;Huancayo;Interno;8;15.0;No;0;2.0
TCK-01502;2025-12-03;2025-12-03;Chat;Crítica;Correo;Configuración de Outlook;Resuelto;Infraestructura;Carlos Medina;Grupo Pacífico;Arequipa;Externo;4;12.0;No;0;1.0
TCK-01503;2025-10-23;2025-10-24;Chat;Media;Redes;VPN;Resuelto;Seguridad;Ricardo Flores;Distribuidora Horizonte;Trujillo;Externo;24;32.0;No;1;1.0
TCK-01504;2025-07-21;2025-07-24;Correo;Baja;Redes;VPN;Resuelto;Soporte ERP;Camila Núñez;Retail Norte;Huancayo;Externo;48;85.0;No;3;3.0
TCK-01505;2025-08-13;2025-08-13;Correo;Media;Software;Error de aplicación;Resuelto;Aplicaciones;Patricia León;Distribuidora Horizonte;Cusco;Externo;24;18.0;Sí;0;4.0
TCK-01506;2025-09-09;;Teléfono;Baja;Correo;Configuración de Outlook;En progreso;Infraestructura;Carlos Medina;Grupo Pacífico;Lima;Interno;48;;No aplica;113;
TCK-01507;2025-03-10;2025-03-11;Teléfono;Media;CRM;Error de registro;Cerrado;Soporte ERP;Fernando Díaz;Grupo Pacífico;Lima;Interno;24;37.0;No;1;3.0
TCK-01508;2025-09-08;2025-09-11;Web;Baja;Correo;Configuración de Outlook;Cerrado;Soporte ERP;Camila Núñez;Inversiones Sur;Huancayo;Externo;48;93.0;No;3;3.0
TCK-01509;2025-07-02;2025-07-04;Correo;Media;Hardware;Equipo lento;Resuelto;Infraestructura;Carlos Medina;Logística Central;Arequipa;Interno;24;53.0;No;2;3.0
TCK-01510;2025-02-11;2025-02-11;Teléfono;Baja;Hardware;Falla de impresora;Resuelto;Mesa de ayuda;Luis Ramos;Grupo Pacífico;Huancayo;Interno;48;10.0;Sí;0;4.0
TCK-01511;2025-11-26;2025-11-27;Web;Baja;Correo;Configuración de Outlook;Cerrado;Aplicaciones;Lucía Herrera;Comercial Andina;Lima;Externo;48;33.0;Sí;1;5.0
TCK-01512;2025-05-22;;Teléfono;Media;Correo;No recibe correos;En progreso;Mesa de ayuda;María Paredes;Corporación Sierra;Trujillo;Interno;24;;No aplica;223;
TCK-01513;2025-04-18;2025-04-19;Teléfono;Media;Hardware;Equipo lento;Resuelto;Seguridad;Ricardo Flores;Grupo Pacífico;Huancayo;Interno;24;30.0;No;1;1.0
TCK-01514;2025-03-02;2025-03-02;Chat;Baja;Accesos;Permisos de usuario;Cancelado;Infraestructura;Carlos Medina;Retail Norte;Cusco;Interno;48;;No aplica;0;
TCK-01515;2025-02-27;2025-02-27;Web;Alta;Hardware;Equipo lento;Cerrado;Soporte ERP;Fernando Díaz;Distribuidora Horizonte;Huancayo;Externo;8;23.0;No;0;3.0
TCK-01516;2025-09-28;;Teléfono;Baja;Correo;Configuración de Outlook;En progreso;Infraestructura;Carlos Medina;Logística Central;Cusco;Interno;48;;No aplica;94;
TCK-01517;2025-08-09;;Web;Alta;Software;Instalación de programa;Abierto;Aplicaciones;Lucía Herrera;Retail Norte;Huancayo;Externo;8;;No aplica;144;
TCK-01518;2025-04-01;2025-04-01;Correo;Alta;ERP;Consulta de proceso;Cerrado;Soporte ERP;Fernando Díaz;Inversiones Sur;Lima;Externo;8;6.0;Sí;0;4.0
TCK-01519;2025-11-02;2025-11-02;Correo;Alta;Correo;No recibe correos;Cerrado;Aplicaciones;Diego Vargas;Corporación Sierra;Lima;Interno;8;8.0;Sí;0;5.0
TCK-01520;2025-03-07;2025-03-08;Teléfono;Media;CRM;Error de registro;Cerrado;Infraestructura;Jorge Salazar;Retail Norte;Huancayo;Externo;24;28.0;No;1;2.0
TCK-01521;2025-07-03;2025-07-03;Web;Media;CRM;Error de registro;Resuelto;Infraestructura;Carlos Medina;Logística Central;Lima;Interno;24;7.0;Sí;0;4.0
TCK-01522;2025-09-04;2025-09-05;Chat;Media;Software;Instalación de programa;Resuelto;Infraestructura;Elena Chávez;Distribuidora Horizonte;Arequipa;Interno;24;25.0;No;1;3.0
TCK-01523;2025-11-14;2025-11-14;Correo;Media;Accesos;Permisos de usuario;Cancelado;Soporte ERP;Fernando Díaz;Corporación Sierra;Huancayo;Interno;24;;No aplica;0;
TCK-01524;2025-05-25;;Web;Baja;Redes;VPN;Abierto;Infraestructura;Elena Chávez;Comercial Andina;Huancayo;Externo;48;;No aplica;220;
TCK-01525;2025-01-17;2025-01-17;Correo;Alta;Accesos;Permisos de usuario;Resuelto;Soporte ERP;Camila Núñez;Inversiones Sur;Trujillo;Externo;8;21.0;No;0;1.0
TCK-01526;2025-07-09;2025-07-09;Web;Media;Redes;VPN;Cancelado;Seguridad;Ricardo Flores;Servicios Lima;Arequipa;Externo;24;;No aplica;0;
TCK-01527;2025-03-12;2025-03-12;Teléfono;Alta;Hardware;Equipo lento;Resuelto;Soporte ERP;Fernando Díaz;Retail Norte;Cusco;Interno;8;3.0;Sí;0;4.0
TCK-01528;2025-01-14;2025-01-15;Teléfono;Media;Software;Error de aplicación;Resuelto;Seguridad;Valeria Rojas;Logística Central;Lima;Externo;24;24.0;Sí;1;5.0
TCK-01529;2025-09-22;;Correo;Crítica;ERP;Problema de permisos;Abierto;Aplicaciones;Diego Vargas;Retail Norte;Huancayo;Interno;4;;No aplica;100;
TCK-01530;2025-02-25;2025-02-25;Chat;Media;Software;Actualización fallida;Resuelto;Mesa de ayuda;Luis Ramos;Distribuidora Horizonte;Lima;Interno;24;10.0;Sí;0;5.0
TCK-01531;2025-12-31;;Correo;Crítica;CRM;Problema de sincronización;Abierto;Aplicaciones;Lucía Herrera;Logística Central;Trujillo;Externo;4;;No aplica;0;
TCK-01532;2025-04-13;2025-04-13;Teléfono;Alta;Hardware;Equipo lento;Resuelto;Soporte ERP;Camila Núñez;Grupo Pacífico;Arequipa;Externo;8;16.0;No;0;2.0
TCK-01533;2025-12-27;;Web;Alta;Hardware;Cambio de periférico;Abierto;Mesa de ayuda;Luis Ramos;Servicios Lima;Huancayo;Externo;8;;No aplica;4;
TCK-01534;2025-03-22;2025-03-25;Teléfono;Baja;Redes;VPN;Resuelto;Seguridad;Valeria Rojas;Grupo Pacífico;Lima;Externo;48;82.0;No;3;1.0
TCK-01535;2025-09-26;2025-09-26;Correo;Alta;Hardware;Equipo lento;Cerrado;Mesa de ayuda;Luis Ramos;Corporación Sierra;Trujillo;Externo;8;5.0;Sí;0;5.0
TCK-01536;2025-06-19;;Web;Crítica;Hardware;Equipo lento;Abierto;Seguridad;Valeria Rojas;Distribuidora Horizonte;Lima;Externo;4;;No aplica;195;
TCK-01537;2025-01-20;2025-01-21;Correo;Media;Correo;Configuración de Outlook;Resuelto;Mesa de ayuda;María Paredes;Logística Central;Cusco;Interno;24;44.0;No;1;1.0
TCK-01538;2025-12-08;2025-12-08;Chat;Crítica;Hardware;Falla de impresora;Cerrado;Soporte ERP;Fernando Díaz;Logística Central;Cusco;Externo;4;7.0;No;0;3.0
TCK-01539;2025-09-28;2025-09-29;Chat;Media;Software;Instalación de programa;Resuelto;Soporte ERP;Camila Núñez;Retail Norte;Trujillo;Externo;24;41.0;No;1;1.0
TCK-01540;2025-07-30;;Chat;Baja;Accesos;Permisos de usuario;En progreso;Mesa de ayuda;Luis Ramos;Distribuidora Horizonte;Cusco;Externo;48;;No aplica;154;
TCK-01541;2025-05-08;2025-05-08;Correo;Alta;Software;Error de aplicación;Resuelto;Soporte ERP;Camila Núñez;Retail Norte;Cusco;Externo;8;2.0;Sí;0;4.0
TCK-01542;2025-12-31;2025-12-31;Teléfono;Alta;CRM;Consulta de cliente;Cerrado;Infraestructura;Carlos Medina;Servicios Lima;Trujillo;Interno;8;18.0;No;0;2.0
TCK-01543;2025-10-04;2025-10-04;Teléfono;Alta;CRM;Error de registro;Resuelto;Mesa de ayuda;María Paredes;Logística Central;Lima;Interno;8;9.0;No;0;2.0
TCK-01544;2025-12-17;2025-12-17;Teléfono;Media;Correo;Configuración de Outlook;Resuelto;Seguridad;Ricardo Flores;Retail Norte;Lima;Externo;24;6.0;Sí;0;5.0
TCK-01545;2025-12-05;2025-12-07;Web;Baja;Correo;Error de envío;Cerrado;Aplicaciones;Diego Vargas;Grupo Pacífico;Huancayo;Interno;48;65.0;No;2;2.0
TCK-01546;2025-09-25;2025-09-25;Web;Baja;Accesos;Cuenta bloqueada;Resuelto;Aplicaciones;Diego Vargas;Comercial Andina;Cusco;Interno;48;15.0;Sí;0;4.0
TCK-01547;2025-05-13;2025-05-14;Web;Media;ERP;Error en módulo;Resuelto;Infraestructura;Carlos Medina;Corporación Sierra;Cusco;Interno;24;42.0;No;1;3.0
TCK-01548;2025-07-26;;Correo;Media;Software;Actualización fallida;Abierto;Seguridad;Valeria Rojas;Grupo Pacífico;Cusco;Externo;24;;No aplica;158;
TCK-01549;2025-10-14;2025-10-14;Chat;Alta;Accesos;Cuenta bloqueada;Cerrado;Seguridad;Ricardo Flores;Logística Central;Lima;Externo;8;9.0;No;0;3.0
TCK-01550;2025-03-02;2025-03-03;Correo;Baja;Accesos;Restablecimiento de contraseña;Cerrado;Aplicaciones;Diego Vargas;Comercial Andina;Trujillo;Interno;48;30.0;Sí;1;5.0
TCK-01551;2025-05-26;2025-05-27;Teléfono;Baja;Software;Instalación de programa;Resuelto;Seguridad;Valeria Rojas;Retail Norte;Trujillo;Externo;48;31.0;Sí;1;5.0
TCK-01552;2025-11-24;2025-11-25;Correo;Media;ERP;Consulta de proceso;Resuelto;Soporte ERP;Camila Núñez;Corporación Sierra;Cusco;Interno;24;37.0;No;1;3.0
TCK-01553;2025-08-08;2025-08-08;Correo;Media;Hardware;Falla de impresora;Resuelto;Mesa de ayuda;Ana Torres;Inversiones Sur;Lima;Externo;24;22.0;Sí;0;4.0
TCK-01554;2025-07-02;2025-07-02;Web;Alta;Redes;Lentitud de red;Resuelto;Soporte ERP;Fernando Díaz;Comercial Andina;Cusco;Interno;8;10.0;No;0;3.0
TCK-01555;2025-07-24;2025-07-24;Web;Media;Accesos;Restablecimiento de contraseña;Resuelto;Aplicaciones;Diego Vargas;Distribuidora Horizonte;Huancayo;Externo;24;12.0;Sí;0;5.0
TCK-01556;2025-01-12;2025-01-12;Web;Crítica;Software;Error de aplicación;Resuelto;Soporte ERP;Fernando Díaz;Inversiones Sur;Cusco;Interno;4;4.0;Sí;0;5.0
TCK-01557;2025-02-25;2025-02-27;Correo;Media;Hardware;Falla de impresora;Resuelto;Infraestructura;Carlos Medina;Comercial Andina;Arequipa;Externo;24;69.0;No;2;1.0
TCK-01558;2025-07-25;;Correo;Baja;Software;Instalación de programa;Abierto;Aplicaciones;Diego Vargas;Distribuidora Horizonte;Huancayo;Externo;48;;No aplica;159;
TCK-01559;2025-03-05;2025-03-07;Web;Media;CRM;Error de registro;Resuelto;Aplicaciones;Diego Vargas;Comercial Andina;Cusco;Externo;24;55.0;No;2;1.0
TCK-01560;2025-08-29;2025-08-29;Teléfono;Media;ERP;Error en módulo;Cerrado;Soporte ERP;Fernando Díaz;Logística Central;Cusco;Interno;24;4.0;Sí;0;5.0
TCK-01561;2025-08-25;2025-08-25;Teléfono;Alta;Accesos;Permisos de usuario;Resuelto;Seguridad;Ricardo Flores;Servicios Lima;Arequipa;Interno;8;14.0;No;0;3.0
TCK-01562;2025-07-12;2025-07-13;Chat;Media;Correo;Configuración de Outlook;Resuelto;Infraestructura;Elena Chávez;Corporación Sierra;Cusco;Externo;24;43.0;No;1;3.0
TCK-01563;2025-07-15;2025-07-15;Web;Media;Redes;VPN;Cerrado;Soporte ERP;Camila Núñez;Inversiones Sur;Lima;Interno;24;19.0;Sí;0;4.0
TCK-01564;2025-11-03;2025-11-03;Teléfono;Crítica;Accesos;Permisos de usuario;Resuelto;Infraestructura;Elena Chávez;Corporación Sierra;Lima;Externo;4;2.0;Sí;0;4.0
TCK-01565;2025-08-31;;Correo;Media;CRM;Consulta de cliente;Abierto;Soporte ERP;Camila Núñez;Servicios Lima;Trujillo;Externo;24;;No aplica;122;
TCK-01566;2025-05-08;;Web;Media;Correo;Configuración de Outlook;En progreso;Aplicaciones;Diego Vargas;Inversiones Sur;Cusco;Interno;24;;No aplica;237;
TCK-01567;2025-07-14;2025-07-14;Web;Crítica;ERP;Problema de permisos;Resuelto;Aplicaciones;Patricia León;Logística Central;Cusco;Externo;4;3.0;Sí;0;4.0
TCK-01568;2025-05-31;2025-05-31;Chat;Baja;Redes;Lentitud de red;Resuelto;Soporte ERP;Camila Núñez;Corporación Sierra;Trujillo;Externo;48;14.0;Sí;0;5.0
TCK-01569;2025-08-12;2025-08-12;Correo;Crítica;Redes;VPN;Cerrado;Seguridad;Valeria Rojas;Distribuidora Horizonte;Trujillo;Externo;4;9.0;No;0;1.0
TCK-01570;2025-10-20;2025-10-24;Web;Baja;Software;Error de aplicación;Cerrado;Soporte ERP;Fernando Díaz;Corporación Sierra;Huancayo;Interno;48;117.0;No;4;2.0
TCK-01571;2025-05-13;2025-05-13;Teléfono;Baja;CRM;Consulta de cliente;Cerrado;Infraestructura;Jorge Salazar;Inversiones Sur;Arequipa;Interno;48;21.0;Sí;0;5.0
TCK-01572;2025-11-20;;Correo;Media;Hardware;Equipo lento;En progreso;Seguridad;Ricardo Flores;Grupo Pacífico;Lima;Interno;24;;No aplica;41;
TCK-01573;2025-03-19;2025-03-22;Correo;Baja;Accesos;Permisos de usuario;Cerrado;Seguridad;Valeria Rojas;Corporación Sierra;Huancayo;Externo;48;86.0;No;3;1.0
TCK-01574;2025-07-19;2025-07-19;Correo;Crítica;Hardware;Equipo lento;Resuelto;Aplicaciones;Lucía Herrera;Logística Central;Cusco;Externo;4;1.0;Sí;0;4.0
TCK-01575;2025-10-02;2025-10-04;Correo;Media;Accesos;Permisos de usuario;Resuelto;Seguridad;Ricardo Flores;Servicios Lima;Lima;Interno;24;49.0;No;2;2.0
TCK-01576;2025-01-07;;Chat;Alta;ERP;Consulta de proceso;En progreso;Aplicaciones;Patricia León;Corporación Sierra;Lima;Interno;8;;No aplica;358;
TCK-01577;2025-02-26;2025-02-26;Chat;Crítica;Software;Actualización fallida;Resuelto;Seguridad;Valeria Rojas;Servicios Lima;Trujillo;Externo;4;12.0;No;0;3.0
TCK-01578;2025-07-17;2025-07-18;Chat;Media;Redes;Lentitud de red;Resuelto;Infraestructura;Jorge Salazar;Logística Central;Cusco;Interno;24;43.0;No;1;1.0
TCK-01579;2025-03-05;;Teléfono;Media;Redes;VPN;En progreso;Aplicaciones;Diego Vargas;Comercial Andina;Lima;Externo;24;;No aplica;301;
TCK-01580;2025-05-11;2025-05-12;Correo;Media;Redes;Lentitud de red;Resuelto;Infraestructura;Carlos Medina;Retail Norte;Lima;Interno;24;28.0;No;1;1.0
TCK-01581;2025-08-18;2025-08-19;Correo;Media;ERP;Consulta de proceso;Cerrado;Soporte ERP;Fernando Díaz;Distribuidora Horizonte;Trujillo;Externo;24;30.0;No;1;1.0
TCK-01582;2025-12-07;2025-12-09;Correo;Media;Accesos;Restablecimiento de contraseña;Cerrado;Mesa de ayuda;Ana Torres;Corporación Sierra;Huancayo;Interno;24;64.0;No;2;2.0
TCK-01583;2025-01-07;2025-01-07;Teléfono;Crítica;Correo;Error de envío;Cerrado;Infraestructura;Carlos Medina;Logística Central;Arequipa;Interno;4;1.0;Sí;0;5.0
TCK-01584;2025-11-08;2025-11-13;Chat;Baja;Correo;Configuración de Outlook;Resuelto;Infraestructura;Jorge Salazar;Servicios Lima;Arequipa;Interno;48;120.0;No;5;2.0
TCK-01585;2025-01-07;2025-01-09;Correo;Baja;ERP;Problema de permisos;Resuelto;Mesa de ayuda;María Paredes;Retail Norte;Trujillo;Externo;48;68.0;No;2;3.0
TCK-01586;2025-05-27;2025-05-27;Web;Crítica;Software;Instalación de programa;Resuelto;Aplicaciones;Diego Vargas;Inversiones Sur;Arequipa;Externo;4;7.0;No;0;1.0
TCK-01587;2025-09-30;2025-09-30;Correo;Media;Hardware;Falla de impresora;Resuelto;Soporte ERP;Fernando Díaz;Distribuidora Horizonte;Cusco;Interno;24;5.0;Sí;0;5.0
TCK-01588;2025-05-04;2025-05-04;Web;Alta;Correo;Configuración de Outlook;Resuelto;Aplicaciones;Lucía Herrera;Corporación Sierra;Cusco;Externo;8;20.0;No;0;3.0
TCK-01589;2025-09-21;2025-09-25;Teléfono;Baja;Correo;No recibe correos;Cerrado;Aplicaciones;Diego Vargas;Distribuidora Horizonte;Cusco;Interno;48;115.0;No;4;2.0
TCK-01590;2025-02-23;;Correo;Media;Accesos;Restablecimiento de contraseña;En progreso;Mesa de ayuda;Ana Torres;Corporación Sierra;Arequipa;Interno;24;;No aplica;311;
TCK-01591;2025-05-18;2025-05-18;Correo;Alta;Software;Actualización fallida;Resuelto;Seguridad;Ricardo Flores;Servicios Lima;Huancayo;Interno;8;6.0;Sí;0;4.0
TCK-01592;2025-11-27;2025-11-28;Teléfono;Media;CRM;Error de registro;Resuelto;Soporte ERP;Fernando Díaz;Grupo Pacífico;Cusco;Interno;24;31.0;No;1;1.0
TCK-01593;2025-03-16;;Correo;Baja;Software;Error de aplicación;Abierto;Mesa de ayuda;Ana Torres;Retail Norte;Cusco;Externo;48;;No aplica;290;
TCK-01594;2025-08-25;2025-08-25;Web;Alta;Correo;Configuración de Outlook;Cerrado;Soporte ERP;Camila Núñez;Corporación Sierra;Lima;Interno;8;19.0;No;0;1.0
TCK-01595;2025-06-01;;Correo;Media;Hardware;Cambio de periférico;Abierto;Infraestructura;Elena Chávez;Logística Central;Arequipa;Interno;24;;No aplica;213;
TCK-01596;2025-11-25;2025-11-26;Chat;Media;CRM;Problema de sincronización;Cerrado;Aplicaciones;Diego Vargas;Grupo Pacífico;Huancayo;Externo;24;43.0;No;1;2.0
TCK-01597;2025-10-29;;Correo;Media;Hardware;Equipo lento;Abierto;Mesa de ayuda;Luis Ramos;Corporación Sierra;Huancayo;Interno;24;;No aplica;63;
TCK-01598;2025-07-09;2025-07-10;Teléfono;Alta;ERP;Problema de permisos;Resuelto;Seguridad;Valeria Rojas;Retail Norte;Arequipa;Interno;8;24.0;No;1;1.0
TCK-01599;2025-08-12;2025-08-16;Web;Baja;Redes;Sin conexión;Resuelto;Mesa de ayuda;Ana Torres;Corporación Sierra;Arequipa;Externo;48;119.0;No;4;1.0
TCK-01600;2025-12-29;2025-12-29;Correo;Baja;Software;Instalación de programa;Cancelado;Mesa de ayuda;Luis Ramos;Inversiones Sur;Lima;Externo;48;;No aplica;0;
TCK-01601;2025-10-30;;Correo;Media;Correo;No recibe correos;Abierto;Aplicaciones;Lucía Herrera;Servicios Lima;Trujillo;Externo;24;;No aplica;62;
TCK-01602;2025-10-08;2025-10-08;Correo;Media;ERP;Problema de permisos;Resuelto;Soporte ERP;Camila Núñez;Grupo Pacífico;Trujillo;Externo;24;5.0;Sí;0;4.0
TCK-01603;2025-10-04;2025-10-06;Web;Media;Correo;No recibe correos;Cerrado;Seguridad;Valeria Rojas;Retail Norte;Arequipa;Interno;24;51.0;No;2;3.0
TCK-01604;2025-08-08;;Correo;Media;Accesos;Permisos de usuario;Abierto;Mesa de ayuda;María Paredes;Servicios Lima;Huancayo;Interno;24;;No aplica;145;
TCK-01605;2025-02-14;2025-02-14;Correo;Baja;Redes;VPN;Cerrado;Soporte ERP;Fernando Díaz;Corporación Sierra;Lima;Externo;48;18.0;Sí;0;4.0
TCK-01606;2025-10-20;;Web;Alta;Accesos;Permisos de usuario;Abierto;Aplicaciones;Lucía Herrera;Inversiones Sur;Lima;Externo;8;;No aplica;72;
TCK-01607;2025-09-07;2025-09-07;Web;Media;Software;Instalación de programa;Resuelto;Aplicaciones;Diego Vargas;Grupo Pacífico;Lima;Interno;24;22.0;Sí;0;5.0
TCK-01608;2025-02-17;2025-02-18;Web;Media;Accesos;Permisos de usuario;Cerrado;Infraestructura;Carlos Medina;Grupo Pacífico;Cusco;Externo;24;46.0;No;1;3.0
TCK-01609;2025-10-28;2025-10-28;Correo;Crítica;Redes;Lentitud de red;Resuelto;Aplicaciones;Diego Vargas;Grupo Pacífico;Lima;Externo;4;11.0;No;0;2.0
TCK-01610;2025-07-10;2025-07-12;Web;Baja;CRM;Consulta de cliente;Resuelto;Infraestructura;Carlos Medina;Grupo Pacífico;Huancayo;Externo;48;71.0;No;2;1.0
TCK-01611;2025-12-30;;Web;Baja;ERP;Consulta de proceso;Abierto;Infraestructura;Elena Chávez;Inversiones Sur;Trujillo;Externo;48;;No aplica;1;
TCK-01612;2025-01-28;;Web;Alta;CRM;Problema de sincronización;En progreso;Infraestructura;Elena Chávez;Grupo Pacífico;Cusco;Externo;8;;No aplica;337;
TCK-01613;2025-05-24;2025-05-24;Correo;Alta;CRM;Consulta de cliente;Resuelto;Infraestructura;Carlos Medina;Logística Central;Trujillo;Interno;8;4.0;Sí;0;4.0
TCK-01614;2025-08-03;2025-08-06;Correo;Baja;CRM;Problema de sincronización;Resuelto;Mesa de ayuda;Luis Ramos;Retail Norte;Lima;Externo;48;79.0;No;3;3.0
TCK-01615;2025-12-24;;Teléfono;Crítica;Redes;Sin conexión;Abierto;Soporte ERP;Fernando Díaz;Distribuidora Horizonte;Lima;Interno;4;;No aplica;7;
TCK-01616;2025-06-11;2025-06-11;Correo;Alta;ERP;Consulta de proceso;Cerrado;Infraestructura;Jorge Salazar;Comercial Andina;Cusco;Interno;8;8.0;Sí;0;4.0
TCK-01617;2025-01-17;2025-01-20;Web;Baja;ERP;Error en módulo;Resuelto;Mesa de ayuda;Luis Ramos;Logística Central;Lima;Externo;48;79.0;No;3;3.0
TCK-01618;2025-06-17;2025-06-17;Teléfono;Alta;CRM;Consulta de cliente;Resuelto;Soporte ERP;Camila Núñez;Corporación Sierra;Cusco;Interno;8;15.0;No;0;2.0
TCK-01619;2025-03-09;2025-03-09;Web;Alta;Hardware;Falla de impresora;Resuelto;Mesa de ayuda;María Paredes;Grupo Pacífico;Trujillo;Interno;8;11.0;No;0;3.0
TCK-01620;2025-02-12;2025-02-13;Correo;Baja;Hardware;Falla de impresora;Cerrado;Aplicaciones;Patricia León;Grupo Pacífico;Arequipa;Externo;48;36.0;Sí;1;4.0
TCK-01621;2025-02-05;2025-02-05;Web;Alta;CRM;Consulta de cliente;Cancelado;Aplicaciones;Diego Vargas;Logística Central;Cusco;Interno;8;;No aplica;0;
TCK-01622;2025-03-19;2025-03-19;Web;Crítica;Correo;Error de envío;Cerrado;Mesa de ayuda;María Paredes;Corporación Sierra;Trujillo;Interno;4;10.0;No;0;3.0
TCK-01623;2025-04-23;2025-04-27;Chat;Baja;Correo;Configuración de Outlook;Cerrado;Infraestructura;Elena Chávez;Logística Central;Huancayo;Externo;48;110.0;No;4;1.0
TCK-01624;2025-07-15;2025-07-15;Chat;Baja;CRM;Problema de sincronización;Resuelto;Seguridad;Ricardo Flores;Comercial Andina;Arequipa;Externo;48;14.0;Sí;0;5.0
TCK-01625;2025-08-16;2025-08-17;Chat;Media;Accesos;Cuenta bloqueada;Resuelto;Aplicaciones;Diego Vargas;Retail Norte;Arequipa;Externo;24;24.0;Sí;1;4.0
TCK-01626;2025-10-17;2025-10-21;Correo;Baja;Correo;Error de envío;Resuelto;Aplicaciones;Patricia León;Comercial Andina;Trujillo;Externo;48;101.0;No;4;1.0
TCK-01627;2025-12-08;;Chat;Alta;Hardware;Equipo lento;En progreso;Seguridad;Valeria Rojas;Retail Norte;Cusco;Interno;8;;No aplica;23;
TCK-01628;2025-03-14;2025-03-14;Correo;Alta;ERP;Consulta de proceso;Cerrado;Mesa de ayuda;María Paredes;Grupo Pacífico;Huancayo;Interno;8;14.0;No;0;3.0
TCK-01629;2025-11-14;2025-11-14;Web;Alta;Redes;Lentitud de red;Cerrado;Mesa de ayuda;María Paredes;Grupo Pacífico;Lima;Interno;8;23.0;No;0;1.0
TCK-01630;2025-04-04;2025-04-04;Web;Media;Correo;Error de envío;Cerrado;Mesa de ayuda;Ana Torres;Grupo Pacífico;Trujillo;Interno;24;14.0;Sí;0;5.0
TCK-01631;2025-02-26;2025-02-26;Correo;Baja;Redes;Lentitud de red;Cerrado;Soporte ERP;Camila Núñez;Distribuidora Horizonte;Cusco;Externo;48;12.0;Sí;0;5.0
TCK-01632;2025-05-25;;Correo;Baja;Accesos;Cuenta bloqueada;Abierto;Infraestructura;Carlos Medina;Distribuidora Horizonte;Cusco;Interno;48;;No aplica;220;
TCK-01633;2025-07-01;2025-07-02;Teléfono;Media;Hardware;Equipo lento;Resuelto;Mesa de ayuda;Ana Torres;Comercial Andina;Trujillo;Externo;24;31.0;No;1;2.0
TCK-01634;2025-01-07;;Correo;Baja;Redes;VPN;Abierto;Infraestructura;Carlos Medina;Servicios Lima;Trujillo;Interno;48;;No aplica;358;
TCK-01635;2025-09-17;2025-09-22;Web;Baja;Hardware;Cambio de periférico;Resuelto;Aplicaciones;Lucía Herrera;Retail Norte;Huancayo;Externo;48;120.0;No;5;3.0
TCK-01636;2025-11-12;2025-11-14;Chat;Baja;CRM;Error de registro;Resuelto;Aplicaciones;Lucía Herrera;Inversiones Sur;Huancayo;Interno;48;54.0;No;2;2.0
TCK-01637;2025-02-06;2025-02-06;Correo;Media;Correo;No recibe correos;Resuelto;Mesa de ayuda;Luis Ramos;Corporación Sierra;Cusco;Interno;24;13.0;Sí;0;5.0
TCK-01638;2025-08-13;2025-08-13;Web;Crítica;Software;Instalación de programa;Resuelto;Soporte ERP;Camila Núñez;Grupo Pacífico;Huancayo;Interno;4;10.0;No;0;2.0
TCK-01639;2025-06-07;2025-06-11;Web;Baja;Software;Error de aplicación;Resuelto;Mesa de ayuda;Luis Ramos;Distribuidora Horizonte;Trujillo;Externo;48;105.0;No;4;1.0
TCK-01640;2025-06-21;2025-06-21;Correo;Alta;CRM;Error de registro;Resuelto;Mesa de ayuda;Luis Ramos;Servicios Lima;Trujillo;Externo;8;10.0;No;0;1.0
TCK-01641;2025-07-20;2025-07-20;Correo;Alta;Software;Actualización fallida;Resuelto;Mesa de ayuda;María Paredes;Grupo Pacífico;Cusco;Interno;8;9.0;No;0;1.0
TCK-01642;2025-06-07;;Correo;Alta;CRM;Error de registro;Abierto;Soporte ERP;Fernando Díaz;Corporación Sierra;Lima;Externo;8;;No aplica;207;
TCK-01643;2025-05-06;2025-05-06;Correo;Baja;Accesos;Cuenta bloqueada;Resuelto;Aplicaciones;Patricia León;Comercial Andina;Huancayo;Interno;48;19.0;Sí;0;5.0
TCK-01644;2025-07-21;2025-07-23;Web;Baja;Hardware;Falla de impresora;Resuelto;Aplicaciones;Diego Vargas;Inversiones Sur;Cusco;Externo;48;49.0;No;2;3.0
TCK-01645;2025-04-06;2025-04-08;Correo;Media;Accesos;Permisos de usuario;Resuelto;Infraestructura;Jorge Salazar;Comercial Andina;Huancayo;Interno;24;57.0;No;2;3.0
TCK-01646;2025-04-02;;Teléfono;Baja;Redes;VPN;En progreso;Soporte ERP;Fernando Díaz;Retail Norte;Arequipa;Externo;48;;No aplica;273;
TCK-01647;2025-08-26;;Chat;Media;Accesos;Restablecimiento de contraseña;En progreso;Mesa de ayuda;Luis Ramos;Grupo Pacífico;Huancayo;Interno;24;;No aplica;127;
TCK-01648;2025-04-03;;Correo;Media;ERP;Problema de permisos;En progreso;Infraestructura;Carlos Medina;Inversiones Sur;Cusco;Interno;24;;No aplica;272;
TCK-01649;2025-09-25;;Web;Media;Redes;Lentitud de red;Abierto;Mesa de ayuda;Luis Ramos;Retail Norte;Lima;Externo;24;;No aplica;97;
TCK-01650;2025-04-19;2025-04-19;Web;Media;ERP;Problema de permisos;Resuelto;Aplicaciones;Lucía Herrera;Distribuidora Horizonte;Trujillo;Interno;24;16.0;Sí;0;5.0
TCK-01651;2025-10-12;2025-10-12;Web;Media;CRM;Problema de sincronización;Cerrado;Infraestructura;Jorge Salazar;Servicios Lima;Lima;Externo;24;23.0;Sí;0;5.0
TCK-01652;2025-03-30;2025-03-30;Teléfono;Alta;Redes;Sin conexión;Cancelado;Mesa de ayuda;María Paredes;Grupo Pacífico;Huancayo;Externo;8;;No aplica;0;
TCK-01653;2025-01-01;2025-01-01;Correo;Media;Correo;No recibe correos;Resuelto;Infraestructura;Carlos Medina;Grupo Pacífico;Lima;Externo;24;15.0;Sí;0;5.0
TCK-01654;2025-05-23;;Web;Alta;Software;Actualización fallida;En progreso;Soporte ERP;Fernando Díaz;Retail Norte;Trujillo;Externo;8;;No aplica;222;
TCK-01655;2025-10-23;;Web;Alta;Software;Actualización fallida;Abierto;Mesa de ayuda;Ana Torres;Comercial Andina;Huancayo;Interno;8;;No aplica;69;
TCK-01656;2025-05-22;;Chat;Media;Software;Error de aplicación;En progreso;Seguridad;Valeria Rojas;Inversiones Sur;Huancayo;Interno;24;;No aplica;223;
TCK-01657;2025-05-05;2025-05-05;Web;Alta;CRM;Error de registro;Cerrado;Soporte ERP;Fernando Díaz;Corporación Sierra;Arequipa;Interno;8;15.0;No;0;2.0
TCK-01658;2025-07-22;2025-07-24;Correo;Media;Redes;Lentitud de red;Cerrado;Soporte ERP;Fernando Díaz;Distribuidora Horizonte;Trujillo;Externo;24;49.0;No;2;2.0
TCK-01659;2025-10-27;;Correo;Media;Hardware;Cambio de periférico;En progreso;Mesa de ayuda;María Paredes;Grupo Pacífico;Cusco;Interno;24;;No aplica;65;
TCK-01660;2025-08-01;2025-08-01;Teléfono;Baja;Hardware;Falla de impresora;Cancelado;Aplicaciones;Diego Vargas;Comercial Andina;Huancayo;Interno;48;;No aplica;0;
TCK-01661;2025-01-15;2025-01-16;Correo;Baja;CRM;Problema de sincronización;Cerrado;Mesa de ayuda;María Paredes;Corporación Sierra;Trujillo;Interno;48;27.0;Sí;1;4.0
TCK-01662;2025-04-14;;Chat;Media;Hardware;Falla de impresora;Abierto;Seguridad;Valeria Rojas;Corporación Sierra;Trujillo;Externo;24;;No aplica;261;
TCK-01663;2025-01-21;2025-01-22;Web;Media;Hardware;Cambio de periférico;Cerrado;Soporte ERP;Camila Núñez;Inversiones Sur;Arequipa;Interno;24;42.0;No;1;3.0
TCK-01664;2025-05-27;2025-05-31;Teléfono;Baja;Hardware;Falla de impresora;Resuelto;Seguridad;Valeria Rojas;Servicios Lima;Arequipa;Interno;48;99.0;No;4;1.0
TCK-01665;2025-10-18;2025-10-18;Web;Crítica;Accesos;Restablecimiento de contraseña;Resuelto;Seguridad;Ricardo Flores;Grupo Pacífico;Huancayo;Externo;4;3.0;Sí;0;5.0
TCK-01666;2025-03-02;;Correo;Baja;CRM;Problema de sincronización;En progreso;Infraestructura;Elena Chávez;Inversiones Sur;Cusco;Externo;48;;No aplica;304;
TCK-01667;2025-05-17;2025-05-17;Teléfono;Alta;Correo;Configuración de Outlook;Resuelto;Mesa de ayuda;María Paredes;Distribuidora Horizonte;Cusco;Interno;8;21.0;No;0;2.0
TCK-01668;2025-03-17;2025-03-18;Web;Media;ERP;Error en módulo;Cerrado;Soporte ERP;Camila Núñez;Logística Central;Huancayo;Interno;24;47.0;No;1;1.0
TCK-01669;2025-03-10;2025-03-11;Teléfono;Baja;Accesos;Restablecimiento de contraseña;Resuelto;Aplicaciones;Lucía Herrera;Comercial Andina;Arequipa;Interno;48;36.0;Sí;1;4.0
TCK-01670;2025-05-14;;Chat;Baja;ERP;Error en módulo;Abierto;Mesa de ayuda;Ana Torres;Inversiones Sur;Cusco;Externo;48;;No aplica;231;
TCK-01671;2025-07-27;;Correo;Baja;CRM;Problema de sincronización;En progreso;Seguridad;Valeria Rojas;Distribuidora Horizonte;Arequipa;Externo;48;;No aplica;157;
TCK-01672;2025-07-25;2025-07-27;Web;Baja;Redes;Lentitud de red;Cerrado;Aplicaciones;Patricia León;Inversiones Sur;Huancayo;Externo;48;55.0;No;2;3.0
TCK-01673;2025-08-30;2025-08-30;Chat;Alta;ERP;Problema de permisos;Resuelto;Soporte ERP;Camila Núñez;Retail Norte;Trujillo;Interno;8;10.0;No;0;1.0
TCK-01674;2025-02-10;;Correo;Alta;ERP;Error en módulo;Abierto;Soporte ERP;Camila Núñez;Logística Central;Cusco;Interno;8;;No aplica;324;
TCK-01675;2025-06-24;;Correo;Media;CRM;Problema de sincronización;En progreso;Soporte ERP;Camila Núñez;Corporación Sierra;Arequipa;Externo;24;;No aplica;190;
TCK-01676;2025-04-04;;Correo;Baja;CRM;Problema de sincronización;Abierto;Infraestructura;Carlos Medina;Inversiones Sur;Cusco;Interno;48;;No aplica;271;
TCK-01677;2025-05-17;2025-05-17;Correo;Alta;Hardware;Cambio de periférico;Cerrado;Aplicaciones;Lucía Herrera;Servicios Lima;Huancayo;Interno;8;15.0;No;0;1.0
TCK-01678;2025-06-04;;Teléfono;Baja;CRM;Error de registro;En progreso;Seguridad;Valeria Rojas;Servicios Lima;Trujillo;Interno;48;;No aplica;210;
TCK-01679;2025-02-23;;Chat;Media;Correo;Configuración de Outlook;Abierto;Mesa de ayuda;Luis Ramos;Inversiones Sur;Huancayo;Interno;24;;No aplica;311;
TCK-01680;2025-03-03;2025-03-04;Correo;Media;Correo;Error de envío;Resuelto;Aplicaciones;Patricia León;Servicios Lima;Arequipa;Externo;24;26.0;No;1;2.0
TCK-01681;2025-09-16;2025-09-16;Teléfono;Alta;ERP;Problema de permisos;Cerrado;Seguridad;Ricardo Flores;Retail Norte;Trujillo;Interno;8;22.0;No;0;1.0
TCK-01682;2025-11-28;2025-11-28;Chat;Media;Accesos;Permisos de usuario;Resuelto;Infraestructura;Carlos Medina;Distribuidora Horizonte;Trujillo;Externo;24;20.0;Sí;0;5.0
TCK-01683;2025-07-24;;Teléfono;Media;Hardware;Equipo lento;En progreso;Aplicaciones;Patricia León;Comercial Andina;Arequipa;Interno;24;;No aplica;160;
TCK-01684;2025-08-13;2025-08-13;Chat;Crítica;Redes;VPN;Cerrado;Soporte ERP;Fernando Díaz;Comercial Andina;Lima;Interno;4;8.0;No;0;3.0
TCK-01685;2025-04-02;;Teléfono;Crítica;Accesos;Cuenta bloqueada;En progreso;Infraestructura;Carlos Medina;Corporación Sierra;Lima;Externo;4;;No aplica;273;
TCK-01686;2025-04-27;;Chat;Media;Software;Instalación de programa;En progreso;Soporte ERP;Fernando Díaz;Distribuidora Horizonte;Huancayo;Interno;24;;No aplica;248;
TCK-01687;2025-04-12;2025-04-14;Correo;Media;ERP;Error en módulo;Resuelto;Soporte ERP;Camila Núñez;Grupo Pacífico;Lima;Interno;24;66.0;No;2;1.0
TCK-01688;2025-06-26;2025-06-28;Correo;Media;CRM;Consulta de cliente;Resuelto;Infraestructura;Carlos Medina;Grupo Pacífico;Huancayo;Interno;24;60.0;No;2;1.0
TCK-01689;2025-12-25;2025-12-26;Web;Baja;Software;Error de aplicación;Resuelto;Aplicaciones;Diego Vargas;Distribuidora Horizonte;Huancayo;Externo;48;36.0;Sí;1;4.0
TCK-01690;2025-04-27;2025-04-27;Web;Alta;Hardware;Falla de impresora;Resuelto;Seguridad;Ricardo Flores;Comercial Andina;Cusco;Externo;8;3.0;Sí;0;4.0
TCK-01691;2025-07-19;;Web;Baja;Correo;No recibe correos;En progreso;Infraestructura;Jorge Salazar;Comercial Andina;Lima;Interno;48;;No aplica;165;
TCK-01692;2025-09-09;2025-09-11;Correo;Media;CRM;Consulta de cliente;Resuelto;Infraestructura;Elena Chávez;Grupo Pacífico;Lima;Externo;24;59.0;No;2;3.0
TCK-01693;2025-05-15;2025-05-15;Web;Alta;Software;Instalación de programa;Resuelto;Seguridad;Valeria Rojas;Grupo Pacífico;Huancayo;Interno;8;8.0;Sí;0;4.0
TCK-01694;2025-03-14;2025-03-17;Chat;Baja;ERP;Error en módulo;Resuelto;Soporte ERP;Camila Núñez;Logística Central;Huancayo;Externo;48;79.0;No;3;3.0
TCK-01695;2025-10-17;2025-10-17;Correo;Baja;ERP;Error en módulo;Cancelado;Infraestructura;Elena Chávez;Inversiones Sur;Trujillo;Interno;48;;No aplica;0;
TCK-01696;2025-04-04;2025-04-04;Teléfono;Media;Software;Instalación de programa;Cancelado;Mesa de ayuda;Luis Ramos;Servicios Lima;Trujillo;Interno;24;;No aplica;0;
TCK-01697;2025-11-28;2025-11-28;Correo;Crítica;CRM;Problema de sincronización;Resuelto;Aplicaciones;Patricia León;Servicios Lima;Lima;Externo;4;11.0;No;0;2.0
TCK-01698;2025-04-28;2025-05-02;Chat;Baja;ERP;Problema de permisos;Cerrado;Aplicaciones;Patricia León;Comercial Andina;Lima;Interno;48;107.0;No;4;2.0
TCK-01699;2025-03-31;2025-03-31;Web;Crítica;ERP;Consulta de proceso;Cerrado;Infraestructura;Elena Chávez;Distribuidora Horizonte;Arequipa;Externo;4;2.0;Sí;0;5.0
TCK-01700;2025-05-22;2025-05-22;Teléfono;Crítica;Correo;No recibe correos;Resuelto;Infraestructura;Elena Chávez;Retail Norte;Arequipa;Interno;4;7.0;No;0;3.0
TCK-01701;2025-05-18;2025-05-20;Correo;Media;Redes;VPN;Cerrado;Seguridad;Valeria Rojas;Comercial Andina;Cusco;Interno;24;52.0;No;2;3.0
TCK-01702;2025-04-19;2025-04-20;Web;Media;CRM;Error de registro;Resuelto;Mesa de ayuda;Luis Ramos;Comercial Andina;Huancayo;Interno;24;36.0;No;1;1.0
TCK-01703;2025-08-11;;Chat;Media;CRM;Consulta de cliente;Abierto;Seguridad;Ricardo Flores;Grupo Pacífico;Lima;Interno;24;;No aplica;142;
TCK-01704;2025-06-07;;Correo;Alta;ERP;Consulta de proceso;En progreso;Soporte ERP;Camila Núñez;Distribuidora Horizonte;Cusco;Externo;8;;No aplica;207;
TCK-01705;2025-07-27;2025-07-31;Correo;Baja;Hardware;Equipo lento;Resuelto;Seguridad;Valeria Rojas;Distribuidora Horizonte;Huancayo;Interno;48;110.0;No;4;3.0
TCK-01706;2025-04-05;2025-04-07;Correo;Media;Hardware;Falla de impresora;Resuelto;Aplicaciones;Lucía Herrera;Distribuidora Horizonte;Cusco;Externo;24;49.0;No;2;1.0
TCK-01707;2025-11-23;2025-11-26;Chat;Baja;ERP;Problema de permisos;Resuelto;Aplicaciones;Patricia León;Retail Norte;Cusco;Interno;48;88.0;No;3;2.0
TCK-01708;2025-06-18;2025-06-18;Correo;Crítica;ERP;Problema de permisos;Resuelto;Aplicaciones;Patricia León;Servicios Lima;Lima;Interno;4;1.0;Sí;0;4.0
TCK-01709;2025-03-03;;Web;Media;Redes;VPN;Abierto;Seguridad;Valeria Rojas;Logística Central;Cusco;Externo;24;;No aplica;303;
TCK-01710;2025-05-26;;Web;Media;Accesos;Cuenta bloqueada;Abierto;Seguridad;Valeria Rojas;Logística Central;Arequipa;Externo;24;;No aplica;219;
TCK-01711;2025-09-12;2025-09-12;Web;Media;Redes;Sin conexión;Resuelto;Seguridad;Ricardo Flores;Corporación Sierra;Arequipa;Externo;24;8.0;Sí;0;5.0
TCK-01712;2025-06-19;2025-06-20;Correo;Media;ERP;Error en módulo;Resuelto;Seguridad;Ricardo Flores;Comercial Andina;Cusco;Externo;24;38.0;No;1;3.0
TCK-01713;2025-08-07;2025-08-08;Web;Baja;Hardware;Cambio de periférico;Resuelto;Soporte ERP;Camila Núñez;Grupo Pacífico;Cusco;Externo;48;36.0;Sí;1;5.0
TCK-01714;2025-04-16;2025-04-18;Correo;Media;Hardware;Equipo lento;Resuelto;Aplicaciones;Diego Vargas;Retail Norte;Huancayo;Interno;24;63.0;No;2;2.0
TCK-01715;2025-12-12;2025-12-12;Correo;Alta;CRM;Problema de sincronización;Cancelado;Soporte ERP;Camila Núñez;Inversiones Sur;Cusco;Externo;8;;No aplica;0;
TCK-01716;2025-05-25;2025-05-25;Web;Media;Redes;VPN;Resuelto;Aplicaciones;Lucía Herrera;Servicios Lima;Arequipa;Externo;24;13.0;Sí;0;5.0
TCK-01717;2025-11-10;2025-11-11;Correo;Media;Software;Actualización fallida;Resuelto;Infraestructura;Elena Chávez;Logística Central;Arequipa;Externo;24;40.0;No;1;1.0
TCK-01718;2025-10-22;;Chat;Baja;Correo;Configuración de Outlook;En progreso;Soporte ERP;Fernando Díaz;Grupo Pacífico;Huancayo;Interno;48;;No aplica;70;
TCK-01719;2025-10-31;2025-11-01;Correo;Media;Accesos;Cuenta bloqueada;Resuelto;Infraestructura;Elena Chávez;Logística Central;Lima;Interno;24;24.0;Sí;1;4.0
TCK-01720;2025-01-05;2025-01-07;Chat;Baja;Hardware;Cambio de periférico;Resuelto;Infraestructura;Carlos Medina;Distribuidora Horizonte;Lima;Externo;48;49.0;No;2;2.0
TCK-01721;2025-09-23;2025-09-23;Correo;Alta;Accesos;Permisos de usuario;Resuelto;Aplicaciones;Diego Vargas;Grupo Pacífico;Huancayo;Interno;8;9.0;No;0;1.0
TCK-01722;2025-01-22;2025-01-22;Correo;Media;Accesos;Restablecimiento de contraseña;Cerrado;Infraestructura;Elena Chávez;Servicios Lima;Cusco;Interno;24;7.0;Sí;0;4.0
TCK-01723;2025-07-02;;Correo;Baja;CRM;Problema de sincronización;En progreso;Aplicaciones;Diego Vargas;Inversiones Sur;Cusco;Externo;48;;No aplica;182;
TCK-01724;2025-04-08;2025-04-08;Correo;Media;Accesos;Restablecimiento de contraseña;Resuelto;Soporte ERP;Camila Núñez;Retail Norte;Cusco;Interno;24;12.0;Sí;0;5.0
TCK-01725;2025-12-28;;Web;Alta;Redes;VPN;En progreso;Seguridad;Ricardo Flores;Retail Norte;Lima;Interno;8;;No aplica;3;
TCK-01726;2025-10-05;;Web;Crítica;Software;Error de aplicación;En progreso;Seguridad;Ricardo Flores;Grupo Pacífico;Lima;Interno;4;;No aplica;87;
TCK-01727;2025-04-10;;Correo;Alta;Software;Actualización fallida;En progreso;Mesa de ayuda;Ana Torres;Logística Central;Huancayo;Externo;8;;No aplica;265;
TCK-01728;2025-10-24;2025-10-24;Web;Media;ERP;Consulta de proceso;Resuelto;Soporte ERP;Fernando Díaz;Comercial Andina;Cusco;Externo;24;22.0;Sí;0;5.0
TCK-01729;2025-07-15;;Teléfono;Baja;CRM;Consulta de cliente;En progreso;Mesa de ayuda;María Paredes;Distribuidora Horizonte;Trujillo;Externo;48;;No aplica;169;
TCK-01730;2025-02-02;;Web;Alta;Software;Instalación de programa;Abierto;Mesa de ayuda;Ana Torres;Servicios Lima;Cusco;Externo;8;;No aplica;332;
TCK-01731;2025-01-25;2025-01-29;Correo;Baja;Redes;VPN;Resuelto;Seguridad;Valeria Rojas;Grupo Pacífico;Trujillo;Externo;48;101.0;No;4;1.0
TCK-01732;2025-04-12;;Correo;Media;CRM;Error de registro;En progreso;Mesa de ayuda;Ana Torres;Comercial Andina;Huancayo;Externo;24;;No aplica;263;
TCK-01733;2025-07-25;;Web;Alta;Hardware;Equipo lento;En progreso;Mesa de ayuda;Ana Torres;Servicios Lima;Arequipa;Externo;8;;No aplica;159;
TCK-01734;2025-08-28;;Web;Media;Accesos;Permisos de usuario;En progreso;Aplicaciones;Patricia León;Distribuidora Horizonte;Trujillo;Interno;24;;No aplica;125;
TCK-01735;2025-09-02;2025-09-02;Web;Media;Software;Actualización fallida;Cerrado;Mesa de ayuda;Ana Torres;Logística Central;Arequipa;Interno;24;11.0;Sí;0;4.0
TCK-01736;2025-03-30;2025-03-30;Chat;Media;Redes;VPN;Resuelto;Infraestructura;Carlos Medina;Comercial Andina;Huancayo;Externo;24;20.0;Sí;0;4.0
TCK-01737;2025-03-07;2025-03-07;Web;Media;CRM;Consulta de cliente;Cerrado;Mesa de ayuda;Ana Torres;Distribuidora Horizonte;Huancayo;Interno;24;20.0;Sí;0;5.0
TCK-01738;2025-01-27;2025-01-27;Chat;Crítica;ERP;Consulta de proceso;Cerrado;Aplicaciones;Lucía Herrera;Distribuidora Horizonte;Lima;Externo;4;11.0;No;0;3.0
TCK-01739;2025-12-20;2025-12-23;Web;Baja;Correo;Configuración de Outlook;Resuelto;Infraestructura;Jorge Salazar;Comercial Andina;Trujillo;Externo;48;89.0;No;3;3.0
TCK-01740;2025-04-27;;Web;Baja;ERP;Consulta de proceso;En progreso;Infraestructura;Jorge Salazar;Retail Norte;Huancayo;Interno;48;;No aplica;248;
TCK-01741;2025-06-12;2025-06-13;Web;Baja;ERP;Consulta de proceso;Resuelto;Seguridad;Valeria Rojas;Logística Central;Arequipa;Interno;48;39.0;Sí;1;5.0
TCK-01742;2025-05-08;2025-05-08;Web;Media;Hardware;Equipo lento;Cerrado;Mesa de ayuda;Ana Torres;Retail Norte;Lima;Interno;24;19.0;Sí;0;5.0
TCK-01743;2025-09-20;2025-09-20;Correo;Media;Correo;Error de envío;Cancelado;Soporte ERP;Fernando Díaz;Retail Norte;Trujillo;Interno;24;;No aplica;0;
TCK-01744;2025-05-30;2025-06-02;Teléfono;Baja;Correo;No recibe correos;Cerrado;Aplicaciones;Patricia León;Logística Central;Arequipa;Interno;48;84.0;No;3;2.0
TCK-01745;2025-02-26;;Web;Alta;Accesos;Permisos de usuario;En progreso;Aplicaciones;Patricia León;Servicios Lima;Cusco;Externo;8;;No aplica;308;
TCK-01746;2025-04-04;2025-04-06;Correo;Media;Software;Error de aplicación;Resuelto;Seguridad;Ricardo Flores;Corporación Sierra;Arequipa;Externo;24;52.0;No;2;1.0
TCK-01747;2025-04-10;2025-04-10;Teléfono;Crítica;Software;Error de aplicación;Resuelto;Aplicaciones;Diego Vargas;Logística Central;Trujillo;Interno;4;5.0;No;0;3.0
TCK-01748;2025-09-23;2025-09-25;Web;Media;Hardware;Falla de impresora;Cerrado;Seguridad;Ricardo Flores;Grupo Pacífico;Lima;Externo;24;52.0;No;2;3.0
TCK-01749;2025-12-17;2025-12-19;Correo;Media;Software;Actualización fallida;Cerrado;Seguridad;Valeria Rojas;Logística Central;Cusco;Interno;24;54.0;No;2;2.0
TCK-01750;2025-11-21;2025-11-21;Teléfono;Alta;ERP;Consulta de proceso;Cerrado;Seguridad;Ricardo Flores;Logística Central;Huancayo;Externo;8;17.0;No;0;2.0
TCK-01751;2025-06-13;2025-06-13;Teléfono;Alta;Software;Error de aplicación;Resuelto;Seguridad;Ricardo Flores;Corporación Sierra;Arequipa;Interno;8;6.0;Sí;0;4.0
TCK-01752;2025-01-15;2025-01-16;Teléfono;Media;Software;Actualización fallida;Cerrado;Aplicaciones;Patricia León;Retail Norte;Arequipa;Externo;24;31.0;No;1;1.0
TCK-01753;2025-03-19;2025-03-21;Web;Media;Correo;Error de envío;Resuelto;Infraestructura;Jorge Salazar;Servicios Lima;Trujillo;Interno;24;56.0;No;2;1.0
TCK-01754;2025-11-15;2025-11-15;Teléfono;Media;Hardware;Falla de impresora;Cancelado;Seguridad;Ricardo Flores;Inversiones Sur;Arequipa;Interno;24;;No aplica;0;
TCK-01755;2025-12-09;;Web;Alta;Hardware;Equipo lento;En progreso;Soporte ERP;Fernando Díaz;Comercial Andina;Arequipa;Interno;8;;No aplica;22;
TCK-01756;2025-12-27;2025-12-27;Chat;Crítica;Software;Error de aplicación;Resuelto;Mesa de ayuda;Ana Torres;Retail Norte;Arequipa;Externo;4;9.0;No;0;3.0
TCK-01757;2025-02-27;2025-02-27;Teléfono;Media;Correo;Error de envío;Cerrado;Soporte ERP;Camila Núñez;Corporación Sierra;Arequipa;Interno;24;17.0;Sí;0;4.0
TCK-01758;2025-09-29;;Correo;Media;Redes;VPN;Abierto;Infraestructura;Elena Chávez;Comercial Andina;Lima;Externo;24;;No aplica;93;
TCK-01759;2025-04-01;2025-04-03;Web;Media;Accesos;Cuenta bloqueada;Cerrado;Soporte ERP;Camila Núñez;Servicios Lima;Arequipa;Externo;24;53.0;No;2;3.0
TCK-01760;2025-07-25;2025-07-26;Correo;Baja;CRM;Consulta de cliente;Cerrado;Mesa de ayuda;María Paredes;Corporación Sierra;Huancayo;Interno;48;45.0;Sí;1;4.0
TCK-01761;2025-02-27;2025-02-27;Web;Media;Software;Error de aplicación;Resuelto;Mesa de ayuda;Ana Torres;Grupo Pacífico;Lima;Externo;24;12.0;Sí;0;4.0
TCK-01762;2025-05-26;;Correo;Alta;Hardware;Falla de impresora;En progreso;Seguridad;Ricardo Flores;Retail Norte;Trujillo;Externo;8;;No aplica;219;
TCK-01763;2025-03-20;2025-03-20;Teléfono;Media;Correo;Error de envío;Resuelto;Soporte ERP;Fernando Díaz;Grupo Pacífico;Cusco;Interno;24;18.0;Sí;0;4.0
TCK-01764;2025-01-30;2025-02-01;Correo;Media;ERP;Problema de permisos;Resuelto;Infraestructura;Elena Chávez;Comercial Andina;Lima;Interno;24;48.0;No;2;1.0
TCK-01765;2025-03-24;2025-03-24;Web;Alta;CRM;Error de registro;Resuelto;Mesa de ayuda;Luis Ramos;Comercial Andina;Arequipa;Interno;8;10.0;No;0;1.0
TCK-01766;2025-09-29;;Chat;Media;Redes;Lentitud de red;Abierto;Infraestructura;Jorge Salazar;Grupo Pacífico;Cusco;Interno;24;;No aplica;93;
TCK-01767;2025-01-31;2025-02-02;Web;Media;CRM;Problema de sincronización;Resuelto;Seguridad;Ricardo Flores;Servicios Lima;Huancayo;Interno;24;68.0;No;2;3.0
TCK-01768;2025-07-17;;Teléfono;Baja;CRM;Problema de sincronización;En progreso;Seguridad;Ricardo Flores;Inversiones Sur;Lima;Externo;48;;No aplica;167;
TCK-01769;2025-04-01;2025-04-01;Web;Alta;Redes;Sin conexión;Resuelto;Mesa de ayuda;Ana Torres;Servicios Lima;Huancayo;Interno;8;8.0;Sí;0;4.0
TCK-01770;2025-11-08;2025-11-10;Correo;Media;ERP;Error en módulo;Cerrado;Aplicaciones;Patricia León;Distribuidora Horizonte;Cusco;Interno;24;71.0;No;2;2.0
TCK-01771;2025-06-16;2025-06-18;Teléfono;Baja;Hardware;Falla de impresora;Cerrado;Seguridad;Valeria Rojas;Corporación Sierra;Lima;Interno;48;62.0;No;2;3.0
TCK-01772;2025-07-09;2025-07-09;Teléfono;Alta;Correo;Configuración de Outlook;Resuelto;Mesa de ayuda;María Paredes;Logística Central;Huancayo;Interno;8;21.0;No;0;1.0
TCK-01773;2025-08-28;;Web;Baja;Correo;Configuración de Outlook;Abierto;Mesa de ayuda;Luis Ramos;Corporación Sierra;Cusco;Interno;48;;No aplica;125;
TCK-01774;2025-10-05;2025-10-07;Teléfono;Media;ERP;Problema de permisos;Resuelto;Mesa de ayuda;María Paredes;Grupo Pacífico;Trujillo;Externo;24;51.0;No;2;3.0
TCK-01775;2025-07-24;2025-07-25;Web;Baja;Redes;Lentitud de red;Resuelto;Mesa de ayuda;Ana Torres;Inversiones Sur;Trujillo;Interno;48;47.0;Sí;1;4.0
TCK-01776;2025-06-25;2025-06-27;Correo;Media;ERP;Problema de permisos;Resuelto;Mesa de ayuda;Luis Ramos;Logística Central;Huancayo;Interno;24;60.0;No;2;2.0
TCK-01777;2025-11-18;2025-11-21;Web;Baja;Correo;Error de envío;Resuelto;Mesa de ayuda;Luis Ramos;Corporación Sierra;Trujillo;Interno;48;79.0;No;3;1.0
TCK-01778;2025-10-11;2025-10-11;Teléfono;Media;Accesos;Permisos de usuario;Resuelto;Soporte ERP;Camila Núñez;Logística Central;Trujillo;Externo;24;13.0;Sí;0;4.0
TCK-01779;2025-11-08;;Teléfono;Baja;Accesos;Restablecimiento de contraseña;Abierto;Aplicaciones;Diego Vargas;Inversiones Sur;Huancayo;Externo;48;;No aplica;53;
TCK-01780;2025-10-25;2025-10-25;Web;Media;Redes;Lentitud de red;Cancelado;Soporte ERP;Fernando Díaz;Logística Central;Arequipa;Externo;24;;No aplica;0;
TCK-01781;2025-11-06;2025-11-06;Correo;Media;Hardware;Falla de impresora;Cerrado;Infraestructura;Carlos Medina;Comercial Andina;Huancayo;Externo;24;21.0;Sí;0;5.0
TCK-01782;2025-01-21;2025-01-21;Web;Alta;Hardware;Equipo lento;Resuelto;Soporte ERP;Fernando Díaz;Logística Central;Cusco;Externo;8;13.0;No;0;3.0
TCK-01783;2025-02-23;2025-02-23;Teléfono;Crítica;Correo;Configuración de Outlook;Cerrado;Infraestructura;Elena Chávez;Comercial Andina;Arequipa;Externo;4;5.0;No;0;3.0
TCK-01784;2025-10-04;2025-10-04;Web;Media;Redes;Lentitud de red;Cerrado;Mesa de ayuda;María Paredes;Inversiones Sur;Trujillo;Interno;24;5.0;Sí;0;4.0
TCK-01785;2025-08-17;;Teléfono;Baja;Software;Error de aplicación;Abierto;Aplicaciones;Lucía Herrera;Corporación Sierra;Trujillo;Interno;48;;No aplica;136;
TCK-01786;2025-10-31;2025-11-04;Chat;Baja;Software;Error de aplicación;Resuelto;Aplicaciones;Diego Vargas;Logística Central;Lima;Externo;48;106.0;No;4;3.0
TCK-01787;2025-04-09;2025-04-12;Teléfono;Baja;Redes;VPN;Resuelto;Seguridad;Ricardo Flores;Distribuidora Horizonte;Lima;Interno;48;75.0;No;3;2.0
TCK-01788;2025-03-24;;Web;Media;Hardware;Cambio de periférico;Abierto;Infraestructura;Jorge Salazar;Inversiones Sur;Lima;Interno;24;;No aplica;282;
TCK-01789;2025-04-29;2025-04-29;Correo;Alta;Redes;Sin conexión;Cerrado;Soporte ERP;Fernando Díaz;Corporación Sierra;Trujillo;Externo;8;23.0;No;0;2.0
TCK-01790;2025-08-05;2025-08-05;Web;Baja;Redes;Sin conexión;Cerrado;Aplicaciones;Patricia León;Corporación Sierra;Huancayo;Interno;48;22.0;Sí;0;5.0
TCK-01791;2025-06-26;2025-06-27;Web;Media;Redes;VPN;Resuelto;Infraestructura;Carlos Medina;Grupo Pacífico;Lima;Interno;24;46.0;No;1;1.0
TCK-01792;2025-04-21;2025-04-22;Chat;Media;CRM;Error de registro;Resuelto;Aplicaciones;Diego Vargas;Logística Central;Trujillo;Externo;24;42.0;No;1;3.0
TCK-01793;2025-05-28;2025-05-29;Teléfono;Media;Correo;Error de envío;Resuelto;Aplicaciones;Patricia León;Retail Norte;Huancayo;Interno;24;44.0;No;1;1.0
TCK-01794;2025-09-08;2025-09-08;Teléfono;Baja;ERP;Consulta de proceso;Resuelto;Infraestructura;Carlos Medina;Grupo Pacífico;Cusco;Interno;48;8.0;Sí;0;4.0
TCK-01795;2025-07-21;;Correo;Alta;CRM;Error de registro;Abierto;Seguridad;Ricardo Flores;Grupo Pacífico;Trujillo;Externo;8;;No aplica;163;
TCK-01796;2025-03-22;2025-03-22;Web;Alta;ERP;Error en módulo;Resuelto;Soporte ERP;Camila Núñez;Inversiones Sur;Arequipa;Externo;8;7.0;Sí;0;4.0
TCK-01797;2025-10-27;2025-10-27;Teléfono;Alta;Software;Actualización fallida;Cerrado;Aplicaciones;Patricia León;Corporación Sierra;Lima;Externo;8;17.0;No;0;2.0
TCK-01798;2025-11-11;2025-11-11;Correo;Crítica;Hardware;Cambio de periférico;Resuelto;Mesa de ayuda;Luis Ramos;Logística Central;Cusco;Interno;4;5.0;No;0;2.0
TCK-01799;2025-08-21;2025-08-21;Correo;Media;ERP;Error en módulo;Cerrado;Aplicaciones;Patricia León;Logística Central;Trujillo;Externo;24;18.0;Sí;0;5.0
TCK-01800;2025-03-02;2025-03-02;Web;Media;Correo;Error de envío;Cerrado;Infraestructura;Jorge Salazar;Logística Central;Cusco;Interno;24;8.0;Sí;0;5.0
TCK-01801;2025-04-29;;Web;Media;Hardware;Cambio de periférico;En progreso;Infraestructura;Jorge Salazar;Retail Norte;Lima;Interno;24;;No aplica;246;
TCK-01802;2025-05-03;2025-05-03;Teléfono;Media;Software;Instalación de programa;Resuelto;Mesa de ayuda;María Paredes;Distribuidora Horizonte;Cusco;Interno;24;12.0;Sí;0;5.0
TCK-01803;2025-03-31;;Web;Media;CRM;Consulta de cliente;Abierto;Seguridad;Ricardo Flores;Inversiones Sur;Lima;Externo;24;;No aplica;275;
TCK-01804;2025-04-03;2025-04-03;Correo;Media;CRM;Consulta de cliente;Resuelto;Infraestructura;Jorge Salazar;Servicios Lima;Trujillo;Interno;24;16.0;Sí;0;4.0
TCK-01805;2025-07-02;2025-07-03;Web;Media;CRM;Problema de sincronización;Resuelto;Seguridad;Ricardo Flores;Distribuidora Horizonte;Trujillo;Externo;24;24.0;Sí;1;5.0
TCK-01806;2025-10-29;;Chat;Baja;CRM;Problema de sincronización;En progreso;Infraestructura;Elena Chávez;Logística Central;Trujillo;Externo;48;;No aplica;63;
TCK-01807;2025-05-15;2025-05-18;Chat;Media;Correo;Configuración de Outlook;Resuelto;Mesa de ayuda;María Paredes;Comercial Andina;Lima;Interno;24;72.0;No;3;3.0
TCK-01808;2025-10-11;;Correo;Alta;Software;Actualización fallida;Abierto;Aplicaciones;Patricia León;Retail Norte;Lima;Externo;8;;No aplica;81;
TCK-01809;2025-12-06;;Web;Baja;Redes;VPN;En progreso;Aplicaciones;Lucía Herrera;Logística Central;Cusco;Externo;48;;No aplica;25;
TCK-01810;2025-10-26;2025-10-26;Web;Alta;Redes;VPN;Cerrado;Aplicaciones;Lucía Herrera;Inversiones Sur;Cusco;Interno;8;18.0;No;0;3.0
TCK-01811;2025-02-26;;Teléfono;Crítica;Accesos;Cuenta bloqueada;En progreso;Soporte ERP;Camila Núñez;Retail Norte;Huancayo;Externo;4;;No aplica;308;
TCK-01812;2025-09-28;2025-09-29;Web;Media;Accesos;Restablecimiento de contraseña;Cerrado;Seguridad;Ricardo Flores;Inversiones Sur;Cusco;Externo;24;37.0;No;1;2.0
TCK-01813;2025-02-20;;Teléfono;Baja;Accesos;Restablecimiento de contraseña;En progreso;Soporte ERP;Camila Núñez;Retail Norte;Lima;Interno;48;;No aplica;314;
TCK-01814;2025-04-22;2025-04-22;Web;Alta;CRM;Problema de sincronización;Resuelto;Soporte ERP;Fernando Díaz;Retail Norte;Cusco;Interno;8;21.0;No;0;2.0
TCK-01815;2025-10-03;2025-10-06;Correo;Baja;Hardware;Equipo lento;Resuelto;Soporte ERP;Fernando Díaz;Retail Norte;Trujillo;Externo;48;81.0;No;3;1.0
TCK-01816;2025-07-09;2025-07-11;Correo;Media;Accesos;Cuenta bloqueada;Resuelto;Infraestructura;Carlos Medina;Inversiones Sur;Lima;Externo;24;68.0;No;2;3.0
TCK-01817;2025-01-11;2025-01-11;Teléfono;Media;CRM;Consulta de cliente;Cerrado;Aplicaciones;Patricia León;Grupo Pacífico;Trujillo;Interno;24;19.0;Sí;0;4.0
TCK-01818;2025-10-22;;Correo;Media;CRM;Consulta de cliente;Abierto;Infraestructura;Elena Chávez;Distribuidora Horizonte;Arequipa;Interno;24;;No aplica;70;
TCK-01819;2025-11-27;;Chat;Media;Accesos;Restablecimiento de contraseña;En progreso;Soporte ERP;Fernando Díaz;Inversiones Sur;Cusco;Interno;24;;No aplica;34;
TCK-01820;2025-09-15;2025-09-15;Teléfono;Crítica;Software;Instalación de programa;Resuelto;Infraestructura;Elena Chávez;Distribuidora Horizonte;Huancayo;Externo;4;2.0;Sí;0;5.0
TCK-01821;2025-12-23;;Teléfono;Media;CRM;Problema de sincronización;En progreso;Infraestructura;Jorge Salazar;Retail Norte;Huancayo;Externo;24;;No aplica;8;
TCK-01822;2025-09-18;;Teléfono;Media;Redes;Sin conexión;En progreso;Soporte ERP;Fernando Díaz;Comercial Andina;Arequipa;Externo;24;;No aplica;104;
TCK-01823;2025-08-09;2025-08-10;Correo;Media;ERP;Error en módulo;Resuelto;Mesa de ayuda;María Paredes;Inversiones Sur;Trujillo;Externo;24;34.0;No;1;3.0
TCK-01824;2025-09-07;2025-09-07;Web;Media;Hardware;Equipo lento;Cerrado;Seguridad;Valeria Rojas;Servicios Lima;Trujillo;Interno;24;21.0;Sí;0;4.0
TCK-01825;2025-08-30;2025-08-31;Web;Media;Correo;Configuración de Outlook;Cerrado;Seguridad;Valeria Rojas;Corporación Sierra;Lima;Externo;24;35.0;No;1;2.0
TCK-01826;2025-04-01;;Web;Media;Hardware;Cambio de periférico;En progreso;Seguridad;Ricardo Flores;Comercial Andina;Lima;Externo;24;;No aplica;274;
TCK-01827;2025-06-15;2025-06-15;Web;Alta;CRM;Consulta de cliente;Resuelto;Aplicaciones;Diego Vargas;Logística Central;Lima;Externo;8;5.0;Sí;0;4.0
TCK-01828;2025-04-07;;Teléfono;Media;Software;Error de aplicación;En progreso;Aplicaciones;Patricia León;Distribuidora Horizonte;Trujillo;Interno;24;;No aplica;268;
TCK-01829;2025-08-05;2025-08-08;Correo;Baja;Redes;Lentitud de red;Cerrado;Aplicaciones;Lucía Herrera;Logística Central;Trujillo;Interno;48;75.0;No;3;3.0
TCK-01830;2025-04-28;2025-04-29;Web;Baja;Correo;Error de envío;Cerrado;Soporte ERP;Fernando Díaz;Corporación Sierra;Trujillo;Externo;48;41.0;Sí;1;4.0
TCK-01831;2025-10-19;2025-10-19;Correo;Media;Redes;Lentitud de red;Cerrado;Soporte ERP;Camila Núñez;Logística Central;Arequipa;Externo;24;18.0;Sí;0;4.0
TCK-01832;2025-06-18;;Web;Baja;Accesos;Restablecimiento de contraseña;En progreso;Seguridad;Valeria Rojas;Servicios Lima;Lima;Externo;48;;No aplica;196;
TCK-01833;2025-10-11;2025-10-12;Chat;Baja;CRM;Problema de sincronización;Cerrado;Aplicaciones;Lucía Herrera;Comercial Andina;Huancayo;Externo;48;34.0;Sí;1;4.0
TCK-01834;2025-09-17;2025-09-18;Web;Media;ERP;Consulta de proceso;Resuelto;Soporte ERP;Fernando Díaz;Servicios Lima;Huancayo;Externo;24;40.0;No;1;2.0
TCK-01835;2025-08-19;;Correo;Alta;Hardware;Cambio de periférico;En progreso;Mesa de ayuda;María Paredes;Retail Norte;Arequipa;Interno;8;;No aplica;134;
TCK-01836;2025-09-20;2025-09-20;Teléfono;Baja;Software;Actualización fallida;Cancelado;Infraestructura;Jorge Salazar;Grupo Pacífico;Arequipa;Externo;48;;No aplica;0;
TCK-01837;2025-01-21;2025-01-21;Chat;Crítica;CRM;Error de registro;Cerrado;Mesa de ayuda;María Paredes;Comercial Andina;Arequipa;Externo;4;8.0;No;0;1.0
TCK-01838;2025-01-04;;Correo;Alta;ERP;Problema de permisos;Abierto;Seguridad;Valeria Rojas;Retail Norte;Cusco;Interno;8;;No aplica;361;
TCK-01839;2025-03-23;;Correo;Baja;Correo;Configuración de Outlook;En progreso;Mesa de ayuda;Ana Torres;Distribuidora Horizonte;Cusco;Externo;48;;No aplica;283;
TCK-01840;2025-02-20;;Chat;Baja;Redes;Lentitud de red;En progreso;Seguridad;Ricardo Flores;Distribuidora Horizonte;Huancayo;Externo;48;;No aplica;314;
TCK-01841;2025-05-11;;Chat;Media;Software;Instalación de programa;En progreso;Mesa de ayuda;Luis Ramos;Logística Central;Huancayo;Interno;24;;No aplica;234;
TCK-01842;2025-05-29;2025-05-29;Correo;Baja;ERP;Error en módulo;Resuelto;Infraestructura;Jorge Salazar;Retail Norte;Lima;Interno;48;12.0;Sí;0;4.0
TCK-01843;2025-06-06;2025-06-08;Web;Media;Software;Error de aplicación;Resuelto;Seguridad;Ricardo Flores;Grupo Pacífico;Cusco;Externo;24;61.0;No;2;3.0
TCK-01844;2025-12-01;;Correo;Baja;Hardware;Equipo lento;En progreso;Soporte ERP;Camila Núñez;Servicios Lima;Trujillo;Externo;48;;No aplica;30;
TCK-01845;2025-03-11;2025-03-12;Correo;Media;Correo;Configuración de Outlook;Resuelto;Mesa de ayuda;Ana Torres;Inversiones Sur;Trujillo;Externo;24;44.0;No;1;1.0
TCK-01846;2025-01-31;2025-01-31;Correo;Alta;CRM;Consulta de cliente;Resuelto;Mesa de ayuda;Ana Torres;Distribuidora Horizonte;Huancayo;Externo;8;4.0;Sí;0;4.0
TCK-01847;2025-01-18;;Teléfono;Alta;Software;Actualización fallida;Abierto;Seguridad;Ricardo Flores;Distribuidora Horizonte;Lima;Externo;8;;No aplica;347;
TCK-01848;2025-09-11;2025-09-11;Correo;Alta;Redes;VPN;Cerrado;Aplicaciones;Lucía Herrera;Corporación Sierra;Lima;Externo;8;5.0;Sí;0;4.0
TCK-01849;2025-10-08;2025-10-09;Teléfono;Baja;Hardware;Falla de impresora;Resuelto;Aplicaciones;Diego Vargas;Servicios Lima;Trujillo;Interno;48;26.0;Sí;1;4.0
TCK-01850;2025-06-04;2025-06-06;Correo;Baja;Software;Instalación de programa;Cerrado;Infraestructura;Carlos Medina;Corporación Sierra;Lima;Interno;48;51.0;No;2;1.0
TCK-01851;2025-04-20;;Chat;Alta;ERP;Problema de permisos;Abierto;Mesa de ayuda;María Paredes;Logística Central;Arequipa;Externo;8;;No aplica;255;
TCK-01852;2025-08-31;;Chat;Media;ERP;Error en módulo;Abierto;Seguridad;Valeria Rojas;Inversiones Sur;Lima;Interno;24;;No aplica;122;
TCK-01853;2025-03-08;2025-03-08;Web;Crítica;CRM;Problema de sincronización;Resuelto;Soporte ERP;Fernando Díaz;Grupo Pacífico;Arequipa;Externo;4;12.0;No;0;2.0
TCK-01854;2025-10-27;;Web;Alta;Hardware;Equipo lento;Abierto;Soporte ERP;Fernando Díaz;Inversiones Sur;Cusco;Interno;8;;No aplica;65;
TCK-01855;2025-03-29;2025-03-31;Teléfono;Media;CRM;Consulta de cliente;Resuelto;Aplicaciones;Lucía Herrera;Corporación Sierra;Arequipa;Externo;24;58.0;No;2;3.0
TCK-01856;2025-12-12;2025-12-12;Web;Alta;Hardware;Equipo lento;Resuelto;Soporte ERP;Camila Núñez;Logística Central;Trujillo;Externo;8;2.0;Sí;0;4.0
TCK-01857;2025-08-13;;Teléfono;Media;Correo;No recibe correos;Abierto;Soporte ERP;Fernando Díaz;Distribuidora Horizonte;Arequipa;Interno;24;;No aplica;140;
TCK-01858;2025-02-13;2025-02-13;Web;Crítica;ERP;Problema de permisos;Resuelto;Soporte ERP;Fernando Díaz;Corporación Sierra;Cusco;Interno;4;4.0;Sí;0;5.0
TCK-01859;2025-04-28;2025-04-28;Correo;Alta;Accesos;Restablecimiento de contraseña;Resuelto;Soporte ERP;Fernando Díaz;Retail Norte;Huancayo;Externo;8;12.0;No;0;2.0
TCK-01860;2025-08-10;;Correo;Media;Hardware;Equipo lento;Abierto;Infraestructura;Elena Chávez;Distribuidora Horizonte;Huancayo;Interno;24;;No aplica;143;
TCK-01861;2025-07-03;;Chat;Crítica;Software;Error de aplicación;En progreso;Mesa de ayuda;Ana Torres;Comercial Andina;Cusco;Externo;4;;No aplica;181;
TCK-01862;2025-05-08;2025-05-08;Teléfono;Media;Accesos;Restablecimiento de contraseña;Cancelado;Soporte ERP;Fernando Díaz;Comercial Andina;Lima;Interno;24;;No aplica;0;
TCK-01863;2025-05-10;;Correo;Baja;CRM;Error de registro;Abierto;Seguridad;Ricardo Flores;Servicios Lima;Huancayo;Externo;48;;No aplica;235;
TCK-01864;2025-04-14;2025-04-15;Chat;Media;Correo;Configuración de Outlook;Resuelto;Seguridad;Ricardo Flores;Corporación Sierra;Lima;Externo;24;42.0;No;1;3.0
TCK-01865;2025-02-12;2025-02-15;Chat;Baja;Accesos;Permisos de usuario;Resuelto;Seguridad;Ricardo Flores;Comercial Andina;Lima;Interno;48;84.0;No;3;3.0
TCK-01866;2025-09-21;2025-09-21;Correo;Alta;Hardware;Cambio de periférico;Resuelto;Infraestructura;Jorge Salazar;Retail Norte;Lima;Interno;8;12.0;No;0;1.0
TCK-01867;2025-12-06;2025-12-07;Web;Media;Redes;Lentitud de red;Resuelto;Infraestructura;Elena Chávez;Logística Central;Huancayo;Interno;24;28.0;No;1;3.0
TCK-01868;2025-05-14;;Teléfono;Media;Software;Instalación de programa;Abierto;Infraestructura;Jorge Salazar;Corporación Sierra;Trujillo;Interno;24;;No aplica;231;
TCK-01869;2025-08-17;2025-08-18;Correo;Baja;Redes;VPN;Resuelto;Soporte ERP;Camila Núñez;Corporación Sierra;Trujillo;Externo;48;26.0;Sí;1;4.0
TCK-01870;2025-02-18;2025-02-18;Correo;Alta;ERP;Error en módulo;Cerrado;Infraestructura;Elena Chávez;Retail Norte;Cusco;Interno;8;6.0;Sí;0;4.0
TCK-01871;2025-09-20;2025-09-23;Web;Baja;Hardware;Equipo lento;Resuelto;Seguridad;Ricardo Flores;Comercial Andina;Cusco;Externo;48;72.0;No;3;1.0
TCK-01872;2025-09-12;;Correo;Media;Software;Instalación de programa;En progreso;Infraestructura;Jorge Salazar;Logística Central;Huancayo;Interno;24;;No aplica;110;
TCK-01873;2025-06-26;2025-06-26;Chat;Crítica;Software;Actualización fallida;Resuelto;Mesa de ayuda;María Paredes;Grupo Pacífico;Cusco;Externo;4;2.0;Sí;0;4.0
TCK-01874;2025-12-18;;Web;Crítica;ERP;Consulta de proceso;En progreso;Aplicaciones;Lucía Herrera;Comercial Andina;Arequipa;Externo;4;;No aplica;13;
TCK-01875;2025-02-28;2025-02-28;Chat;Crítica;Software;Error de aplicación;Resuelto;Aplicaciones;Diego Vargas;Corporación Sierra;Lima;Interno;4;2.0;Sí;0;4.0
TCK-01876;2025-10-15;;Correo;Alta;Hardware;Cambio de periférico;Abierto;Infraestructura;Carlos Medina;Grupo Pacífico;Cusco;Externo;8;;No aplica;77;
TCK-01877;2025-02-05;2025-02-05;Web;Alta;Redes;Lentitud de red;Resuelto;Aplicaciones;Patricia León;Distribuidora Horizonte;Trujillo;Externo;8;12.0;No;0;1.0
TCK-01878;2025-05-13;2025-05-13;Correo;Media;Redes;Lentitud de red;Cancelado;Infraestructura;Carlos Medina;Distribuidora Horizonte;Trujillo;Interno;24;;No aplica;0;
TCK-01879;2025-06-03;;Web;Baja;Hardware;Falla de impresora;Abierto;Infraestructura;Carlos Medina;Inversiones Sur;Trujillo;Interno;48;;No aplica;211;
TCK-01880;2025-06-08;;Web;Alta;Correo;Error de envío;En progreso;Mesa de ayuda;Luis Ramos;Corporación Sierra;Cusco;Interno;8;;No aplica;206;
TCK-01881;2025-03-25;2025-03-29;Chat;Baja;Software;Instalación de programa;Cerrado;Infraestructura;Jorge Salazar;Distribuidora Horizonte;Lima;Externo;48;116.0;No;4;2.0
TCK-01882;2025-12-27;2025-12-29;Teléfono;Baja;CRM;Problema de sincronización;Cerrado;Infraestructura;Carlos Medina;Logística Central;Lima;Externo;48;60.0;No;2;3.0
TCK-01883;2025-08-15;2025-08-18;Web;Baja;Redes;VPN;Cerrado;Seguridad;Ricardo Flores;Grupo Pacífico;Cusco;Interno;48;89.0;No;3;1.0
TCK-01884;2025-07-05;2025-07-05;Correo;Media;CRM;Consulta de cliente;Cerrado;Aplicaciones;Lucía Herrera;Distribuidora Horizonte;Arequipa;Interno;24;20.0;Sí;0;4.0
TCK-01885;2025-06-10;2025-06-10;Chat;Baja;Redes;Lentitud de red;Resuelto;Seguridad;Valeria Rojas;Grupo Pacífico;Lima;Interno;48;19.0;Sí;0;5.0
TCK-01886;2025-11-23;2025-11-23;Web;Alta;Redes;Sin conexión;Cerrado;Aplicaciones;Diego Vargas;Grupo Pacífico;Lima;Externo;8;23.0;No;0;3.0
TCK-01887;2025-05-22;;Teléfono;Media;Hardware;Equipo lento;Abierto;Soporte ERP;Camila Núñez;Servicios Lima;Cusco;Interno;24;;No aplica;223;
TCK-01888;2025-09-29;2025-09-29;Correo;Alta;Accesos;Restablecimiento de contraseña;Cerrado;Aplicaciones;Patricia León;Inversiones Sur;Cusco;Externo;8;18.0;No;0;3.0
TCK-01889;2025-04-02;2025-04-02;Teléfono;Media;CRM;Problema de sincronización;Resuelto;Soporte ERP;Fernando Díaz;Corporación Sierra;Trujillo;Externo;24;6.0;Sí;0;5.0
TCK-01890;2025-02-20;;Teléfono;Baja;Software;Instalación de programa;En progreso;Aplicaciones;Patricia León;Logística Central;Lima;Interno;48;;No aplica;314;
TCK-01891;2025-05-07;2025-05-07;Chat;Alta;Redes;Lentitud de red;Resuelto;Soporte ERP;Camila Núñez;Comercial Andina;Huancayo;Externo;8;6.0;Sí;0;4.0
TCK-01892;2025-11-25;2025-11-25;Chat;Media;Software;Error de aplicación;Cancelado;Mesa de ayuda;María Paredes;Servicios Lima;Lima;Externo;24;;No aplica;0;
TCK-01893;2025-10-31;;Web;Baja;Hardware;Falla de impresora;Abierto;Mesa de ayuda;Ana Torres;Servicios Lima;Arequipa;Externo;48;;No aplica;61;
TCK-01894;2025-03-01;2025-03-02;Correo;Baja;Hardware;Cambio de periférico;Resuelto;Seguridad;Valeria Rojas;Comercial Andina;Lima;Externo;48;27.0;Sí;1;5.0
TCK-01895;2025-12-17;2025-12-17;Teléfono;Baja;ERP;Problema de permisos;Cancelado;Aplicaciones;Patricia León;Logística Central;Trujillo;Externo;48;;No aplica;0;
TCK-01896;2025-01-05;2025-01-05;Web;Crítica;Redes;Sin conexión;Cancelado;Aplicaciones;Lucía Herrera;Grupo Pacífico;Lima;Interno;4;;No aplica;0;
TCK-01897;2025-03-27;2025-03-28;Web;Media;Correo;Configuración de Outlook;Cerrado;Mesa de ayuda;Luis Ramos;Grupo Pacífico;Trujillo;Interno;24;33.0;No;1;2.0
TCK-01898;2025-02-27;;Chat;Alta;ERP;Problema de permisos;Abierto;Mesa de ayuda;María Paredes;Distribuidora Horizonte;Huancayo;Interno;8;;No aplica;307;
TCK-01899;2025-04-14;2025-04-16;Teléfono;Baja;Accesos;Permisos de usuario;Resuelto;Seguridad;Valeria Rojas;Retail Norte;Cusco;Interno;48;70.0;No;2;2.0
TCK-01900;2025-04-27;2025-05-01;Correo;Baja;Hardware;Equipo lento;Resuelto;Infraestructura;Jorge Salazar;Comercial Andina;Cusco;Externo;48;108.0;No;4;2.0
TCK-01901;2025-08-27;;Chat;Media;ERP;Consulta de proceso;Abierto;Aplicaciones;Patricia León;Grupo Pacífico;Huancayo;Externo;24;;No aplica;126;
TCK-01902;2025-04-06;2025-04-08;Correo;Baja;Hardware;Falla de impresora;Resuelto;Soporte ERP;Camila Núñez;Inversiones Sur;Trujillo;Externo;48;58.0;No;2;3.0
TCK-01903;2025-08-30;2025-09-03;Correo;Baja;Redes;Sin conexión;Resuelto;Seguridad;Ricardo Flores;Servicios Lima;Cusco;Externo;48;97.0;No;4;3.0
TCK-01904;2025-03-14;;Correo;Crítica;Accesos;Permisos de usuario;Abierto;Infraestructura;Jorge Salazar;Retail Norte;Lima;Externo;4;;No aplica;292;
TCK-01905;2025-01-05;2025-01-05;Correo;Media;CRM;Consulta de cliente;Cancelado;Soporte ERP;Camila Núñez;Grupo Pacífico;Arequipa;Interno;24;;No aplica;0;
TCK-01906;2025-12-22;;Correo;Media;Software;Instalación de programa;En progreso;Soporte ERP;Camila Núñez;Retail Norte;Huancayo;Interno;24;;No aplica;9;
TCK-01907;2025-01-06;2025-01-06;Correo;Alta;CRM;Error de registro;Resuelto;Mesa de ayuda;Luis Ramos;Servicios Lima;Lima;Interno;8;5.0;Sí;0;5.0
TCK-01908;2025-02-06;2025-02-07;Web;Media;ERP;Problema de permisos;Cerrado;Seguridad;Valeria Rojas;Corporación Sierra;Huancayo;Interno;24;46.0;No;1;1.0
TCK-01909;2025-06-08;2025-06-08;Web;Alta;CRM;Error de registro;Resuelto;Aplicaciones;Diego Vargas;Corporación Sierra;Arequipa;Interno;8;17.0;No;0;3.0
TCK-01910;2025-10-27;;Teléfono;Baja;Accesos;Restablecimiento de contraseña;En progreso;Soporte ERP;Camila Núñez;Inversiones Sur;Lima;Interno;48;;No aplica;65;
TCK-01911;2025-10-07;2025-10-10;Teléfono;Baja;Redes;Sin conexión;Cerrado;Infraestructura;Carlos Medina;Inversiones Sur;Cusco;Externo;48;72.0;No;3;1.0
TCK-01912;2025-06-24;2025-06-24;Web;Alta;ERP;Error en módulo;Cerrado;Soporte ERP;Camila Núñez;Grupo Pacífico;Huancayo;Externo;8;2.0;Sí;0;4.0
TCK-01913;2025-06-01;2025-06-03;Teléfono;Media;Redes;VPN;Cerrado;Seguridad;Valeria Rojas;Distribuidora Horizonte;Huancayo;Interno;24;49.0;No;2;1.0
TCK-01914;2025-08-15;;Correo;Media;Correo;Error de envío;Abierto;Mesa de ayuda;Luis Ramos;Corporación Sierra;Arequipa;Externo;24;;No aplica;138;
TCK-01915;2025-09-30;2025-10-01;Chat;Baja;ERP;Error en módulo;Resuelto;Infraestructura;Carlos Medina;Distribuidora Horizonte;Arequipa;Externo;48;37.0;Sí;1;4.0
TCK-01916;2025-04-06;;Chat;Alta;Redes;Lentitud de red;Abierto;Aplicaciones;Lucía Herrera;Distribuidora Horizonte;Huancayo;Externo;8;;No aplica;269;
TCK-01917;2025-01-26;;Correo;Alta;CRM;Problema de sincronización;En progreso;Soporte ERP;Camila Núñez;Grupo Pacífico;Trujillo;Interno;8;;No aplica;339;
TCK-01918;2025-10-12;;Web;Media;Accesos;Permisos de usuario;Abierto;Aplicaciones;Patricia León;Comercial Andina;Trujillo;Externo;24;;No aplica;80;
TCK-01919;2025-12-16;;Correo;Media;CRM;Consulta de cliente;Abierto;Infraestructura;Jorge Salazar;Servicios Lima;Cusco;Externo;24;;No aplica;15;
TCK-01920;2025-09-01;2025-09-01;Web;Alta;Software;Actualización fallida;Resuelto;Seguridad;Valeria Rojas;Comercial Andina;Trujillo;Interno;8;10.0;No;0;3.0
TCK-01921;2025-09-25;;Chat;Media;Hardware;Cambio de periférico;En progreso;Aplicaciones;Diego Vargas;Servicios Lima;Arequipa;Interno;24;;No aplica;97;
TCK-01922;2025-06-27;2025-06-29;Teléfono;Media;Correo;No recibe correos;Cerrado;Seguridad;Ricardo Flores;Corporación Sierra;Lima;Externo;24;61.0;No;2;2.0
TCK-01923;2025-05-12;2025-05-14;Teléfono;Media;ERP;Consulta de proceso;Resuelto;Seguridad;Valeria Rojas;Comercial Andina;Trujillo;Externo;24;67.0;No;2;3.0
TCK-01924;2025-06-23;2025-06-23;Correo;Alta;Correo;Configuración de Outlook;Cerrado;Mesa de ayuda;Ana Torres;Logística Central;Huancayo;Interno;8;17.0;No;0;1.0
TCK-01925;2025-07-26;2025-07-26;Teléfono;Alta;Software;Error de aplicación;Cerrado;Infraestructura;Carlos Medina;Grupo Pacífico;Trujillo;Interno;8;5.0;Sí;0;4.0
TCK-01926;2025-08-26;2025-08-27;Teléfono;Media;Correo;No recibe correos;Resuelto;Seguridad;Ricardo Flores;Corporación Sierra;Huancayo;Interno;24;41.0;No;1;1.0
TCK-01927;2025-11-12;2025-11-12;Chat;Media;CRM;Consulta de cliente;Resuelto;Seguridad;Ricardo Flores;Comercial Andina;Arequipa;Interno;24;17.0;Sí;0;5.0
TCK-01928;2025-10-24;2025-10-24;Correo;Media;Software;Error de aplicación;Cerrado;Infraestructura;Elena Chávez;Corporación Sierra;Cusco;Interno;24;16.0;Sí;0;5.0
TCK-01929;2025-04-05;2025-04-05;Teléfono;Alta;Hardware;Falla de impresora;Cerrado;Soporte ERP;Fernando Díaz;Retail Norte;Trujillo;Externo;8;2.0;Sí;0;4.0
TCK-01930;2025-02-11;2025-02-11;Web;Alta;Hardware;Falla de impresora;Cerrado;Mesa de ayuda;Ana Torres;Logística Central;Cusco;Interno;8;8.0;Sí;0;4.0
TCK-01931;2025-07-31;2025-07-31;Teléfono;Alta;Accesos;Cuenta bloqueada;Cerrado;Infraestructura;Carlos Medina;Distribuidora Horizonte;Huancayo;Externo;8;16.0;No;0;2.0
TCK-01932;2025-05-04;;Chat;Crítica;Correo;No recibe correos;En progreso;Seguridad;Valeria Rojas;Logística Central;Lima;Interno;4;;No aplica;241;
TCK-01933;2025-06-29;2025-06-29;Web;Media;Redes;Sin conexión;Cancelado;Soporte ERP;Fernando Díaz;Servicios Lima;Huancayo;Externo;24;;No aplica;0;
TCK-01934;2025-03-22;2025-03-22;Chat;Media;Hardware;Equipo lento;Resuelto;Soporte ERP;Fernando Díaz;Corporación Sierra;Huancayo;Externo;24;10.0;Sí;0;5.0
TCK-01935;2025-10-16;2025-10-16;Teléfono;Crítica;ERP;Consulta de proceso;Cerrado;Seguridad;Valeria Rojas;Inversiones Sur;Huancayo;Externo;4;3.0;Sí;0;5.0
TCK-01936;2025-07-02;;Chat;Media;ERP;Problema de permisos;En progreso;Soporte ERP;Camila Núñez;Comercial Andina;Trujillo;Interno;24;;No aplica;182;
TCK-01937;2025-09-16;2025-09-16;Chat;Media;Accesos;Cuenta bloqueada;Cerrado;Seguridad;Valeria Rojas;Corporación Sierra;Lima;Interno;24;9.0;Sí;0;4.0
TCK-01938;2025-12-07;2025-12-07;Teléfono;Alta;CRM;Error de registro;Cancelado;Soporte ERP;Fernando Díaz;Grupo Pacífico;Huancayo;Interno;8;;No aplica;0;
TCK-01939;2025-06-03;;Chat;Alta;Redes;Lentitud de red;Abierto;Soporte ERP;Fernando Díaz;Servicios Lima;Huancayo;Interno;8;;No aplica;211;
TCK-01940;2025-06-28;;Chat;Alta;Software;Error de aplicación;En progreso;Aplicaciones;Patricia León;Comercial Andina;Huancayo;Externo;8;;No aplica;186;
TCK-01941;2025-11-30;2025-11-30;Teléfono;Media;Hardware;Cambio de periférico;Cancelado;Infraestructura;Jorge Salazar;Logística Central;Arequipa;Interno;24;;No aplica;0;
TCK-01942;2025-07-27;2025-08-01;Web;Baja;Redes;Lentitud de red;Cerrado;Infraestructura;Elena Chávez;Servicios Lima;Huancayo;Interno;48;120.0;No;5;1.0
TCK-01943;2025-05-31;;Teléfono;Media;Accesos;Restablecimiento de contraseña;En progreso;Mesa de ayuda;María Paredes;Comercial Andina;Arequipa;Interno;24;;No aplica;214;
TCK-01944;2025-03-04;;Correo;Baja;Redes;Sin conexión;En progreso;Infraestructura;Elena Chávez;Comercial Andina;Trujillo;Externo;48;;No aplica;302;
TCK-01945;2025-11-03;2025-11-05;Web;Baja;Correo;No recibe correos;Resuelto;Mesa de ayuda;Ana Torres;Grupo Pacífico;Huancayo;Externo;48;59.0;No;2;1.0
TCK-01946;2025-02-08;2025-02-08;Web;Media;Software;Error de aplicación;Resuelto;Mesa de ayuda;Luis Ramos;Grupo Pacífico;Cusco;Externo;24;15.0;Sí;0;4.0
TCK-01947;2025-08-18;;Correo;Baja;Software;Error de aplicación;Abierto;Seguridad;Valeria Rojas;Retail Norte;Huancayo;Interno;48;;No aplica;135;
TCK-01948;2025-09-04;;Web;Media;Accesos;Permisos de usuario;En progreso;Seguridad;Valeria Rojas;Grupo Pacífico;Cusco;Externo;24;;No aplica;118;
TCK-01949;2025-05-09;;Web;Baja;Hardware;Cambio de periférico;En progreso;Seguridad;Ricardo Flores;Distribuidora Horizonte;Huancayo;Interno;48;;No aplica;236;
TCK-01950;2025-01-03;2025-01-03;Web;Alta;Correo;Error de envío;Cerrado;Aplicaciones;Patricia León;Logística Central;Lima;Interno;8;7.0;Sí;0;4.0
TCK-01951;2025-02-02;2025-02-02;Web;Alta;Hardware;Falla de impresora;Resuelto;Mesa de ayuda;Luis Ramos;Servicios Lima;Huancayo;Interno;8;20.0;No;0;3.0
TCK-01952;2025-02-23;;Correo;Media;CRM;Problema de sincronización;Abierto;Seguridad;Valeria Rojas;Grupo Pacífico;Arequipa;Externo;24;;No aplica;311;
TCK-01953;2025-11-06;2025-11-06;Chat;Media;CRM;Error de registro;Cerrado;Infraestructura;Carlos Medina;Servicios Lima;Arequipa;Externo;24;18.0;Sí;0;4.0
TCK-01954;2025-01-04;2025-01-06;Correo;Media;Accesos;Permisos de usuario;Resuelto;Seguridad;Ricardo Flores;Servicios Lima;Huancayo;Interno;24;59.0;No;2;2.0
TCK-01955;2025-02-18;;Web;Media;Redes;VPN;Abierto;Soporte ERP;Camila Núñez;Corporación Sierra;Arequipa;Interno;24;;No aplica;316;
TCK-01956;2025-09-24;2025-09-26;Correo;Media;ERP;Problema de permisos;Cerrado;Soporte ERP;Fernando Díaz;Grupo Pacífico;Arequipa;Externo;24;65.0;No;2;1.0
TCK-01957;2025-07-27;2025-07-27;Teléfono;Crítica;Accesos;Permisos de usuario;Resuelto;Infraestructura;Elena Chávez;Grupo Pacífico;Arequipa;Externo;4;4.0;Sí;0;5.0
TCK-01958;2025-07-11;;Correo;Media;Software;Error de aplicación;En progreso;Infraestructura;Jorge Salazar;Comercial Andina;Lima;Interno;24;;No aplica;173;
TCK-01959;2025-06-30;2025-07-01;Teléfono;Media;Software;Instalación de programa;Resuelto;Seguridad;Ricardo Flores;Corporación Sierra;Huancayo;Externo;24;27.0;No;1;3.0
TCK-01960;2025-01-07;2025-01-11;Correo;Baja;Software;Instalación de programa;Cerrado;Mesa de ayuda;Luis Ramos;Grupo Pacífico;Cusco;Interno;48;108.0;No;4;1.0
TCK-01961;2025-11-07;;Teléfono;Media;ERP;Consulta de proceso;En progreso;Mesa de ayuda;Ana Torres;Corporación Sierra;Trujillo;Interno;24;;No aplica;54;
TCK-01962;2025-05-15;2025-05-17;Chat;Baja;Hardware;Cambio de periférico;Cerrado;Aplicaciones;Diego Vargas;Servicios Lima;Huancayo;Interno;48;69.0;No;2;2.0
TCK-01963;2025-11-28;2025-11-29;Correo;Media;Hardware;Cambio de periférico;Resuelto;Mesa de ayuda;María Paredes;Servicios Lima;Huancayo;Externo;24;29.0;No;1;3.0
TCK-01964;2025-11-14;2025-11-14;Correo;Alta;Hardware;Equipo lento;Cerrado;Soporte ERP;Fernando Díaz;Corporación Sierra;Lima;Interno;8;15.0;No;0;1.0
TCK-01965;2025-09-28;;Correo;Media;Accesos;Permisos de usuario;Abierto;Seguridad;Ricardo Flores;Corporación Sierra;Lima;Externo;24;;No aplica;94;
TCK-01966;2025-08-12;;Chat;Media;Correo;Configuración de Outlook;En progreso;Aplicaciones;Patricia León;Comercial Andina;Cusco;Externo;24;;No aplica;141;
TCK-01967;2025-04-27;2025-04-27;Web;Alta;Accesos;Permisos de usuario;Resuelto;Infraestructura;Carlos Medina;Retail Norte;Huancayo;Interno;8;15.0;No;0;1.0
TCK-01968;2025-01-07;;Web;Baja;ERP;Error en módulo;En progreso;Seguridad;Valeria Rojas;Grupo Pacífico;Huancayo;Interno;48;;No aplica;358;
TCK-01969;2025-07-19;2025-07-22;Correo;Baja;ERP;Error en módulo;Resuelto;Seguridad;Ricardo Flores;Distribuidora Horizonte;Trujillo;Externo;48;74.0;No;3;2.0
TCK-01970;2025-09-02;2025-09-06;Chat;Baja;Accesos;Cuenta bloqueada;Cerrado;Infraestructura;Jorge Salazar;Logística Central;Huancayo;Interno;48;112.0;No;4;2.0
TCK-01971;2025-08-08;2025-08-09;Teléfono;Media;Hardware;Cambio de periférico;Cerrado;Soporte ERP;Camila Núñez;Comercial Andina;Lima;Externo;24;28.0;No;1;1.0
TCK-01972;2025-06-03;;Teléfono;Crítica;Correo;No recibe correos;En progreso;Seguridad;Valeria Rojas;Logística Central;Arequipa;Interno;4;;No aplica;211;
TCK-01973;2025-09-12;2025-09-12;Correo;Alta;Redes;Sin conexión;Resuelto;Soporte ERP;Camila Núñez;Logística Central;Trujillo;Interno;8;7.0;Sí;0;5.0
TCK-01974;2025-05-31;;Teléfono;Media;CRM;Error de registro;En progreso;Seguridad;Ricardo Flores;Logística Central;Trujillo;Interno;24;;No aplica;214;
TCK-01975;2025-04-12;;Web;Media;ERP;Error en módulo;En progreso;Mesa de ayuda;María Paredes;Inversiones Sur;Huancayo;Externo;24;;No aplica;263;
TCK-01976;2025-11-17;2025-11-17;Chat;Media;Software;Error de aplicación;Cerrado;Seguridad;Valeria Rojas;Servicios Lima;Arequipa;Interno;24;8.0;Sí;0;4.0
TCK-01977;2025-09-02;2025-09-02;Web;Alta;Redes;VPN;Resuelto;Seguridad;Ricardo Flores;Logística Central;Huancayo;Externo;8;18.0;No;0;3.0
TCK-01978;2025-05-15;2025-05-17;Correo;Media;Accesos;Restablecimiento de contraseña;Resuelto;Soporte ERP;Camila Núñez;Inversiones Sur;Trujillo;Externo;24;57.0;No;2;2.0
TCK-01979;2025-03-09;;Teléfono;Media;Correo;No recibe correos;En progreso;Aplicaciones;Lucía Herrera;Logística Central;Lima;Externo;24;;No aplica;297;
TCK-01980;2025-09-22;2025-09-23;Teléfono;Media;Software;Instalación de programa;Cerrado;Seguridad;Ricardo Flores;Retail Norte;Lima;Externo;24;46.0;No;1;1.0
TCK-01981;2025-12-24;2025-12-26;Web;Baja;Hardware;Falla de impresora;Resuelto;Infraestructura;Jorge Salazar;Corporación Sierra;Trujillo;Interno;48;51.0;No;2;1.0
TCK-01982;2025-04-27;2025-04-29;Teléfono;Media;Correo;Configuración de Outlook;Cerrado;Infraestructura;Carlos Medina;Comercial Andina;Trujillo;Externo;24;60.0;No;2;3.0
TCK-01983;2025-04-19;2025-04-21;Correo;Media;Hardware;Cambio de periférico;Resuelto;Infraestructura;Carlos Medina;Grupo Pacífico;Trujillo;Externo;24;64.0;No;2;3.0
TCK-01984;2025-11-25;;Correo;Alta;Correo;Error de envío;Abierto;Soporte ERP;Camila Núñez;Inversiones Sur;Huancayo;Externo;8;;No aplica;36;
TCK-01985;2025-12-13;2025-12-17;Web;Baja;CRM;Error de registro;Resuelto;Soporte ERP;Camila Núñez;Servicios Lima;Arequipa;Interno;48;97.0;No;4;3.0
TCK-01986;2025-12-22;2025-12-25;Web;Baja;Accesos;Restablecimiento de contraseña;Cerrado;Aplicaciones;Lucía Herrera;Inversiones Sur;Lima;Externo;48;81.0;No;3;1.0
TCK-01987;2025-03-13;;Teléfono;Media;ERP;Problema de permisos;Abierto;Seguridad;Ricardo Flores;Corporación Sierra;Trujillo;Interno;24;;No aplica;293;
TCK-01988;2025-07-28;;Web;Alta;Hardware;Falla de impresora;Abierto;Infraestructura;Elena Chávez;Comercial Andina;Trujillo;Interno;8;;No aplica;156;
TCK-01989;2025-10-25;2025-10-27;Web;Baja;Correo;No recibe correos;Resuelto;Soporte ERP;Fernando Díaz;Distribuidora Horizonte;Lima;Interno;48;61.0;No;2;3.0
TCK-01990;2025-06-15;2025-06-19;Chat;Baja;Software;Instalación de programa;Cerrado;Mesa de ayuda;Luis Ramos;Comercial Andina;Cusco;Externo;48;113.0;No;4;2.0
TCK-01991;2025-11-09;2025-11-10;Correo;Media;Hardware;Equipo lento;Resuelto;Soporte ERP;Fernando Díaz;Retail Norte;Huancayo;Externo;24;42.0;No;1;3.0
TCK-01992;2025-11-24;2025-11-24;Web;Crítica;CRM;Consulta de cliente;Resuelto;Soporte ERP;Camila Núñez;Distribuidora Horizonte;Lima;Externo;4;10.0;No;0;1.0
TCK-01993;2025-02-02;2025-02-05;Web;Baja;Hardware;Falla de impresora;Resuelto;Aplicaciones;Lucía Herrera;Grupo Pacífico;Arequipa;Interno;48;79.0;No;3;3.0
TCK-01994;2025-05-23;;Teléfono;Alta;Software;Actualización fallida;Abierto;Mesa de ayuda;Luis Ramos;Retail Norte;Trujillo;Externo;8;;No aplica;222;
TCK-01995;2025-09-15;2025-09-15;Chat;Crítica;ERP;Consulta de proceso;Resuelto;Infraestructura;Elena Chávez;Retail Norte;Arequipa;Interno;4;2.0;Sí;0;5.0
TCK-01996;2025-11-30;2025-12-01;Chat;Baja;ERP;Problema de permisos;Resuelto;Infraestructura;Elena Chávez;Retail Norte;Arequipa;Interno;48;33.0;Sí;1;5.0
TCK-01997;2025-01-24;2025-01-24;Correo;Crítica;Software;Instalación de programa;Resuelto;Aplicaciones;Patricia León;Distribuidora Horizonte;Lima;Interno;4;1.0;Sí;0;4.0
TCK-01998;2025-09-23;2025-09-26;Web;Baja;Accesos;Restablecimiento de contraseña;Cerrado;Seguridad;Ricardo Flores;Grupo Pacífico;Cusco;Externo;48;78.0;No;3;1.0
TCK-01999;2025-11-30;2025-11-30;Chat;Alta;Correo;Error de envío;Resuelto;Mesa de ayuda;María Paredes;Comercial Andina;Trujillo;Interno;8;18.0;No;0;3.0
TCK-02000;2025-12-04;2025-12-04;Web;Media;ERP;Problema de permisos;Resuelto;Seguridad;Valeria Rojas;Retail Norte;Lima;Externo;24;4.0;Sí;0;5.0
TCK-02001;2025-10-31;2025-10-31;Teléfono;Media;Accesos;Restablecimiento de contraseña;Cerrado;Infraestructura;Jorge Salazar;Corporación Sierra;Trujillo;Interno;24;5.0;Sí;0;4.0
TCK-02002;2025-09-29;2025-09-29;Correo;Crítica;Accesos;Restablecimiento de contraseña;Resuelto;Infraestructura;Jorge Salazar;Servicios Lima;Arequipa;Externo;4;5.0;No;0;1.0
TCK-02003;2025-06-16;2025-06-17;Teléfono;Media;ERP;Consulta de proceso;Resuelto;Aplicaciones;Lucía Herrera;Distribuidora Horizonte;Lima;Interno;24;26.0;No;1;1.0
TCK-02004;2025-06-01;;Teléfono;Baja;Software;Actualización fallida;En progreso;Aplicaciones;Patricia León;Corporación Sierra;Cusco;Interno;48;;No aplica;213;
TCK-02005;2025-10-27;2025-10-27;Correo;Baja;Accesos;Permisos de usuario;Cancelado;Infraestructura;Carlos Medina;Grupo Pacífico;Cusco;Externo;48;;No aplica;0;
TCK-02006;2025-08-20;2025-08-21;Web;Baja;Software;Actualización fallida;Resuelto;Seguridad;Valeria Rojas;Comercial Andina;Huancayo;Externo;48;39.0;Sí;1;5.0
TCK-02007;2025-06-12;2025-06-16;Correo;Baja;Hardware;Falla de impresora;Resuelto;Aplicaciones;Patricia León;Corporación Sierra;Arequipa;Interno;48;97.0;No;4;3.0
TCK-02008;2025-08-14;2025-08-18;Teléfono;Baja;Hardware;Equipo lento;Resuelto;Seguridad;Valeria Rojas;Grupo Pacífico;Lima;Externo;48;119.0;No;4;3.0
TCK-02009;2025-10-19;2025-10-20;Web;Media;Redes;Lentitud de red;Resuelto;Seguridad;Valeria Rojas;Grupo Pacífico;Huancayo;Interno;24;33.0;No;1;2.0
TCK-02010;2025-01-20;2025-01-23;Web;Baja;Correo;Configuración de Outlook;Resuelto;Seguridad;Valeria Rojas;Retail Norte;Huancayo;Externo;48;82.0;No;3;2.0
TCK-02011;2025-10-18;2025-10-21;Teléfono;Baja;ERP;Error en módulo;Cerrado;Infraestructura;Elena Chávez;Comercial Andina;Arequipa;Interno;48;85.0;No;3;3.0
TCK-02012;2025-07-18;2025-07-21;Correo;Baja;Software;Error de aplicación;Resuelto;Seguridad;Valeria Rojas;Corporación Sierra;Lima;Externo;48;80.0;No;3;3.0
TCK-02013;2025-07-28;2025-08-01;Correo;Baja;Correo;Configuración de Outlook;Resuelto;Infraestructura;Elena Chávez;Servicios Lima;Huancayo;Externo;48;104.0;No;4;3.0
TCK-02014;2025-09-02;2025-09-03;Chat;Media;ERP;Consulta de proceso;Resuelto;Seguridad;Ricardo Flores;Inversiones Sur;Trujillo;Interno;24;42.0;No;1;1.0
TCK-02015;2025-05-07;2025-05-07;Correo;Alta;CRM;Problema de sincronización;Resuelto;Soporte ERP;Fernando Díaz;Retail Norte;Arequipa;Interno;8;21.0;No;0;3.0
TCK-02016;2025-04-08;;Chat;Media;Software;Instalación de programa;En progreso;Mesa de ayuda;Ana Torres;Comercial Andina;Lima;Externo;24;;No aplica;267;
TCK-02017;2025-06-02;2025-06-06;Correo;Baja;Accesos;Restablecimiento de contraseña;Resuelto;Soporte ERP;Fernando Díaz;Logística Central;Huancayo;Interno;48;119.0;No;4;2.0
TCK-02018;2025-10-16;;Correo;Media;Correo;Configuración de Outlook;Abierto;Seguridad;Valeria Rojas;Grupo Pacífico;Cusco;Externo;24;;No aplica;76;
TCK-02019;2025-03-09;2025-03-09;Correo;Media;Redes;Lentitud de red;Resuelto;Seguridad;Valeria Rojas;Grupo Pacífico;Huancayo;Externo;24;5.0;Sí;0;5.0
TCK-02020;2025-11-14;;Chat;Media;Software;Error de aplicación;Abierto;Aplicaciones;Patricia León;Comercial Andina;Cusco;Externo;24;;No aplica;47;
TCK-02021;2025-08-07;;Web;Baja;Redes;Lentitud de red;Abierto;Soporte ERP;Camila Núñez;Grupo Pacífico;Cusco;Interno;48;;No aplica;146;
TCK-02022;2025-11-29;2025-12-01;Chat;Media;Hardware;Equipo lento;Resuelto;Seguridad;Valeria Rojas;Servicios Lima;Lima;Externo;24;56.0;No;2;2.0
TCK-02023;2025-02-21;2025-02-23;Chat;Media;Accesos;Restablecimiento de contraseña;Resuelto;Aplicaciones;Patricia León;Logística Central;Huancayo;Externo;24;66.0;No;2;2.0
TCK-02024;2025-03-03;2025-03-03;Teléfono;Media;ERP;Error en módulo;Cancelado;Seguridad;Valeria Rojas;Corporación Sierra;Lima;Interno;24;;No aplica;0;
TCK-02025;2025-09-12;;Web;Alta;Accesos;Permisos de usuario;En progreso;Mesa de ayuda;Ana Torres;Corporación Sierra;Lima;Interno;8;;No aplica;110;
TCK-02026;2025-01-24;2025-01-25;Correo;Media;CRM;Consulta de cliente;Resuelto;Soporte ERP;Fernando Díaz;Servicios Lima;Cusco;Externo;24;28.0;No;1;1.0
TCK-02027;2025-08-24;;Correo;Alta;Redes;VPN;En progreso;Aplicaciones;Diego Vargas;Logística Central;Cusco;Interno;8;;No aplica;129;
TCK-02028;2025-05-19;2025-05-19;Web;Crítica;Correo;Error de envío;Cerrado;Infraestructura;Carlos Medina;Inversiones Sur;Lima;Interno;4;12.0;No;0;2.0
TCK-02029;2025-07-31;2025-08-04;Correo;Baja;CRM;Problema de sincronización;Resuelto;Mesa de ayuda;María Paredes;Inversiones Sur;Lima;Externo;48;96.0;No;4;1.0
TCK-02030;2025-12-03;2025-12-05;Correo;Media;Redes;VPN;Resuelto;Seguridad;Ricardo Flores;Logística Central;Lima;Interno;24;49.0;No;2;3.0
TCK-02031;2025-01-01;;Correo;Media;ERP;Error en módulo;Abierto;Aplicaciones;Diego Vargas;Logística Central;Arequipa;Externo;24;;No aplica;364;
TCK-02032;2025-12-09;;Web;Media;Accesos;Restablecimiento de contraseña;Abierto;Seguridad;Valeria Rojas;Comercial Andina;Lima;Externo;24;;No aplica;22;
TCK-02033;2025-01-06;2025-01-06;Web;Baja;ERP;Consulta de proceso;Cerrado;Aplicaciones;Diego Vargas;Retail Norte;Cusco;Externo;48;10.0;Sí;0;4.0
TCK-02034;2025-11-06;;Chat;Media;Hardware;Cambio de periférico;En progreso;Mesa de ayuda;María Paredes;Servicios Lima;Cusco;Externo;24;;No aplica;55;
TCK-02035;2025-07-21;2025-07-24;Teléfono;Baja;Hardware;Equipo lento;Cerrado;Soporte ERP;Camila Núñez;Corporación Sierra;Arequipa;Interno;48;92.0;No;3;2.0
TCK-02036;2025-10-01;2025-10-02;Web;Alta;Correo;Configuración de Outlook;Resuelto;Aplicaciones;Patricia León;Corporación Sierra;Arequipa;Externo;8;24.0;No;1;3.0
TCK-02037;2025-04-16;2025-04-17;Chat;Media;Accesos;Restablecimiento de contraseña;Resuelto;Infraestructura;Carlos Medina;Servicios Lima;Cusco;Externo;24;42.0;No;1;2.0
TCK-02038;2025-01-11;;Web;Media;CRM;Problema de sincronización;Abierto;Seguridad;Ricardo Flores;Distribuidora Horizonte;Lima;Interno;24;;No aplica;354;
TCK-02039;2025-01-22;2025-01-23;Chat;Media;Correo;No recibe correos;Resuelto;Soporte ERP;Camila Núñez;Servicios Lima;Lima;Interno;24;29.0;No;1;3.0
TCK-02040;2025-03-16;;Teléfono;Media;Correo;Error de envío;Abierto;Soporte ERP;Camila Núñez;Comercial Andina;Arequipa;Interno;24;;No aplica;290;
TCK-02041;2025-07-24;;Correo;Media;ERP;Consulta de proceso;Abierto;Mesa de ayuda;Luis Ramos;Distribuidora Horizonte;Huancayo;Interno;24;;No aplica;160;
TCK-02042;2025-01-10;2025-01-12;Correo;Media;Hardware;Falla de impresora;Resuelto;Seguridad;Valeria Rojas;Inversiones Sur;Arequipa;Externo;24;65.0;No;2;3.0
TCK-02043;2025-12-24;2025-12-24;Chat;Crítica;ERP;Error en módulo;Resuelto;Infraestructura;Carlos Medina;Distribuidora Horizonte;Lima;Externo;4;7.0;No;0;3.0
TCK-02044;2025-02-07;2025-02-09;Teléfono;Media;Correo;Error de envío;Cerrado;Seguridad;Valeria Rojas;Corporación Sierra;Trujillo;Interno;24;56.0;No;2;1.0
TCK-02045;2025-05-08;2025-05-12;Correo;Baja;Hardware;Falla de impresora;Resuelto;Infraestructura;Carlos Medina;Grupo Pacífico;Trujillo;Interno;48;102.0;No;4;3.0
TCK-02046;2025-06-04;2025-06-04;Correo;Media;Accesos;Restablecimiento de contraseña;Cerrado;Infraestructura;Jorge Salazar;Corporación Sierra;Lima;Externo;24;10.0;Sí;0;5.0
TCK-02047;2025-05-02;2025-05-02;Correo;Media;Hardware;Falla de impresora;Resuelto;Mesa de ayuda;Ana Torres;Retail Norte;Trujillo;Externo;24;5.0;Sí;0;4.0
TCK-02048;2025-01-06;2025-01-06;Chat;Media;Software;Error de aplicación;Resuelto;Infraestructura;Elena Chávez;Comercial Andina;Huancayo;Externo;24;21.0;Sí;0;4.0
TCK-02049;2025-11-08;;Correo;Alta;Accesos;Permisos de usuario;En progreso;Soporte ERP;Camila Núñez;Inversiones Sur;Huancayo;Interno;8;;No aplica;53;
TCK-02050;2025-10-22;2025-10-22;Web;Alta;Hardware;Cambio de periférico;Resuelto;Soporte ERP;Camila Núñez;Comercial Andina;Huancayo;Externo;8;13.0;No;0;2.0
TCK-02051;2025-06-01;2025-06-02;Teléfono;Alta;ERP;Problema de permisos;Resuelto;Infraestructura;Carlos Medina;Inversiones Sur;Arequipa;Externo;8;24.0;No;1;2.0
TCK-02052;2025-06-18;2025-06-18;Correo;Alta;ERP;Problema de permisos;Resuelto;Mesa de ayuda;María Paredes;Corporación Sierra;Arequipa;Externo;8;18.0;No;0;1.0
TCK-02053;2025-05-26;2025-05-28;Chat;Baja;Accesos;Permisos de usuario;Cerrado;Infraestructura;Carlos Medina;Inversiones Sur;Huancayo;Interno;48;71.0;No;2;3.0
TCK-02054;2025-09-11;2025-09-11;Correo;Media;Software;Instalación de programa;Resuelto;Mesa de ayuda;Luis Ramos;Grupo Pacífico;Arequipa;Externo;24;7.0;Sí;0;5.0
TCK-02055;2025-01-06;;Correo;Baja;Accesos;Permisos de usuario;En progreso;Mesa de ayuda;Ana Torres;Servicios Lima;Arequipa;Interno;48;;No aplica;359;
TCK-02056;2025-07-07;2025-07-07;Web;Crítica;Software;Actualización fallida;Resuelto;Mesa de ayuda;Ana Torres;Distribuidora Horizonte;Huancayo;Interno;4;7.0;No;0;2.0
TCK-02057;2025-02-18;2025-02-18;Correo;Crítica;Correo;No recibe correos;Resuelto;Aplicaciones;Patricia León;Grupo Pacífico;Arequipa;Externo;4;2.0;Sí;0;4.0
TCK-02058;2025-05-06;2025-05-07;Web;Media;Hardware;Cambio de periférico;Resuelto;Seguridad;Valeria Rojas;Inversiones Sur;Huancayo;Interno;24;44.0;No;1;3.0
TCK-02059;2025-08-28;2025-08-30;Web;Media;Correo;Configuración de Outlook;Resuelto;Mesa de ayuda;María Paredes;Corporación Sierra;Trujillo;Externo;24;55.0;No;2;3.0
TCK-02060;2025-04-20;;Web;Media;Software;Error de aplicación;En progreso;Aplicaciones;Lucía Herrera;Distribuidora Horizonte;Arequipa;Externo;24;;No aplica;255;
TCK-02061;2025-07-22;2025-07-22;Web;Crítica;Hardware;Equipo lento;Resuelto;Infraestructura;Elena Chávez;Distribuidora Horizonte;Trujillo;Interno;4;9.0;No;0;2.0
TCK-02062;2025-05-06;;Chat;Baja;Software;Error de aplicación;Abierto;Mesa de ayuda;María Paredes;Inversiones Sur;Trujillo;Externo;48;;No aplica;239;
TCK-02063;2025-05-04;;Correo;Baja;ERP;Problema de permisos;En progreso;Seguridad;Ricardo Flores;Grupo Pacífico;Huancayo;Externo;48;;No aplica;241;
TCK-02064;2025-05-29;2025-05-29;Correo;Alta;Software;Instalación de programa;Resuelto;Infraestructura;Carlos Medina;Corporación Sierra;Trujillo;Externo;8;21.0;No;0;3.0
TCK-02065;2025-12-01;2025-12-01;Correo;Alta;Software;Actualización fallida;Resuelto;Infraestructura;Carlos Medina;Inversiones Sur;Huancayo;Interno;8;6.0;Sí;0;4.0
TCK-02066;2025-12-18;;Correo;Media;Hardware;Equipo lento;En progreso;Seguridad;Ricardo Flores;Servicios Lima;Huancayo;Externo;24;;No aplica;13;
TCK-02067;2025-05-31;2025-06-04;Correo;Baja;Hardware;Cambio de periférico;Resuelto;Soporte ERP;Fernando Díaz;Comercial Andina;Trujillo;Externo;48;112.0;No;4;2.0
TCK-02068;2025-02-13;2025-02-13;Correo;Alta;Accesos;Restablecimiento de contraseña;Resuelto;Seguridad;Valeria Rojas;Corporación Sierra;Cusco;Interno;8;8.0;Sí;0;4.0
TCK-02069;2025-03-05;2025-03-05;Correo;Media;Redes;Sin conexión;Resuelto;Infraestructura;Elena Chávez;Grupo Pacífico;Huancayo;Externo;24;23.0;Sí;0;4.0
TCK-02070;2025-09-10;;Web;Media;Hardware;Falla de impresora;En progreso;Soporte ERP;Fernando Díaz;Corporación Sierra;Trujillo;Externo;24;;No aplica;112;
TCK-02071;2025-09-02;;Correo;Baja;Correo;Error de envío;Abierto;Mesa de ayuda;Ana Torres;Corporación Sierra;Lima;Externo;48;;No aplica;120;
TCK-02072;2025-11-11;2025-11-11;Correo;Media;Software;Actualización fallida;Cerrado;Aplicaciones;Patricia León;Comercial Andina;Trujillo;Externo;24;10.0;Sí;0;4.0
TCK-02073;2025-09-11;2025-09-11;Correo;Media;Accesos;Permisos de usuario;Cerrado;Soporte ERP;Fernando Díaz;Corporación Sierra;Trujillo;Externo;24;21.0;Sí;0;5.0
TCK-02074;2025-10-19;2025-10-22;Chat;Baja;Software;Error de aplicación;Resuelto;Mesa de ayuda;Ana Torres;Corporación Sierra;Huancayo;Externo;48;89.0;No;3;2.0
TCK-02075;2025-05-15;2025-05-15;Chat;Media;Accesos;Permisos de usuario;Resuelto;Aplicaciones;Lucía Herrera;Distribuidora Horizonte;Cusco;Interno;24;17.0;Sí;0;4.0
TCK-02076;2025-10-28;2025-10-28;Teléfono;Media;Correo;Configuración de Outlook;Resuelto;Aplicaciones;Lucía Herrera;Retail Norte;Arequipa;Externo;24;8.0;Sí;0;5.0
TCK-02077;2025-06-10;2025-06-10;Correo;Alta;ERP;Error en módulo;Resuelto;Infraestructura;Jorge Salazar;Corporación Sierra;Arequipa;Interno;8;6.0;Sí;0;4.0
TCK-02078;2025-04-24;2025-04-24;Chat;Alta;Software;Error de aplicación;Resuelto;Infraestructura;Elena Chávez;Retail Norte;Lima;Externo;8;21.0;No;0;2.0
TCK-02079;2025-10-15;;Chat;Alta;ERP;Error en módulo;Abierto;Infraestructura;Elena Chávez;Distribuidora Horizonte;Trujillo;Interno;8;;No aplica;77;
TCK-02080;2025-03-12;2025-03-12;Chat;Baja;ERP;Consulta de proceso;Cancelado;Seguridad;Valeria Rojas;Grupo Pacífico;Huancayo;Externo;48;;No aplica;0;
TCK-02081;2025-08-25;;Teléfono;Media;Correo;Configuración de Outlook;Abierto;Soporte ERP;Fernando Díaz;Grupo Pacífico;Huancayo;Externo;24;;No aplica;128;
TCK-02082;2025-09-27;;Web;Media;ERP;Problema de permisos;Abierto;Aplicaciones;Patricia León;Corporación Sierra;Cusco;Interno;24;;No aplica;95;
TCK-02083;2025-07-16;;Teléfono;Baja;ERP;Consulta de proceso;En progreso;Soporte ERP;Camila Núñez;Corporación Sierra;Arequipa;Externo;48;;No aplica;168;
TCK-02084;2025-10-22;2025-10-22;Web;Baja;Accesos;Restablecimiento de contraseña;Cancelado;Aplicaciones;Lucía Herrera;Corporación Sierra;Trujillo;Externo;48;;No aplica;0;
TCK-02085;2025-07-18;;Correo;Media;Hardware;Cambio de periférico;En progreso;Seguridad;Ricardo Flores;Servicios Lima;Trujillo;Interno;24;;No aplica;166;
TCK-02086;2025-01-26;2025-01-26;Teléfono;Crítica;Accesos;Restablecimiento de contraseña;Cerrado;Seguridad;Valeria Rojas;Grupo Pacífico;Lima;Interno;4;7.0;No;0;2.0
TCK-02087;2025-07-02;2025-07-04;Chat;Media;Accesos;Permisos de usuario;Resuelto;Aplicaciones;Diego Vargas;Corporación Sierra;Arequipa;Externo;24;49.0;No;2;2.0
TCK-02088;2025-06-30;;Correo;Baja;Accesos;Permisos de usuario;En progreso;Mesa de ayuda;Ana Torres;Comercial Andina;Trujillo;Externo;48;;No aplica;184;
TCK-02089;2025-06-22;2025-06-24;Web;Baja;CRM;Error de registro;Cerrado;Aplicaciones;Lucía Herrera;Comercial Andina;Arequipa;Interno;48;61.0;No;2;2.0
TCK-02090;2025-06-30;;Correo;Alta;Redes;VPN;En progreso;Aplicaciones;Patricia León;Distribuidora Horizonte;Arequipa;Interno;8;;No aplica;184;
TCK-02091;2025-03-15;;Teléfono;Baja;Accesos;Cuenta bloqueada;En progreso;Seguridad;Ricardo Flores;Servicios Lima;Arequipa;Externo;48;;No aplica;291;
TCK-02092;2025-01-22;2025-01-22;Teléfono;Media;Accesos;Restablecimiento de contraseña;Cancelado;Mesa de ayuda;María Paredes;Logística Central;Arequipa;Interno;24;;No aplica;0;
TCK-02093;2025-09-20;;Web;Crítica;ERP;Consulta de proceso;Abierto;Mesa de ayuda;María Paredes;Servicios Lima;Lima;Externo;4;;No aplica;102;
TCK-02094;2025-02-05;;Correo;Media;CRM;Problema de sincronización;Abierto;Mesa de ayuda;María Paredes;Distribuidora Horizonte;Cusco;Externo;24;;No aplica;329;
TCK-02095;2025-10-22;2025-10-22;Chat;Alta;Software;Actualización fallida;Resuelto;Aplicaciones;Patricia León;Servicios Lima;Arequipa;Externo;8;21.0;No;0;2.0
TCK-02096;2025-09-27;;Correo;Media;Software;Instalación de programa;Abierto;Seguridad;Valeria Rojas;Logística Central;Cusco;Interno;24;;No aplica;95;
TCK-02097;2025-10-21;2025-10-21;Correo;Media;Correo;Error de envío;Cancelado;Mesa de ayuda;Luis Ramos;Comercial Andina;Huancayo;Externo;24;;No aplica;0;
TCK-02098;2025-03-28;;Teléfono;Alta;CRM;Error de registro;En progreso;Infraestructura;Carlos Medina;Inversiones Sur;Cusco;Interno;8;;No aplica;278;
TCK-02099;2025-06-20;2025-06-22;Web;Media;Accesos;Restablecimiento de contraseña;Cerrado;Aplicaciones;Patricia León;Comercial Andina;Huancayo;Interno;24;60.0;No;2;3.0
TCK-02100;2025-08-24;2025-08-25;Web;Media;Correo;Error de envío;Resuelto;Mesa de ayuda;María Paredes;Logística Central;Lima;Externo;24;38.0;No;1;3.0
TCK-02101;2025-09-25;2025-09-26;Teléfono;Alta;CRM;Consulta de cliente;Resuelto;Infraestructura;Elena Chávez;Inversiones Sur;Cusco;Externo;8;24.0;No;1;3.0
TCK-02102;2025-05-22;;Correo;Media;CRM;Error de registro;En progreso;Infraestructura;Jorge Salazar;Comercial Andina;Arequipa;Externo;24;;No aplica;223;
TCK-02103;2025-11-15;2025-11-16;Teléfono;Alta;Accesos;Permisos de usuario;Resuelto;Soporte ERP;Fernando Díaz;Retail Norte;Trujillo;Interno;8;24.0;No;1;1.0
TCK-02104;2025-07-16;;Web;Baja;ERP;Problema de permisos;En progreso;Mesa de ayuda;Luis Ramos;Retail Norte;Cusco;Interno;48;;No aplica;168;
TCK-02105;2025-08-28;2025-08-28;Web;Alta;Accesos;Permisos de usuario;Cerrado;Aplicaciones;Lucía Herrera;Logística Central;Trujillo;Interno;8;15.0;No;0;1.0
TCK-02106;2025-05-01;;Correo;Media;Accesos;Restablecimiento de contraseña;En progreso;Seguridad;Ricardo Flores;Grupo Pacífico;Huancayo;Interno;24;;No aplica;244;
TCK-02107;2025-08-30;;Teléfono;Media;CRM;Problema de sincronización;Abierto;Aplicaciones;Diego Vargas;Distribuidora Horizonte;Lima;Externo;24;;No aplica;123;
TCK-02108;2025-08-27;2025-08-28;Chat;Media;Hardware;Cambio de periférico;Resuelto;Seguridad;Valeria Rojas;Distribuidora Horizonte;Arequipa;Externo;24;29.0;No;1;3.0
TCK-02109;2025-09-26;2025-09-28;Correo;Baja;Correo;Configuración de Outlook;Cerrado;Mesa de ayuda;Luis Ramos;Servicios Lima;Trujillo;Interno;48;53.0;No;2;3.0
TCK-02110;2025-02-03;2025-02-05;Correo;Media;Redes;VPN;Resuelto;Soporte ERP;Camila Núñez;Grupo Pacífico;Trujillo;Interno;24;68.0;No;2;2.0
TCK-02111;2025-10-09;2025-10-09;Web;Media;CRM;Error de registro;Resuelto;Mesa de ayuda;María Paredes;Distribuidora Horizonte;Trujillo;Interno;24;23.0;Sí;0;4.0
TCK-02112;2025-10-31;;Web;Alta;ERP;Problema de permisos;Abierto;Soporte ERP;Fernando Díaz;Inversiones Sur;Lima;Interno;8;;No aplica;61;
TCK-02113;2025-03-21;2025-03-21;Chat;Media;ERP;Consulta de proceso;Resuelto;Mesa de ayuda;María Paredes;Grupo Pacífico;Lima;Externo;24;4.0;Sí;0;5.0
TCK-02114;2025-07-18;2025-07-22;Teléfono;Baja;CRM;Error de registro;Resuelto;Mesa de ayuda;Luis Ramos;Grupo Pacífico;Huancayo;Externo;48;107.0;No;4;1.0
TCK-02115;2025-10-29;2025-10-29;Web;Media;Software;Error de aplicación;Resuelto;Aplicaciones;Lucía Herrera;Corporación Sierra;Arequipa;Externo;24;9.0;Sí;0;4.0
TCK-02116;2025-06-11;2025-06-13;Correo;Media;Correo;Error de envío;Resuelto;Soporte ERP;Fernando Díaz;Servicios Lima;Arequipa;Externo;24;61.0;No;2;1.0
TCK-02117;2025-09-07;2025-09-07;Web;Media;CRM;Consulta de cliente;Cerrado;Infraestructura;Carlos Medina;Inversiones Sur;Arequipa;Externo;24;9.0;Sí;0;5.0
TCK-02118;2025-08-14;;Teléfono;Crítica;Hardware;Cambio de periférico;En progreso;Seguridad;Ricardo Flores;Logística Central;Arequipa;Externo;4;;No aplica;139;
TCK-02119;2025-01-23;2025-01-26;Correo;Baja;Hardware;Equipo lento;Resuelto;Aplicaciones;Patricia León;Logística Central;Trujillo;Interno;48;91.0;No;3;3.0
TCK-02120;2025-02-22;2025-02-22;Teléfono;Baja;CRM;Problema de sincronización;Cancelado;Mesa de ayuda;Ana Torres;Corporación Sierra;Cusco;Externo;48;;No aplica;0;
TCK-02121;2025-06-16;2025-06-18;Web;Media;Correo;Configuración de Outlook;Cerrado;Mesa de ayuda;María Paredes;Comercial Andina;Cusco;Externo;24;61.0;No;2;3.0
TCK-02122;2025-08-17;;Web;Baja;ERP;Consulta de proceso;En progreso;Aplicaciones;Diego Vargas;Corporación Sierra;Cusco;Externo;48;;No aplica;136;
TCK-02123;2025-05-15;2025-05-17;Web;Media;Hardware;Equipo lento;Cerrado;Seguridad;Valeria Rojas;Logística Central;Lima;Interno;24;59.0;No;2;1.0
TCK-02124;2025-03-10;2025-03-12;Web;Media;Correo;Configuración de Outlook;Cerrado;Infraestructura;Carlos Medina;Inversiones Sur;Cusco;Externo;24;50.0;No;2;2.0
TCK-02125;2025-12-28;2025-12-29;Chat;Media;Software;Actualización fallida;Resuelto;Seguridad;Ricardo Flores;Retail Norte;Cusco;Externo;24;30.0;No;1;3.0
TCK-02126;2025-01-20;2025-01-21;Correo;Baja;Redes;Lentitud de red;Resuelto;Aplicaciones;Lucía Herrera;Grupo Pacífico;Huancayo;Interno;48;30.0;Sí;1;5.0
TCK-02127;2025-02-16;2025-02-20;Web;Baja;Correo;Error de envío;Resuelto;Aplicaciones;Lucía Herrera;Servicios Lima;Cusco;Externo;48;110.0;No;4;2.0
TCK-02128;2025-01-13;2025-01-15;Chat;Baja;CRM;Problema de sincronización;Resuelto;Seguridad;Valeria Rojas;Corporación Sierra;Huancayo;Interno;48;52.0;No;2;3.0
TCK-02129;2025-11-20;2025-11-22;Web;Media;ERP;Consulta de proceso;Resuelto;Aplicaciones;Lucía Herrera;Retail Norte;Trujillo;Interno;24;60.0;No;2;1.0
TCK-02130;2025-06-22;;Correo;Alta;Correo;Configuración de Outlook;En progreso;Mesa de ayuda;Luis Ramos;Retail Norte;Arequipa;Interno;8;;No aplica;192;
TCK-02131;2025-04-27;2025-04-28;Teléfono;Alta;Accesos;Permisos de usuario;Resuelto;Mesa de ayuda;María Paredes;Logística Central;Cusco;Interno;8;24.0;No;1;2.0
TCK-02132;2025-08-19;;Correo;Media;CRM;Consulta de cliente;En progreso;Infraestructura;Elena Chávez;Corporación Sierra;Arequipa;Interno;24;;No aplica;134;
TCK-02133;2025-04-14;;Teléfono;Crítica;CRM;Consulta de cliente;En progreso;Aplicaciones;Lucía Herrera;Comercial Andina;Cusco;Externo;4;;No aplica;261;
TCK-02134;2025-12-29;2025-12-29;Teléfono;Alta;Accesos;Permisos de usuario;Cerrado;Seguridad;Valeria Rojas;Retail Norte;Cusco;Externo;8;15.0;No;0;2.0
TCK-02135;2025-08-11;2025-08-11;Chat;Crítica;ERP;Consulta de proceso;Cancelado;Infraestructura;Jorge Salazar;Grupo Pacífico;Lima;Interno;4;;No aplica;0;
TCK-02136;2025-03-10;;Teléfono;Baja;Correo;Configuración de Outlook;En progreso;Mesa de ayuda;Ana Torres;Servicios Lima;Trujillo;Externo;48;;No aplica;296;
TCK-02137;2025-10-11;2025-10-12;Correo;Media;ERP;Error en módulo;Resuelto;Mesa de ayuda;Luis Ramos;Distribuidora Horizonte;Cusco;Interno;24;45.0;No;1;1.0
TCK-02138;2025-11-22;;Correo;Baja;Redes;Sin conexión;En progreso;Soporte ERP;Fernando Díaz;Servicios Lima;Huancayo;Externo;48;;No aplica;39;
TCK-02139;2025-02-02;2025-02-03;Web;Baja;Accesos;Permisos de usuario;Cerrado;Infraestructura;Jorge Salazar;Comercial Andina;Lima;Externo;48;39.0;Sí;1;5.0
TCK-02140;2025-03-07;2025-03-07;Web;Crítica;CRM;Problema de sincronización;Resuelto;Seguridad;Valeria Rojas;Inversiones Sur;Cusco;Interno;4;11.0;No;0;1.0
TCK-02141;2025-09-06;2025-09-07;Teléfono;Media;CRM;Error de registro;Cerrado;Aplicaciones;Lucía Herrera;Comercial Andina;Lima;Interno;24;45.0;No;1;1.0
TCK-02142;2025-04-02;;Teléfono;Media;ERP;Error en módulo;Abierto;Aplicaciones;Diego Vargas;Logística Central;Cusco;Externo;24;;No aplica;273;
TCK-02143;2025-09-04;2025-09-05;Correo;Media;Correo;No recibe correos;Resuelto;Aplicaciones;Diego Vargas;Servicios Lima;Huancayo;Interno;24;36.0;No;1;2.0
TCK-02144;2025-05-22;;Web;Media;ERP;Consulta de proceso;Abierto;Aplicaciones;Lucía Herrera;Servicios Lima;Huancayo;Externo;24;;No aplica;223;
TCK-02145;2025-02-17;2025-02-17;Correo;Media;Correo;Configuración de Outlook;Resuelto;Seguridad;Valeria Rojas;Servicios Lima;Lima;Interno;24;5.0;Sí;0;5.0
TCK-02146;2025-01-08;2025-01-08;Web;Alta;ERP;Consulta de proceso;Resuelto;Seguridad;Ricardo Flores;Servicios Lima;Lima;Externo;8;18.0;No;0;1.0
TCK-02147;2025-01-31;2025-01-31;Correo;Media;Software;Error de aplicación;Resuelto;Aplicaciones;Patricia León;Retail Norte;Arequipa;Interno;24;12.0;Sí;0;5.0
TCK-02148;2025-04-28;;Web;Media;Hardware;Equipo lento;En progreso;Seguridad;Ricardo Flores;Distribuidora Horizonte;Lima;Interno;24;;No aplica;247;
TCK-02149;2025-11-11;2025-11-11;Teléfono;Media;Redes;Sin conexión;Resuelto;Aplicaciones;Diego Vargas;Comercial Andina;Trujillo;Interno;24;22.0;Sí;0;5.0
TCK-02150;2025-10-24;2025-10-24;Teléfono;Alta;Hardware;Falla de impresora;Cerrado;Aplicaciones;Patricia León;Servicios Lima;Lima;Externo;8;3.0;Sí;0;4.0
TCK-02151;2025-04-05;2025-04-05;Correo;Alta;CRM;Problema de sincronización;Resuelto;Aplicaciones;Lucía Herrera;Comercial Andina;Arequipa;Interno;8;7.0;Sí;0;5.0
TCK-02152;2025-02-18;;Correo;Baja;Accesos;Permisos de usuario;Abierto;Mesa de ayuda;Ana Torres;Inversiones Sur;Lima;Externo;48;;No aplica;316;
TCK-02153;2025-06-13;;Teléfono;Media;CRM;Problema de sincronización;Abierto;Seguridad;Ricardo Flores;Servicios Lima;Cusco;Interno;24;;No aplica;201;
TCK-02154;2025-03-07;;Correo;Alta;Redes;Sin conexión;Abierto;Soporte ERP;Fernando Díaz;Grupo Pacífico;Huancayo;Interno;8;;No aplica;299;
TCK-02155;2025-07-10;;Web;Media;ERP;Problema de permisos;Abierto;Soporte ERP;Fernando Díaz;Retail Norte;Lima;Interno;24;;No aplica;174;
TCK-02156;2025-05-12;2025-05-12;Web;Alta;Software;Error de aplicación;Resuelto;Infraestructura;Jorge Salazar;Grupo Pacífico;Cusco;Externo;8;5.0;Sí;0;4.0
TCK-02157;2025-03-23;2025-03-24;Correo;Media;CRM;Problema de sincronización;Resuelto;Aplicaciones;Diego Vargas;Grupo Pacífico;Huancayo;Externo;24;27.0;No;1;3.0
TCK-02158;2025-07-24;2025-07-25;Correo;Baja;Accesos;Restablecimiento de contraseña;Resuelto;Infraestructura;Jorge Salazar;Corporación Sierra;Trujillo;Interno;48;42.0;Sí;1;4.0
TCK-02159;2025-01-28;2025-01-29;Teléfono;Media;Accesos;Permisos de usuario;Resuelto;Seguridad;Ricardo Flores;Logística Central;Cusco;Externo;24;26.0;No;1;3.0
TCK-02160;2025-08-30;2025-08-30;Teléfono;Media;Hardware;Falla de impresora;Cerrado;Infraestructura;Jorge Salazar;Corporación Sierra;Arequipa;Externo;24;12.0;Sí;0;5.0
TCK-02161;2025-09-07;;Teléfono;Media;CRM;Error de registro;En progreso;Soporte ERP;Fernando Díaz;Corporación Sierra;Trujillo;Externo;24;;No aplica;115;
TCK-02162;2025-02-23;2025-02-27;Correo;Baja;Software;Instalación de programa;Resuelto;Soporte ERP;Camila Núñez;Grupo Pacífico;Arequipa;Externo;48;107.0;No;4;2.0
TCK-02163;2025-07-21;;Web;Media;Software;Actualización fallida;En progreso;Soporte ERP;Camila Núñez;Grupo Pacífico;Cusco;Externo;24;;No aplica;163;
TCK-02164;2025-05-08;2025-05-08;Correo;Alta;CRM;Problema de sincronización;Cerrado;Seguridad;Ricardo Flores;Logística Central;Lima;Externo;8;17.0;No;0;1.0
TCK-02165;2025-03-22;2025-03-25;Web;Baja;Accesos;Restablecimiento de contraseña;Resuelto;Soporte ERP;Fernando Díaz;Inversiones Sur;Arequipa;Interno;48;92.0;No;3;2.0
TCK-02166;2025-07-30;2025-07-31;Web;Media;ERP;Problema de permisos;Resuelto;Mesa de ayuda;Luis Ramos;Retail Norte;Trujillo;Interno;24;41.0;No;1;3.0
TCK-02167;2025-08-29;2025-08-29;Web;Alta;CRM;Consulta de cliente;Resuelto;Mesa de ayuda;Luis Ramos;Retail Norte;Arequipa;Interno;8;23.0;No;0;3.0
TCK-02168;2025-02-12;2025-02-14;Correo;Baja;Software;Actualización fallida;Resuelto;Seguridad;Ricardo Flores;Comercial Andina;Huancayo;Interno;48;71.0;No;2;1.0
TCK-02169;2025-08-31;2025-08-31;Correo;Crítica;CRM;Error de registro;Resuelto;Mesa de ayuda;Luis Ramos;Corporación Sierra;Trujillo;Interno;4;9.0;No;0;1.0
TCK-02170;2025-07-17;;Teléfono;Media;Hardware;Falla de impresora;Abierto;Seguridad;Ricardo Flores;Logística Central;Trujillo;Externo;24;;No aplica;167;
TCK-02171;2025-04-05;;Correo;Alta;Correo;Configuración de Outlook;En progreso;Infraestructura;Jorge Salazar;Logística Central;Arequipa;Externo;8;;No aplica;270;
TCK-02172;2025-04-16;;Chat;Alta;Software;Actualización fallida;Abierto;Soporte ERP;Camila Núñez;Comercial Andina;Huancayo;Externo;8;;No aplica;259;
TCK-02173;2025-10-21;;Correo;Baja;ERP;Error en módulo;Abierto;Infraestructura;Elena Chávez;Corporación Sierra;Trujillo;Externo;48;;No aplica;71;
TCK-02174;2025-10-18;2025-10-18;Web;Media;ERP;Error en módulo;Resuelto;Seguridad;Ricardo Flores;Servicios Lima;Arequipa;Interno;24;18.0;Sí;0;4.0
TCK-02175;2025-02-23;2025-02-23;Chat;Alta;CRM;Consulta de cliente;Resuelto;Mesa de ayuda;Ana Torres;Corporación Sierra;Huancayo;Externo;8;20.0;No;0;1.0
TCK-02176;2025-02-11;2025-02-11;Correo;Alta;Software;Instalación de programa;Cancelado;Seguridad;Valeria Rojas;Servicios Lima;Arequipa;Interno;8;;No aplica;0;
TCK-02177;2025-01-24;2025-01-24;Teléfono;Media;Hardware;Cambio de periférico;Resuelto;Mesa de ayuda;Ana Torres;Corporación Sierra;Trujillo;Interno;24;8.0;Sí;0;4.0
TCK-02178;2025-05-09;2025-05-09;Chat;Alta;Redes;Lentitud de red;Resuelto;Soporte ERP;Fernando Díaz;Comercial Andina;Lima;Externo;8;22.0;No;0;1.0
TCK-02179;2025-01-20;2025-01-21;Correo;Media;CRM;Problema de sincronización;Cerrado;Mesa de ayuda;Luis Ramos;Comercial Andina;Lima;Interno;24;35.0;No;1;2.0
TCK-02180;2025-03-15;;Correo;Baja;Correo;Configuración de Outlook;En progreso;Aplicaciones;Diego Vargas;Logística Central;Huancayo;Interno;48;;No aplica;291;
TCK-02181;2025-04-18;;Correo;Crítica;Accesos;Cuenta bloqueada;Abierto;Mesa de ayuda;Luis Ramos;Retail Norte;Huancayo;Externo;4;;No aplica;257;
TCK-02182;2025-01-31;;Correo;Baja;ERP;Error en módulo;Abierto;Seguridad;Ricardo Flores;Servicios Lima;Huancayo;Interno;48;;No aplica;334;
TCK-02183;2025-10-26;2025-10-27;Teléfono;Baja;Software;Instalación de programa;Cerrado;Seguridad;Ricardo Flores;Grupo Pacífico;Cusco;Interno;48;45.0;Sí;1;4.0
TCK-02184;2025-03-03;2025-03-05;Correo;Media;Redes;VPN;Cerrado;Infraestructura;Jorge Salazar;Retail Norte;Cusco;Interno;24;59.0;No;2;2.0
TCK-02185;2025-09-19;2025-09-20;Web;Media;Software;Actualización fallida;Cerrado;Mesa de ayuda;Ana Torres;Retail Norte;Lima;Externo;24;42.0;No;1;3.0
TCK-02186;2025-02-26;2025-02-27;Teléfono;Media;Redes;Sin conexión;Cerrado;Infraestructura;Elena Chávez;Grupo Pacífico;Lima;Externo;24;40.0;No;1;1.0
TCK-02187;2025-02-08;2025-02-08;Teléfono;Alta;Redes;Sin conexión;Resuelto;Seguridad;Valeria Rojas;Grupo Pacífico;Trujillo;Interno;8;15.0;No;0;3.0
TCK-02188;2025-05-10;2025-05-10;Teléfono;Media;Software;Actualización fallida;Cancelado;Seguridad;Valeria Rojas;Retail Norte;Lima;Interno;24;;No aplica;0;
TCK-02189;2025-07-06;;Correo;Media;ERP;Consulta de proceso;Abierto;Soporte ERP;Camila Núñez;Inversiones Sur;Trujillo;Externo;24;;No aplica;178;
TCK-02190;2025-11-06;2025-11-08;Correo;Media;Software;Error de aplicación;Cerrado;Mesa de ayuda;Luis Ramos;Retail Norte;Cusco;Externo;24;59.0;No;2;2.0
TCK-02191;2025-06-28;;Chat;Baja;Redes;Lentitud de red;En progreso;Aplicaciones;Patricia León;Grupo Pacífico;Trujillo;Interno;48;;No aplica;186;
TCK-02192;2025-08-22;2025-08-24;Correo;Media;Redes;VPN;Cerrado;Aplicaciones;Patricia León;Logística Central;Trujillo;Interno;24;64.0;No;2;1.0
TCK-02193;2025-12-06;2025-12-06;Correo;Alta;Redes;Sin conexión;Cancelado;Infraestructura;Carlos Medina;Corporación Sierra;Cusco;Externo;8;;No aplica;0;
TCK-02194;2025-05-14;2025-05-15;Correo;Media;CRM;Error de registro;Resuelto;Mesa de ayuda;Ana Torres;Corporación Sierra;Trujillo;Interno;24;38.0;No;1;1.0
TCK-02195;2025-09-06;2025-09-06;Correo;Alta;Software;Error de aplicación;Resuelto;Soporte ERP;Fernando Díaz;Retail Norte;Arequipa;Interno;8;6.0;Sí;0;4.0
TCK-02196;2025-03-15;2025-03-15;Web;Alta;Redes;Sin conexión;Resuelto;Soporte ERP;Camila Núñez;Distribuidora Horizonte;Arequipa;Interno;8;18.0;No;0;1.0
TCK-02197;2025-07-03;2025-07-04;Chat;Media;Hardware;Falla de impresora;Resuelto;Mesa de ayuda;Ana Torres;Logística Central;Trujillo;Interno;24;33.0;No;1;2.0
TCK-02198;2025-02-22;2025-02-26;Teléfono;Baja;Hardware;Falla de impresora;Resuelto;Infraestructura;Jorge Salazar;Distribuidora Horizonte;Huancayo;Interno;48;106.0;No;4;3.0
TCK-02199;2025-09-29;;Web;Baja;Accesos;Permisos de usuario;Abierto;Mesa de ayuda;María Paredes;Inversiones Sur;Trujillo;Interno;48;;No aplica;93;
TCK-02200;2025-11-03;;Teléfono;Media;Correo;No recibe correos;Abierto;Mesa de ayuda;Ana Torres;Logística Central;Lima;Externo;24;;No aplica;58;
TCK-02201;2025-12-31;;Chat;Alta;Redes;Sin conexión;Abierto;Soporte ERP;Fernando Díaz;Logística Central;Arequipa;Externo;8;;No aplica;0;
TCK-02202;2025-10-12;2025-10-12;Web;Media;ERP;Error en módulo;Cerrado;Soporte ERP;Fernando Díaz;Grupo Pacífico;Lima;Interno;24;6.0;Sí;0;5.0
TCK-02203;2025-04-24;2025-04-24;Teléfono;Media;ERP;Problema de permisos;Cerrado;Mesa de ayuda;María Paredes;Servicios Lima;Trujillo;Interno;24;22.0;Sí;0;4.0
TCK-02204;2025-04-24;2025-04-25;Teléfono;Media;Accesos;Permisos de usuario;Cerrado;Infraestructura;Elena Chávez;Corporación Sierra;Cusco;Interno;24;44.0;No;1;2.0
TCK-02205;2025-10-10;2025-10-11;Correo;Media;Redes;Lentitud de red;Resuelto;Soporte ERP;Camila Núñez;Comercial Andina;Cusco;Externo;24;27.0;No;1;3.0
TCK-02206;2025-01-01;2025-01-01;Teléfono;Media;ERP;Error en módulo;Resuelto;Aplicaciones;Diego Vargas;Grupo Pacífico;Cusco;Externo;24;5.0;Sí;0;5.0
TCK-02207;2025-02-04;2025-02-04;Teléfono;Media;Software;Error de aplicación;Resuelto;Seguridad;Valeria Rojas;Inversiones Sur;Trujillo;Interno;24;14.0;Sí;0;5.0
TCK-02208;2025-06-12;2025-06-12;Correo;Media;Accesos;Cuenta bloqueada;Cerrado;Soporte ERP;Fernando Díaz;Logística Central;Cusco;Interno;24;21.0;Sí;0;5.0
TCK-02209;2025-04-23;;Web;Media;ERP;Consulta de proceso;En progreso;Soporte ERP;Fernando Díaz;Corporación Sierra;Arequipa;Externo;24;;No aplica;252;
TCK-02210;2025-06-04;2025-06-08;Web;Baja;Software;Instalación de programa;Cerrado;Mesa de ayuda;María Paredes;Logística Central;Huancayo;Interno;48;103.0;No;4;1.0
TCK-02211;2025-05-09;;Correo;Media;Hardware;Falla de impresora;Abierto;Mesa de ayuda;Luis Ramos;Grupo Pacífico;Arequipa;Interno;24;;No aplica;236;
TCK-02212;2025-06-19;2025-06-23;Correo;Baja;Hardware;Falla de impresora;Resuelto;Soporte ERP;Camila Núñez;Inversiones Sur;Trujillo;Externo;48;116.0;No;4;3.0
TCK-02213;2025-01-15;2025-01-15;Web;Baja;Accesos;Restablecimiento de contraseña;Resuelto;Infraestructura;Jorge Salazar;Grupo Pacífico;Arequipa;Externo;48;15.0;Sí;0;4.0
TCK-02214;2025-04-20;2025-04-20;Correo;Alta;ERP;Problema de permisos;Cerrado;Aplicaciones;Diego Vargas;Grupo Pacífico;Huancayo;Interno;8;12.0;No;0;3.0
TCK-02215;2025-10-03;2025-10-04;Chat;Alta;Hardware;Falla de impresora;Resuelto;Mesa de ayuda;Ana Torres;Corporación Sierra;Trujillo;Interno;8;24.0;No;1;3.0
TCK-02216;2025-11-04;2025-11-04;Correo;Alta;Software;Actualización fallida;Resuelto;Infraestructura;Carlos Medina;Comercial Andina;Arequipa;Interno;8;15.0;No;0;2.0
TCK-02217;2025-10-05;;Chat;Alta;ERP;Error en módulo;Abierto;Soporte ERP;Fernando Díaz;Corporación Sierra;Trujillo;Interno;8;;No aplica;87;
TCK-02218;2025-09-01;2025-09-04;Chat;Baja;Software;Instalación de programa;Resuelto;Mesa de ayuda;Ana Torres;Retail Norte;Huancayo;Interno;48;72.0;No;3;1.0
TCK-02219;2025-06-04;2025-06-04;Web;Baja;Software;Error de aplicación;Resuelto;Mesa de ayuda;Luis Ramos;Retail Norte;Cusco;Interno;48;21.0;Sí;0;4.0
TCK-02220;2025-11-26;;Correo;Media;Correo;Error de envío;En progreso;Mesa de ayuda;María Paredes;Comercial Andina;Lima;Interno;24;;No aplica;35;
TCK-02221;2025-11-27;2025-11-28;Correo;Media;Accesos;Restablecimiento de contraseña;Resuelto;Seguridad;Ricardo Flores;Grupo Pacífico;Arequipa;Externo;24;39.0;No;1;3.0
TCK-02222;2025-09-10;2025-09-11;Correo;Media;Correo;Error de envío;Resuelto;Mesa de ayuda;María Paredes;Distribuidora Horizonte;Cusco;Interno;24;33.0;No;1;1.0
TCK-02223;2025-05-27;2025-05-30;Teléfono;Media;Software;Error de aplicación;Cerrado;Infraestructura;Carlos Medina;Corporación Sierra;Trujillo;Externo;24;72.0;No;3;1.0
TCK-02224;2025-05-26;2025-05-26;Correo;Alta;CRM;Error de registro;Cerrado;Seguridad;Ricardo Flores;Retail Norte;Cusco;Externo;8;13.0;No;0;1.0
TCK-02225;2025-12-13;2025-12-13;Web;Baja;ERP;Consulta de proceso;Cerrado;Seguridad;Valeria Rojas;Corporación Sierra;Trujillo;Externo;48;15.0;Sí;0;5.0
TCK-02226;2025-04-01;2025-04-02;Teléfono;Media;Hardware;Equipo lento;Cerrado;Mesa de ayuda;María Paredes;Grupo Pacífico;Cusco;Interno;24;45.0;No;1;2.0
TCK-02227;2025-10-08;2025-10-10;Correo;Media;Correo;No recibe correos;Cerrado;Infraestructura;Carlos Medina;Servicios Lima;Lima;Interno;24;54.0;No;2;2.0
TCK-02228;2025-11-17;;Web;Baja;ERP;Consulta de proceso;Abierto;Seguridad;Ricardo Flores;Inversiones Sur;Huancayo;Interno;48;;No aplica;44;
TCK-02229;2025-03-19;2025-03-21;Correo;Media;Correo;No recibe correos;Resuelto;Mesa de ayuda;Ana Torres;Corporación Sierra;Cusco;Externo;24;69.0;No;2;2.0
TCK-02230;2025-08-01;;Correo;Media;CRM;Error de registro;Abierto;Soporte ERP;Camila Núñez;Servicios Lima;Lima;Interno;24;;No aplica;152;
TCK-02231;2025-01-15;2025-01-15;Chat;Alta;CRM;Error de registro;Cerrado;Soporte ERP;Fernando Díaz;Servicios Lima;Lima;Interno;8;6.0;Sí;0;5.0
TCK-02232;2025-08-12;2025-08-12;Correo;Media;Accesos;Permisos de usuario;Resuelto;Soporte ERP;Fernando Díaz;Grupo Pacífico;Trujillo;Externo;24;17.0;Sí;0;5.0
TCK-02233;2025-12-04;2025-12-04;Web;Baja;Redes;Lentitud de red;Resuelto;Mesa de ayuda;Luis Ramos;Servicios Lima;Cusco;Interno;48;13.0;Sí;0;4.0
TCK-02234;2025-02-20;;Teléfono;Media;Accesos;Permisos de usuario;Abierto;Infraestructura;Elena Chávez;Corporación Sierra;Trujillo;Externo;24;;No aplica;314;
TCK-02235;2025-04-05;2025-04-07;Web;Baja;CRM;Problema de sincronización;Cerrado;Mesa de ayuda;Ana Torres;Distribuidora Horizonte;Huancayo;Externo;48;48.0;Sí;2;5.0
TCK-02236;2025-04-23;2025-04-25;Chat;Baja;CRM;Problema de sincronización;Resuelto;Seguridad;Valeria Rojas;Corporación Sierra;Cusco;Externo;48;60.0;No;2;2.0
TCK-02237;2025-09-28;2025-09-28;Web;Alta;Software;Instalación de programa;Resuelto;Soporte ERP;Camila Núñez;Inversiones Sur;Lima;Interno;8;11.0;No;0;2.0
TCK-02238;2025-11-17;2025-11-17;Correo;Crítica;Software;Actualización fallida;Resuelto;Seguridad;Valeria Rojas;Corporación Sierra;Cusco;Externo;4;2.0;Sí;0;4.0
TCK-02239;2025-12-11;;Correo;Media;Accesos;Permisos de usuario;En progreso;Seguridad;Ricardo Flores;Servicios Lima;Arequipa;Interno;24;;No aplica;20;
TCK-02240;2025-11-11;;Web;Baja;Redes;Sin conexión;En progreso;Mesa de ayuda;Ana Torres;Retail Norte;Arequipa;Externo;48;;No aplica;50;
TCK-02241;2025-12-03;;Web;Crítica;Software;Instalación de programa;En progreso;Seguridad;Valeria Rojas;Comercial Andina;Arequipa;Externo;4;;No aplica;28;
TCK-02242;2025-09-10;2025-09-11;Teléfono;Media;Redes;Sin conexión;Cerrado;Soporte ERP;Camila Núñez;Comercial Andina;Trujillo;Interno;24;30.0;No;1;1.0
TCK-02243;2025-11-29;2025-11-30;Web;Alta;Correo;Configuración de Outlook;Resuelto;Infraestructura;Carlos Medina;Servicios Lima;Trujillo;Interno;8;24.0;No;1;1.0
TCK-02244;2025-10-18;;Teléfono;Alta;Accesos;Permisos de usuario;Abierto;Seguridad;Valeria Rojas;Comercial Andina;Trujillo;Interno;8;;No aplica;74;
TCK-02245;2025-07-28;2025-07-28;Web;Media;CRM;Consulta de cliente;Cerrado;Seguridad;Ricardo Flores;Comercial Andina;Lima;Interno;24;21.0;Sí;0;4.0
TCK-02246;2025-01-14;2025-01-18;Teléfono;Baja;ERP;Problema de permisos;Cerrado;Soporte ERP;Camila Núñez;Logística Central;Huancayo;Externo;48;112.0;No;4;2.0
TCK-02247;2025-10-06;;Correo;Baja;CRM;Problema de sincronización;En progreso;Soporte ERP;Camila Núñez;Comercial Andina;Cusco;Interno;48;;No aplica;86;
TCK-02248;2025-12-20;2025-12-21;Web;Media;ERP;Error en módulo;Cerrado;Infraestructura;Jorge Salazar;Comercial Andina;Arequipa;Externo;24;40.0;No;1;2.0
TCK-02249;2025-11-03;2025-11-04;Correo;Media;Accesos;Permisos de usuario;Resuelto;Soporte ERP;Fernando Díaz;Retail Norte;Huancayo;Interno;24;37.0;No;1;3.0
TCK-02250;2025-07-09;2025-07-09;Teléfono;Alta;Software;Instalación de programa;Resuelto;Mesa de ayuda;María Paredes;Comercial Andina;Lima;Interno;8;12.0;No;0;2.0
TCK-02251;2025-07-20;2025-07-21;Correo;Media;ERP;Problema de permisos;Cerrado;Mesa de ayuda;María Paredes;Comercial Andina;Huancayo;Interno;24;40.0;No;1;2.0
TCK-02252;2025-11-23;2025-11-23;Correo;Alta;Hardware;Falla de impresora;Resuelto;Seguridad;Valeria Rojas;Inversiones Sur;Lima;Interno;8;12.0;No;0;1.0
TCK-02253;2025-09-25;2025-09-25;Web;Alta;Software;Instalación de programa;Resuelto;Aplicaciones;Diego Vargas;Inversiones Sur;Arequipa;Interno;8;8.0;Sí;0;4.0
TCK-02254;2025-11-16;2025-11-16;Web;Alta;Redes;VPN;Resuelto;Aplicaciones;Diego Vargas;Retail Norte;Trujillo;Externo;8;19.0;No;0;2.0
TCK-02255;2025-01-19;;Correo;Baja;Accesos;Cuenta bloqueada;Abierto;Mesa de ayuda;Luis Ramos;Servicios Lima;Trujillo;Interno;48;;No aplica;346;
TCK-02256;2025-08-12;2025-08-14;Correo;Media;Accesos;Cuenta bloqueada;Cerrado;Seguridad;Ricardo Flores;Retail Norte;Cusco;Externo;24;53.0;No;2;2.0
TCK-02257;2025-07-02;;Web;Media;Software;Error de aplicación;En progreso;Seguridad;Ricardo Flores;Distribuidora Horizonte;Lima;Externo;24;;No aplica;182;
TCK-02258;2025-01-15;;Correo;Baja;Software;Instalación de programa;En progreso;Aplicaciones;Lucía Herrera;Retail Norte;Cusco;Externo;48;;No aplica;350;
TCK-02259;2025-08-05;2025-08-07;Correo;Media;Software;Instalación de programa;Resuelto;Infraestructura;Carlos Medina;Grupo Pacífico;Arequipa;Interno;24;53.0;No;2;2.0
TCK-02260;2025-12-04;2025-12-06;Correo;Media;Accesos;Permisos de usuario;Cerrado;Soporte ERP;Fernando Díaz;Retail Norte;Arequipa;Externo;24;58.0;No;2;2.0
TCK-02261;2025-10-08;;Web;Baja;CRM;Error de registro;Abierto;Mesa de ayuda;Ana Torres;Inversiones Sur;Huancayo;Interno;48;;No aplica;84;
TCK-02262;2025-08-25;2025-08-29;Correo;Baja;Correo;Configuración de Outlook;Resuelto;Infraestructura;Jorge Salazar;Inversiones Sur;Lima;Externo;48;111.0;No;4;3.0
TCK-02263;2025-12-30;2025-12-31;Correo;Media;Redes;VPN;Cerrado;Seguridad;Ricardo Flores;Servicios Lima;Lima;Externo;24;28.0;No;1;1.0
TCK-02264;2025-10-02;;Chat;Baja;ERP;Error en módulo;En progreso;Seguridad;Ricardo Flores;Grupo Pacífico;Trujillo;Externo;48;;No aplica;90;
TCK-02265;2025-08-29;2025-08-31;Web;Media;Hardware;Cambio de periférico;Cerrado;Aplicaciones;Patricia León;Inversiones Sur;Huancayo;Externo;24;68.0;No;2;2.0
TCK-02266;2025-04-12;;Correo;Media;Hardware;Equipo lento;Abierto;Mesa de ayuda;Ana Torres;Grupo Pacífico;Arequipa;Interno;24;;No aplica;263;
TCK-02267;2025-04-10;;Correo;Alta;ERP;Error en módulo;En progreso;Aplicaciones;Lucía Herrera;Distribuidora Horizonte;Trujillo;Externo;8;;No aplica;265;
TCK-02268;2025-02-18;2025-02-22;Teléfono;Baja;Accesos;Restablecimiento de contraseña;Cerrado;Soporte ERP;Camila Núñez;Retail Norte;Trujillo;Externo;48;98.0;No;4;3.0
TCK-02269;2025-08-11;2025-08-12;Correo;Media;Accesos;Permisos de usuario;Cerrado;Mesa de ayuda;María Paredes;Corporación Sierra;Cusco;Interno;24;28.0;No;1;2.0
TCK-02270;2025-05-17;2025-05-19;Correo;Media;Software;Instalación de programa;Resuelto;Infraestructura;Elena Chávez;Corporación Sierra;Arequipa;Interno;24;62.0;No;2;3.0
TCK-02271;2025-04-13;2025-04-13;Chat;Alta;Correo;No recibe correos;Cerrado;Aplicaciones;Patricia León;Comercial Andina;Trujillo;Interno;8;13.0;No;0;3.0
TCK-02272;2025-05-26;;Web;Alta;Hardware;Falla de impresora;Abierto;Seguridad;Ricardo Flores;Retail Norte;Arequipa;Interno;8;;No aplica;219;
TCK-02273;2025-12-26;2025-12-26;Correo;Crítica;Software;Instalación de programa;Resuelto;Mesa de ayuda;Ana Torres;Comercial Andina;Huancayo;Externo;4;6.0;No;0;3.0
TCK-02274;2025-10-20;2025-10-22;Teléfono;Media;Redes;Lentitud de red;Cerrado;Seguridad;Ricardo Flores;Servicios Lima;Arequipa;Externo;24;68.0;No;2;3.0
TCK-02275;2025-04-16;2025-04-20;Web;Baja;Hardware;Falla de impresora;Resuelto;Soporte ERP;Camila Núñez;Distribuidora Horizonte;Cusco;Interno;48;112.0;No;4;2.0
TCK-02276;2025-07-16;2025-07-21;Correo;Baja;Accesos;Cuenta bloqueada;Resuelto;Seguridad;Valeria Rojas;Servicios Lima;Huancayo;Interno;48;120.0;No;5;1.0
TCK-02277;2025-02-16;2025-02-17;Chat;Baja;CRM;Consulta de cliente;Resuelto;Seguridad;Valeria Rojas;Inversiones Sur;Huancayo;Interno;48;47.0;Sí;1;5.0
TCK-02278;2025-10-03;2025-10-07;Correo;Baja;Software;Actualización fallida;Resuelto;Seguridad;Ricardo Flores;Logística Central;Lima;Interno;48;111.0;No;4;1.0
TCK-02279;2025-12-19;;Chat;Media;Correo;Error de envío;En progreso;Mesa de ayuda;Ana Torres;Logística Central;Trujillo;Interno;24;;No aplica;12;
TCK-02280;2025-06-13;2025-06-13;Correo;Crítica;Redes;Sin conexión;Cerrado;Infraestructura;Jorge Salazar;Retail Norte;Trujillo;Interno;4;12.0;No;0;1.0
TCK-02281;2025-11-27;;Teléfono;Alta;Accesos;Cuenta bloqueada;En progreso;Infraestructura;Jorge Salazar;Servicios Lima;Lima;Interno;8;;No aplica;34;
TCK-02282;2025-01-30;;Correo;Crítica;CRM;Consulta de cliente;Abierto;Soporte ERP;Fernando Díaz;Retail Norte;Cusco;Externo;4;;No aplica;335;
TCK-02283;2025-09-24;2025-09-24;Correo;Crítica;CRM;Consulta de cliente;Cerrado;Mesa de ayuda;Ana Torres;Servicios Lima;Arequipa;Externo;4;2.0;Sí;0;5.0
TCK-02284;2025-10-06;;Chat;Media;ERP;Error en módulo;En progreso;Soporte ERP;Fernando Díaz;Comercial Andina;Arequipa;Interno;24;;No aplica;86;
TCK-02285;2025-11-21;;Web;Media;Accesos;Permisos de usuario;En progreso;Infraestructura;Elena Chávez;Comercial Andina;Cusco;Interno;24;;No aplica;40;
TCK-02286;2025-03-13;2025-03-13;Chat;Media;Hardware;Falla de impresora;Resuelto;Soporte ERP;Camila Núñez;Distribuidora Horizonte;Arequipa;Externo;24;4.0;Sí;0;5.0
TCK-02287;2025-04-23;2025-04-23;Correo;Baja;Hardware;Falla de impresora;Cancelado;Soporte ERP;Fernando Díaz;Servicios Lima;Lima;Externo;48;;No aplica;0;
TCK-02288;2025-04-14;2025-04-15;Web;Media;Software;Error de aplicación;Resuelto;Soporte ERP;Fernando Díaz;Logística Central;Huancayo;Externo;24;33.0;No;1;2.0
TCK-02289;2025-07-28;;Teléfono;Media;ERP;Error en módulo;Abierto;Seguridad;Valeria Rojas;Corporación Sierra;Trujillo;Interno;24;;No aplica;156;
TCK-02290;2025-09-18;2025-09-20;Web;Media;ERP;Problema de permisos;Cerrado;Soporte ERP;Fernando Díaz;Corporación Sierra;Huancayo;Externo;24;71.0;No;2;3.0
TCK-02291;2025-12-08;2025-12-08;Web;Alta;CRM;Consulta de cliente;Resuelto;Infraestructura;Jorge Salazar;Corporación Sierra;Huancayo;Interno;8;7.0;Sí;0;5.0
TCK-02292;2025-08-10;2025-08-11;Web;Media;Hardware;Cambio de periférico;Resuelto;Infraestructura;Jorge Salazar;Corporación Sierra;Lima;Externo;24;45.0;No;1;1.0
TCK-02293;2025-04-06;2025-04-07;Web;Media;ERP;Problema de permisos;Resuelto;Soporte ERP;Fernando Díaz;Distribuidora Horizonte;Arequipa;Interno;24;44.0;No;1;3.0
TCK-02294;2025-10-02;2025-10-04;Correo;Media;Accesos;Permisos de usuario;Resuelto;Infraestructura;Jorge Salazar;Inversiones Sur;Cusco;Externo;24;52.0;No;2;2.0
TCK-02295;2025-01-13;2025-01-13;Web;Alta;ERP;Problema de permisos;Resuelto;Mesa de ayuda;Luis Ramos;Comercial Andina;Lima;Externo;8;5.0;Sí;0;5.0
TCK-02296;2025-02-25;2025-03-01;Chat;Baja;Correo;Configuración de Outlook;Resuelto;Infraestructura;Elena Chávez;Retail Norte;Huancayo;Externo;48;119.0;No;4;2.0
TCK-02297;2025-06-29;2025-07-01;Teléfono;Media;ERP;Error en módulo;Resuelto;Aplicaciones;Lucía Herrera;Corporación Sierra;Lima;Interno;24;50.0;No;2;1.0
TCK-02298;2025-01-03;;Teléfono;Alta;ERP;Problema de permisos;En progreso;Infraestructura;Elena Chávez;Distribuidora Horizonte;Cusco;Externo;8;;No aplica;362;
TCK-02299;2025-06-28;2025-06-28;Web;Baja;ERP;Error en módulo;Resuelto;Infraestructura;Elena Chávez;Servicios Lima;Lima;Interno;48;21.0;Sí;0;4.0
TCK-02300;2025-06-24;2025-06-24;Web;Crítica;CRM;Consulta de cliente;Resuelto;Mesa de ayuda;Luis Ramos;Logística Central;Huancayo;Interno;4;7.0;No;0;3.0
TCK-02301;2025-11-26;;Web;Alta;Software;Error de aplicación;En progreso;Seguridad;Ricardo Flores;Retail Norte;Cusco;Interno;8;;No aplica;35;
TCK-02302;2025-07-16;2025-07-16;Correo;Crítica;Accesos;Cuenta bloqueada;Cerrado;Infraestructura;Carlos Medina;Grupo Pacífico;Arequipa;Interno;4;7.0;No;0;3.0
TCK-02303;2025-12-30;2025-12-30;Web;Alta;Accesos;Permisos de usuario;Cerrado;Infraestructura;Jorge Salazar;Logística Central;Lima;Externo;8;17.0;No;0;3.0
TCK-02304;2025-02-17;2025-02-21;Teléfono;Baja;ERP;Problema de permisos;Resuelto;Aplicaciones;Diego Vargas;Distribuidora Horizonte;Arequipa;Interno;48;100.0;No;4;2.0
TCK-02305;2025-10-05;2025-10-06;Chat;Baja;Redes;VPN;Resuelto;Aplicaciones;Patricia León;Logística Central;Arequipa;Interno;48;43.0;Sí;1;5.0
TCK-02306;2025-12-02;2025-12-03;Web;Media;CRM;Problema de sincronización;Resuelto;Aplicaciones;Lucía Herrera;Servicios Lima;Arequipa;Interno;24;41.0;No;1;3.0
TCK-02307;2025-04-28;2025-04-30;Teléfono;Baja;Accesos;Cuenta bloqueada;Resuelto;Infraestructura;Jorge Salazar;Distribuidora Horizonte;Huancayo;Externo;48;58.0;No;2;2.0
TCK-02308;2025-09-23;2025-09-23;Correo;Alta;CRM;Problema de sincronización;Cerrado;Seguridad;Valeria Rojas;Distribuidora Horizonte;Lima;Externo;8;9.0;No;0;1.0
TCK-02309;2025-11-30;2025-12-04;Web;Baja;ERP;Problema de permisos;Resuelto;Aplicaciones;Diego Vargas;Servicios Lima;Trujillo;Externo;48;118.0;No;4;3.0
TCK-02310;2025-01-17;2025-01-20;Web;Baja;Redes;Sin conexión;Cerrado;Aplicaciones;Lucía Herrera;Comercial Andina;Cusco;Interno;48;76.0;No;3;2.0
TCK-02311;2025-07-25;;Web;Media;Accesos;Restablecimiento de contraseña;Abierto;Aplicaciones;Patricia León;Servicios Lima;Cusco;Interno;24;;No aplica;159;
TCK-02312;2025-12-23;2025-12-23;Web;Alta;Software;Actualización fallida;Cerrado;Aplicaciones;Diego Vargas;Inversiones Sur;Lima;Interno;8;19.0;No;0;1.0
TCK-02313;2025-02-02;2025-02-02;Web;Media;Hardware;Falla de impresora;Cancelado;Mesa de ayuda;María Paredes;Grupo Pacífico;Lima;Externo;24;;No aplica;0;
TCK-02314;2025-01-12;;Teléfono;Baja;Software;Instalación de programa;Abierto;Infraestructura;Carlos Medina;Grupo Pacífico;Trujillo;Externo;48;;No aplica;353;
TCK-02315;2025-12-17;2025-12-17;Teléfono;Media;CRM;Problema de sincronización;Cerrado;Soporte ERP;Camila Núñez;Servicios Lima;Lima;Interno;24;18.0;Sí;0;4.0
TCK-02316;2025-05-03;2025-05-03;Teléfono;Media;CRM;Error de registro;Resuelto;Seguridad;Valeria Rojas;Grupo Pacífico;Trujillo;Externo;24;23.0;Sí;0;5.0
TCK-02317;2025-12-12;2025-12-12;Web;Alta;Hardware;Cambio de periférico;Resuelto;Mesa de ayuda;María Paredes;Inversiones Sur;Trujillo;Interno;8;18.0;No;0;1.0
TCK-02318;2025-10-11;2025-10-12;Teléfono;Media;Hardware;Falla de impresora;Resuelto;Seguridad;Ricardo Flores;Retail Norte;Cusco;Interno;24;45.0;No;1;1.0
TCK-02319;2025-02-10;2025-02-14;Web;Baja;CRM;Problema de sincronización;Resuelto;Aplicaciones;Lucía Herrera;Servicios Lima;Trujillo;Interno;48;105.0;No;4;2.0
TCK-02320;2025-03-11;;Web;Media;Accesos;Restablecimiento de contraseña;Abierto;Infraestructura;Jorge Salazar;Logística Central;Trujillo;Interno;24;;No aplica;295;
TCK-02321;2025-03-13;2025-03-15;Teléfono;Media;Redes;VPN;Cerrado;Infraestructura;Jorge Salazar;Logística Central;Lima;Interno;24;58.0;No;2;1.0
TCK-02322;2025-09-21;2025-09-21;Correo;Alta;ERP;Consulta de proceso;Cancelado;Seguridad;Ricardo Flores;Comercial Andina;Cusco;Interno;8;;No aplica;0;
TCK-02323;2025-10-20;2025-10-20;Correo;Media;Hardware;Equipo lento;Resuelto;Soporte ERP;Camila Núñez;Retail Norte;Trujillo;Externo;24;11.0;Sí;0;5.0
TCK-02324;2025-06-21;2025-06-21;Correo;Media;Correo;Configuración de Outlook;Resuelto;Infraestructura;Carlos Medina;Corporación Sierra;Trujillo;Interno;24;16.0;Sí;0;4.0
TCK-02325;2025-04-21;2025-04-21;Correo;Alta;Correo;Configuración de Outlook;Cerrado;Mesa de ayuda;Luis Ramos;Inversiones Sur;Lima;Externo;8;22.0;No;0;1.0
TCK-02326;2025-01-30;;Correo;Media;Redes;VPN;En progreso;Mesa de ayuda;María Paredes;Grupo Pacífico;Cusco;Interno;24;;No aplica;335;
TCK-02327;2025-05-02;2025-05-02;Correo;Alta;CRM;Problema de sincronización;Resuelto;Seguridad;Valeria Rojas;Distribuidora Horizonte;Huancayo;Interno;8;5.0;Sí;0;5.0
TCK-02328;2025-05-30;2025-06-01;Web;Media;Software;Error de aplicación;Resuelto;Soporte ERP;Fernando Díaz;Logística Central;Huancayo;Externo;24;51.0;No;2;1.0
TCK-02329;2025-02-13;2025-02-13;Chat;Media;ERP;Problema de permisos;Cerrado;Seguridad;Valeria Rojas;Retail Norte;Lima;Externo;24;6.0;Sí;0;5.0
TCK-02330;2025-03-17;2025-03-17;Teléfono;Alta;Accesos;Cuenta bloqueada;Resuelto;Infraestructura;Jorge Salazar;Inversiones Sur;Lima;Externo;8;8.0;Sí;0;4.0
TCK-02331;2025-09-18;2025-09-19;Correo;Media;Hardware;Cambio de periférico;Resuelto;Mesa de ayuda;María Paredes;Distribuidora Horizonte;Huancayo;Interno;24;24.0;Sí;1;4.0
TCK-02332;2025-10-31;2025-10-31;Web;Media;CRM;Problema de sincronización;Cerrado;Seguridad;Ricardo Flores;Distribuidora Horizonte;Trujillo;Externo;24;18.0;Sí;0;4.0
TCK-02333;2025-07-03;2025-07-03;Correo;Media;Hardware;Falla de impresora;Resuelto;Aplicaciones;Diego Vargas;Retail Norte;Arequipa;Interno;24;11.0;Sí;0;5.0
TCK-02334;2025-05-21;2025-05-21;Correo;Crítica;Hardware;Equipo lento;Cancelado;Seguridad;Ricardo Flores;Distribuidora Horizonte;Cusco;Interno;4;;No aplica;0;
TCK-02335;2025-06-08;;Web;Baja;Redes;Lentitud de red;En progreso;Seguridad;Valeria Rojas;Corporación Sierra;Lima;Interno;48;;No aplica;206;
TCK-02336;2025-11-29;2025-11-29;Teléfono;Alta;ERP;Error en módulo;Resuelto;Aplicaciones;Diego Vargas;Distribuidora Horizonte;Arequipa;Externo;8;22.0;No;0;1.0
TCK-02337;2025-10-02;2025-10-02;Teléfono;Alta;Correo;Configuración de Outlook;Cerrado;Mesa de ayuda;Ana Torres;Retail Norte;Huancayo;Interno;8;16.0;No;0;1.0
TCK-02338;2025-02-06;;Correo;Baja;Software;Instalación de programa;Abierto;Seguridad;Ricardo Flores;Retail Norte;Cusco;Externo;48;;No aplica;328;
TCK-02339;2025-03-23;2025-03-23;Correo;Alta;Correo;No recibe correos;Resuelto;Aplicaciones;Patricia León;Grupo Pacífico;Lima;Interno;8;23.0;No;0;3.0
TCK-02340;2025-02-09;2025-02-12;Chat;Media;ERP;Problema de permisos;Resuelto;Seguridad;Ricardo Flores;Corporación Sierra;Lima;Interno;24;72.0;No;3;3.0
TCK-02341;2025-12-13;2025-12-13;Teléfono;Alta;Accesos;Restablecimiento de contraseña;Cerrado;Seguridad;Ricardo Flores;Distribuidora Horizonte;Cusco;Externo;8;22.0;No;0;2.0
TCK-02342;2025-08-08;;Web;Crítica;Software;Error de aplicación;Abierto;Aplicaciones;Lucía Herrera;Retail Norte;Lima;Externo;4;;No aplica;145;
TCK-02343;2025-01-05;;Web;Media;Redes;Sin conexión;En progreso;Soporte ERP;Camila Núñez;Retail Norte;Huancayo;Interno;24;;No aplica;360;
TCK-02344;2025-08-23;2025-08-24;Correo;Media;CRM;Consulta de cliente;Cerrado;Mesa de ayuda;María Paredes;Logística Central;Arequipa;Externo;24;37.0;No;1;2.0
TCK-02345;2025-08-04;2025-08-04;Web;Alta;Redes;VPN;Resuelto;Mesa de ayuda;María Paredes;Grupo Pacífico;Trujillo;Externo;8;17.0;No;0;1.0
TCK-02346;2025-05-01;2025-05-03;Web;Media;ERP;Problema de permisos;Cerrado;Soporte ERP;Camila Núñez;Grupo Pacífico;Trujillo;Interno;24;49.0;No;2;2.0
TCK-02347;2025-02-24;2025-02-26;Correo;Media;CRM;Problema de sincronización;Cerrado;Soporte ERP;Fernando Díaz;Comercial Andina;Arequipa;Externo;24;67.0;No;2;1.0
TCK-02348;2025-08-23;2025-08-24;Correo;Media;Accesos;Cuenta bloqueada;Cerrado;Aplicaciones;Patricia León;Grupo Pacífico;Huancayo;Interno;24;40.0;No;1;3.0
TCK-02349;2025-07-14;2025-07-15;Chat;Media;Accesos;Restablecimiento de contraseña;Cerrado;Seguridad;Valeria Rojas;Servicios Lima;Huancayo;Interno;24;41.0;No;1;3.0
TCK-02350;2025-02-26;2025-02-27;Correo;Media;ERP;Consulta de proceso;Cerrado;Infraestructura;Elena Chávez;Retail Norte;Arequipa;Interno;24;41.0;No;1;3.0
TCK-02351;2025-04-27;2025-04-29;Correo;Media;Accesos;Restablecimiento de contraseña;Resuelto;Seguridad;Valeria Rojas;Distribuidora Horizonte;Lima;Externo;24;53.0;No;2;2.0
TCK-02352;2025-07-13;2025-07-14;Web;Media;Accesos;Restablecimiento de contraseña;Resuelto;Infraestructura;Jorge Salazar;Servicios Lima;Lima;Interno;24;39.0;No;1;3.0
TCK-02353;2025-04-23;2025-04-23;Web;Media;Accesos;Cuenta bloqueada;Resuelto;Infraestructura;Elena Chávez;Retail Norte;Arequipa;Interno;24;22.0;Sí;0;4.0
TCK-02354;2025-12-05;;Web;Media;Redes;Lentitud de red;Abierto;Infraestructura;Jorge Salazar;Retail Norte;Lima;Externo;24;;No aplica;26;
TCK-02355;2025-01-26;;Web;Baja;Hardware;Equipo lento;En progreso;Soporte ERP;Camila Núñez;Grupo Pacífico;Huancayo;Interno;48;;No aplica;339;
TCK-02356;2025-05-24;;Web;Media;Correo;No recibe correos;Abierto;Seguridad;Valeria Rojas;Comercial Andina;Trujillo;Externo;24;;No aplica;221;
TCK-02357;2025-12-13;2025-12-13;Web;Media;ERP;Problema de permisos;Cerrado;Aplicaciones;Lucía Herrera;Distribuidora Horizonte;Arequipa;Externo;24;11.0;Sí;0;5.0
TCK-02358;2025-03-24;2025-03-24;Chat;Alta;Hardware;Falla de impresora;Resuelto;Soporte ERP;Camila Núñez;Inversiones Sur;Trujillo;Externo;8;18.0;No;0;3.0
TCK-02359;2025-02-18;;Web;Media;Hardware;Falla de impresora;Abierto;Mesa de ayuda;Luis Ramos;Servicios Lima;Arequipa;Externo;24;;No aplica;316;
TCK-02360;2025-05-05;2025-05-07;Correo;Media;Software;Actualización fallida;Cerrado;Seguridad;Valeria Rojas;Inversiones Sur;Trujillo;Interno;24;57.0;No;2;1.0
TCK-02361;2025-08-03;;Web;Media;Correo;Configuración de Outlook;En progreso;Mesa de ayuda;Ana Torres;Servicios Lima;Cusco;Interno;24;;No aplica;150;
TCK-02362;2025-07-20;2025-07-22;Web;Baja;Hardware;Equipo lento;Resuelto;Mesa de ayuda;Luis Ramos;Retail Norte;Trujillo;Externo;48;52.0;No;2;1.0
TCK-02363;2025-12-16;;Teléfono;Alta;ERP;Error en módulo;En progreso;Seguridad;Ricardo Flores;Servicios Lima;Lima;Externo;8;;No aplica;15;
TCK-02364;2025-11-11;2025-11-12;Chat;Media;CRM;Error de registro;Resuelto;Aplicaciones;Lucía Herrera;Comercial Andina;Huancayo;Externo;24;24.0;Sí;1;5.0
TCK-02365;2025-06-01;2025-06-05;Web;Baja;Redes;Lentitud de red;Resuelto;Seguridad;Ricardo Flores;Retail Norte;Huancayo;Externo;48;116.0;No;4;2.0
TCK-02366;2025-04-22;2025-04-22;Web;Alta;CRM;Problema de sincronización;Cerrado;Mesa de ayuda;Luis Ramos;Logística Central;Lima;Interno;8;12.0;No;0;3.0
TCK-02367;2025-02-04;2025-02-08;Web;Baja;CRM;Problema de sincronización;Cerrado;Seguridad;Valeria Rojas;Grupo Pacífico;Lima;Interno;48;98.0;No;4;1.0
TCK-02368;2025-07-27;2025-07-27;Teléfono;Alta;Software;Actualización fallida;Resuelto;Soporte ERP;Camila Núñez;Inversiones Sur;Arequipa;Interno;8;8.0;Sí;0;5.0
TCK-02369;2025-06-12;;Correo;Media;Hardware;Cambio de periférico;En progreso;Infraestructura;Carlos Medina;Distribuidora Horizonte;Cusco;Externo;24;;No aplica;202;
TCK-02370;2025-09-24;2025-09-24;Teléfono;Media;Hardware;Cambio de periférico;Cancelado;Soporte ERP;Camila Núñez;Logística Central;Arequipa;Externo;24;;No aplica;0;
TCK-02371;2025-11-19;2025-11-20;Correo;Media;ERP;Problema de permisos;Resuelto;Soporte ERP;Fernando Díaz;Retail Norte;Trujillo;Externo;24;28.0;No;1;2.0
TCK-02372;2025-11-30;2025-12-01;Chat;Baja;Correo;No recibe correos;Resuelto;Mesa de ayuda;Ana Torres;Servicios Lima;Cusco;Externo;48;32.0;Sí;1;5.0
TCK-02373;2025-08-20;;Correo;Media;ERP;Error en módulo;En progreso;Aplicaciones;Patricia León;Grupo Pacífico;Arequipa;Interno;24;;No aplica;133;
TCK-02374;2025-11-30;2025-11-30;Correo;Alta;Redes;Sin conexión;Cerrado;Soporte ERP;Fernando Díaz;Comercial Andina;Trujillo;Interno;8;7.0;Sí;0;4.0
TCK-02375;2025-08-11;;Correo;Baja;Correo;No recibe correos;Abierto;Aplicaciones;Diego Vargas;Logística Central;Huancayo;Externo;48;;No aplica;142;
TCK-02376;2025-10-11;2025-10-11;Chat;Alta;ERP;Error en módulo;Resuelto;Infraestructura;Elena Chávez;Logística Central;Huancayo;Externo;8;2.0;Sí;0;5.0
TCK-02377;2025-08-13;2025-08-14;Web;Media;Hardware;Cambio de periférico;Cerrado;Soporte ERP;Camila Núñez;Retail Norte;Arequipa;Externo;24;39.0;No;1;1.0
TCK-02378;2025-11-10;2025-11-10;Teléfono;Alta;Redes;Sin conexión;Resuelto;Soporte ERP;Fernando Díaz;Servicios Lima;Trujillo;Interno;8;12.0;No;0;2.0
TCK-02379;2025-11-22;2025-11-22;Correo;Baja;ERP;Problema de permisos;Cancelado;Soporte ERP;Fernando Díaz;Grupo Pacífico;Trujillo;Interno;48;;No aplica;0;
TCK-02380;2025-02-06;2025-02-06;Correo;Alta;Correo;Error de envío;Resuelto;Infraestructura;Elena Chávez;Grupo Pacífico;Lima;Interno;8;9.0;No;0;2.0
TCK-02381;2025-07-15;2025-07-18;Teléfono;Media;Accesos;Cuenta bloqueada;Resuelto;Infraestructura;Carlos Medina;Inversiones Sur;Huancayo;Interno;24;72.0;No;3;2.0
TCK-02382;2025-02-17;;Web;Alta;CRM;Consulta de cliente;Abierto;Infraestructura;Elena Chávez;Comercial Andina;Cusco;Interno;8;;No aplica;317;
TCK-02383;2025-06-06;2025-06-07;Correo;Media;Redes;Sin conexión;Cerrado;Seguridad;Valeria Rojas;Grupo Pacífico;Cusco;Interno;24;38.0;No;1;2.0
TCK-02384;2025-04-08;2025-04-08;Correo;Alta;Correo;No recibe correos;Resuelto;Infraestructura;Jorge Salazar;Servicios Lima;Trujillo;Externo;8;5.0;Sí;0;5.0
TCK-02385;2025-08-12;;Chat;Alta;Accesos;Permisos de usuario;Abierto;Aplicaciones;Patricia León;Logística Central;Huancayo;Interno;8;;No aplica;141;
TCK-02386;2025-07-16;2025-07-19;Chat;Baja;Redes;Sin conexión;Resuelto;Seguridad;Valeria Rojas;Servicios Lima;Arequipa;Interno;48;81.0;No;3;2.0
TCK-02387;2025-03-25;2025-03-26;Chat;Baja;Correo;Configuración de Outlook;Resuelto;Aplicaciones;Lucía Herrera;Logística Central;Trujillo;Interno;48;39.0;Sí;1;5.0
TCK-02388;2025-11-06;2025-11-07;Chat;Media;Redes;Lentitud de red;Resuelto;Mesa de ayuda;Luis Ramos;Corporación Sierra;Arequipa;Interno;24;37.0;No;1;2.0
TCK-02389;2025-03-05;;Teléfono;Media;CRM;Consulta de cliente;Abierto;Soporte ERP;Camila Núñez;Logística Central;Huancayo;Externo;24;;No aplica;301;
TCK-02390;2025-04-19;2025-04-22;Chat;Baja;Correo;Configuración de Outlook;Cerrado;Seguridad;Valeria Rojas;Corporación Sierra;Trujillo;Externo;48;83.0;No;3;3.0
TCK-02391;2025-11-09;2025-11-11;Web;Media;Hardware;Falla de impresora;Resuelto;Mesa de ayuda;Luis Ramos;Comercial Andina;Lima;Externo;24;60.0;No;2;1.0
TCK-02392;2025-02-11;2025-02-15;Correo;Baja;Redes;Lentitud de red;Cerrado;Seguridad;Ricardo Flores;Inversiones Sur;Trujillo;Externo;48;114.0;No;4;2.0
TCK-02393;2025-08-03;2025-08-05;Web;Media;Hardware;Cambio de periférico;Resuelto;Soporte ERP;Camila Núñez;Comercial Andina;Lima;Externo;24;66.0;No;2;3.0
TCK-02394;2025-05-30;2025-05-30;Correo;Baja;Software;Instalación de programa;Resuelto;Infraestructura;Jorge Salazar;Corporación Sierra;Cusco;Externo;48;10.0;Sí;0;5.0
TCK-02395;2025-06-15;2025-06-15;Teléfono;Crítica;Accesos;Permisos de usuario;Resuelto;Soporte ERP;Fernando Díaz;Distribuidora Horizonte;Arequipa;Externo;4;1.0;Sí;0;4.0
TCK-02396;2025-12-31;;Teléfono;Alta;Correo;Error de envío;En progreso;Mesa de ayuda;Luis Ramos;Grupo Pacífico;Arequipa;Externo;8;;No aplica;0;
TCK-02397;2025-03-05;;Correo;Crítica;Hardware;Cambio de periférico;En progreso;Infraestructura;Elena Chávez;Inversiones Sur;Trujillo;Externo;4;;No aplica;301;
TCK-02398;2025-03-30;2025-04-03;Teléfono;Baja;CRM;Error de registro;Resuelto;Seguridad;Ricardo Flores;Logística Central;Cusco;Interno;48;105.0;No;4;3.0
TCK-02399;2025-07-28;2025-07-28;Chat;Baja;Software;Instalación de programa;Resuelto;Soporte ERP;Camila Núñez;Servicios Lima;Lima;Interno;48;10.0;Sí;0;4.0
TCK-02400;2025-03-14;2025-03-14;Web;Media;Hardware;Cambio de periférico;Resuelto;Infraestructura;Carlos Medina;Logística Central;Cusco;Externo;24;22.0;Sí;0;5.0
TCK-02401;2025-08-24;2025-08-26;Web;Media;Software;Instalación de programa;Resuelto;Aplicaciones;Diego Vargas;Grupo Pacífico;Lima;Interno;24;58.0;No;2;1.0
TCK-02402;2025-05-10;2025-05-10;Correo;Alta;Redes;VPN;Resuelto;Soporte ERP;Camila Núñez;Servicios Lima;Huancayo;Interno;8;19.0;No;0;1.0
TCK-02403;2025-12-12;2025-12-12;Chat;Alta;ERP;Consulta de proceso;Resuelto;Mesa de ayuda;Luis Ramos;Comercial Andina;Trujillo;Interno;8;5.0;Sí;0;5.0
TCK-02404;2025-06-04;2025-06-06;Correo;Media;Accesos;Restablecimiento de contraseña;Resuelto;Seguridad;Ricardo Flores;Corporación Sierra;Huancayo;Externo;24;60.0;No;2;3.0
TCK-02405;2025-06-10;2025-06-11;Teléfono;Media;Correo;Configuración de Outlook;Cerrado;Seguridad;Valeria Rojas;Logística Central;Trujillo;Externo;24;38.0;No;1;3.0
TCK-02406;2025-05-27;2025-05-31;Teléfono;Baja;ERP;Consulta de proceso;Cerrado;Infraestructura;Elena Chávez;Inversiones Sur;Huancayo;Externo;48;103.0;No;4;2.0
TCK-02407;2025-05-10;2025-05-10;Chat;Baja;CRM;Error de registro;Cancelado;Seguridad;Valeria Rojas;Distribuidora Horizonte;Trujillo;Externo;48;;No aplica;0;
TCK-02408;2025-01-13;2025-01-13;Correo;Alta;Accesos;Permisos de usuario;Cancelado;Seguridad;Valeria Rojas;Retail Norte;Arequipa;Externo;8;;No aplica;0;
TCK-02409;2025-04-13;2025-04-13;Correo;Crítica;CRM;Error de registro;Cerrado;Infraestructura;Carlos Medina;Comercial Andina;Lima;Interno;4;10.0;No;0;2.0
TCK-02410;2025-01-18;2025-01-19;Teléfono;Media;Correo;No recibe correos;Resuelto;Infraestructura;Elena Chávez;Logística Central;Arequipa;Externo;24;35.0;No;1;3.0
TCK-02411;2025-06-20;;Teléfono;Media;Software;Error de aplicación;En progreso;Infraestructura;Jorge Salazar;Corporación Sierra;Lima;Interno;24;;No aplica;194;
TCK-02412;2025-01-19;2025-01-19;Correo;Crítica;ERP;Error en módulo;Cancelado;Mesa de ayuda;Ana Torres;Servicios Lima;Arequipa;Externo;4;;No aplica;0;
TCK-02413;2025-02-09;2025-02-10;Correo;Media;Correo;Configuración de Outlook;Resuelto;Seguridad;Valeria Rojas;Retail Norte;Lima;Interno;24;44.0;No;1;3.0
TCK-02414;2025-04-21;2025-04-23;Teléfono;Media;Accesos;Permisos de usuario;Cerrado;Mesa de ayuda;Luis Ramos;Logística Central;Trujillo;Externo;24;58.0;No;2;1.0
TCK-02415;2025-09-19;2025-09-21;Web;Media;ERP;Error en módulo;Resuelto;Aplicaciones;Lucía Herrera;Distribuidora Horizonte;Cusco;Externo;24;55.0;No;2;3.0
TCK-02416;2025-11-30;2025-12-02;Chat;Baja;Software;Actualización fallida;Resuelto;Soporte ERP;Fernando Díaz;Inversiones Sur;Huancayo;Externo;48;59.0;No;2;2.0
TCK-02417;2025-11-04;2025-11-04;Web;Crítica;Hardware;Falla de impresora;Resuelto;Infraestructura;Elena Chávez;Servicios Lima;Huancayo;Interno;4;12.0;No;0;1.0
TCK-02418;2025-10-22;2025-10-23;Teléfono;Media;CRM;Error de registro;Cerrado;Aplicaciones;Diego Vargas;Distribuidora Horizonte;Huancayo;Externo;24;26.0;No;1;1.0
TCK-02419;2025-02-04;;Correo;Media;Hardware;Cambio de periférico;En progreso;Seguridad;Valeria Rojas;Comercial Andina;Arequipa;Externo;24;;No aplica;330;
TCK-02420;2025-06-07;2025-06-07;Web;Alta;CRM;Error de registro;Resuelto;Aplicaciones;Diego Vargas;Inversiones Sur;Huancayo;Externo;8;16.0;No;0;2.0
TCK-02421;2025-06-04;2025-06-04;Teléfono;Crítica;Redes;VPN;Resuelto;Mesa de ayuda;Ana Torres;Grupo Pacífico;Huancayo;Externo;4;11.0;No;0;1.0
TCK-02422;2025-07-02;2025-07-02;Chat;Media;ERP;Consulta de proceso;Cerrado;Seguridad;Valeria Rojas;Distribuidora Horizonte;Trujillo;Externo;24;16.0;Sí;0;4.0
TCK-02423;2025-02-16;;Chat;Baja;ERP;Error en módulo;Abierto;Mesa de ayuda;Ana Torres;Inversiones Sur;Cusco;Externo;48;;No aplica;318;
TCK-02424;2025-04-11;2025-04-14;Correo;Baja;Redes;Lentitud de red;Resuelto;Mesa de ayuda;Luis Ramos;Servicios Lima;Cusco;Externo;48;89.0;No;3;1.0
TCK-02425;2025-12-22;2025-12-24;Correo;Media;Correo;Configuración de Outlook;Resuelto;Mesa de ayuda;María Paredes;Logística Central;Lima;Interno;24;52.0;No;2;2.0
TCK-02426;2025-07-04;2025-07-04;Teléfono;Baja;Hardware;Falla de impresora;Cancelado;Seguridad;Valeria Rojas;Grupo Pacífico;Huancayo;Interno;48;;No aplica;0;
TCK-02427;2025-10-28;2025-10-28;Correo;Media;Hardware;Cambio de periférico;Cancelado;Mesa de ayuda;María Paredes;Comercial Andina;Huancayo;Interno;24;;No aplica;0;
TCK-02428;2025-07-17;2025-07-17;Correo;Alta;CRM;Error de registro;Resuelto;Aplicaciones;Patricia León;Retail Norte;Cusco;Externo;8;20.0;No;0;2.0
TCK-02429;2025-05-04;2025-05-05;Chat;Baja;ERP;Error en módulo;Cerrado;Infraestructura;Carlos Medina;Inversiones Sur;Huancayo;Externo;48;32.0;Sí;1;5.0
TCK-02430;2025-02-16;2025-02-16;Chat;Alta;Software;Error de aplicación;Resuelto;Mesa de ayuda;Luis Ramos;Inversiones Sur;Arequipa;Interno;8;3.0;Sí;0;4.0
TCK-02431;2025-06-14;2025-06-14;Correo;Alta;Redes;Sin conexión;Cerrado;Seguridad;Valeria Rojas;Retail Norte;Lima;Interno;8;21.0;No;0;3.0
TCK-02432;2025-07-28;2025-07-29;Web;Media;Redes;VPN;Resuelto;Seguridad;Valeria Rojas;Corporación Sierra;Huancayo;Externo;24;45.0;No;1;2.0
TCK-02433;2025-03-03;;Teléfono;Media;Correo;No recibe correos;En progreso;Infraestructura;Jorge Salazar;Logística Central;Arequipa;Interno;24;;No aplica;303;
TCK-02434;2025-01-29;2025-01-29;Web;Media;ERP;Error en módulo;Cerrado;Mesa de ayuda;Luis Ramos;Retail Norte;Trujillo;Externo;24;15.0;Sí;0;4.0
TCK-02435;2025-01-31;2025-02-02;Chat;Baja;ERP;Problema de permisos;Cerrado;Infraestructura;Carlos Medina;Logística Central;Huancayo;Interno;48;59.0;No;2;3.0
TCK-02436;2025-03-14;;Web;Media;ERP;Error en módulo;En progreso;Seguridad;Valeria Rojas;Corporación Sierra;Huancayo;Externo;24;;No aplica;292;
TCK-02437;2025-11-13;;Web;Media;Correo;No recibe correos;En progreso;Aplicaciones;Diego Vargas;Retail Norte;Lima;Interno;24;;No aplica;48;
TCK-02438;2025-06-26;2025-06-26;Web;Alta;ERP;Problema de permisos;Cerrado;Aplicaciones;Diego Vargas;Grupo Pacífico;Huancayo;Externo;8;3.0;Sí;0;4.0
TCK-02439;2025-03-22;2025-03-22;Correo;Crítica;Accesos;Permisos de usuario;Resuelto;Soporte ERP;Camila Núñez;Distribuidora Horizonte;Huancayo;Externo;4;4.0;Sí;0;5.0
TCK-02440;2025-03-04;2025-03-04;Correo;Media;Software;Actualización fallida;Resuelto;Mesa de ayuda;Luis Ramos;Comercial Andina;Huancayo;Externo;24;6.0;Sí;0;5.0
TCK-02441;2025-01-23;2025-01-23;Correo;Crítica;CRM;Error de registro;Cerrado;Aplicaciones;Patricia León;Corporación Sierra;Arequipa;Externo;4;8.0;No;0;2.0
TCK-02442;2025-08-19;2025-08-19;Chat;Media;Redes;Sin conexión;Cancelado;Soporte ERP;Fernando Díaz;Logística Central;Lima;Externo;24;;No aplica;0;
TCK-02443;2025-07-20;;Chat;Alta;Accesos;Permisos de usuario;Abierto;Aplicaciones;Diego Vargas;Grupo Pacífico;Huancayo;Externo;8;;No aplica;164;
TCK-02444;2025-09-29;2025-09-29;Web;Media;Accesos;Permisos de usuario;Cerrado;Seguridad;Ricardo Flores;Retail Norte;Huancayo;Externo;24;10.0;Sí;0;5.0
TCK-02445;2025-11-28;2025-11-28;Correo;Baja;Hardware;Equipo lento;Cerrado;Mesa de ayuda;María Paredes;Servicios Lima;Cusco;Externo;48;9.0;Sí;0;5.0
TCK-02446;2025-09-04;2025-09-04;Teléfono;Alta;Hardware;Cambio de periférico;Cerrado;Soporte ERP;Fernando Díaz;Servicios Lima;Cusco;Interno;8;8.0;Sí;0;5.0
TCK-02447;2025-03-04;2025-03-05;Teléfono;Media;Correo;Configuración de Outlook;Cerrado;Aplicaciones;Lucía Herrera;Servicios Lima;Cusco;Interno;24;41.0;No;1;2.0
TCK-02448;2025-02-07;;Web;Baja;CRM;Consulta de cliente;En progreso;Mesa de ayuda;Luis Ramos;Servicios Lima;Arequipa;Externo;48;;No aplica;327;
TCK-02449;2025-03-07;2025-03-08;Web;Media;ERP;Consulta de proceso;Cerrado;Seguridad;Ricardo Flores;Comercial Andina;Cusco;Externo;24;32.0;No;1;1.0
TCK-02450;2025-12-03;2025-12-03;Teléfono;Media;Redes;Lentitud de red;Cerrado;Soporte ERP;Camila Núñez;Corporación Sierra;Arequipa;Externo;24;23.0;Sí;0;4.0
TCK-02451;2025-07-08;2025-07-09;Teléfono;Baja;Software;Error de aplicación;Resuelto;Soporte ERP;Fernando Díaz;Comercial Andina;Lima;Interno;48;27.0;Sí;1;4.0
TCK-02452;2025-07-11;2025-07-13;Correo;Media;Redes;VPN;Resuelto;Soporte ERP;Camila Núñez;Corporación Sierra;Trujillo;Externo;24;67.0;No;2;3.0
TCK-02453;2025-01-10;2025-01-12;Web;Media;Correo;No recibe correos;Resuelto;Seguridad;Valeria Rojas;Logística Central;Cusco;Externo;24;64.0;No;2;2.0
TCK-02454;2025-03-17;;Correo;Media;Accesos;Permisos de usuario;En progreso;Aplicaciones;Lucía Herrera;Inversiones Sur;Cusco;Interno;24;;No aplica;289;
TCK-02455;2025-09-15;2025-09-16;Teléfono;Media;Accesos;Permisos de usuario;Resuelto;Mesa de ayuda;María Paredes;Retail Norte;Arequipa;Externo;24;24.0;Sí;1;5.0
TCK-02456;2025-08-16;2025-08-16;Correo;Alta;Hardware;Cambio de periférico;Cerrado;Soporte ERP;Camila Núñez;Corporación Sierra;Arequipa;Externo;8;9.0;No;0;2.0
TCK-02457;2025-11-10;;Web;Baja;Redes;Lentitud de red;Abierto;Seguridad;Valeria Rojas;Retail Norte;Cusco;Externo;48;;No aplica;51;
TCK-02458;2025-08-14;2025-08-14;Web;Media;Hardware;Equipo lento;Cerrado;Soporte ERP;Fernando Díaz;Inversiones Sur;Cusco;Interno;24;11.0;Sí;0;4.0
TCK-02459;2025-07-22;;Teléfono;Baja;ERP;Consulta de proceso;Abierto;Soporte ERP;Camila Núñez;Grupo Pacífico;Huancayo;Externo;48;;No aplica;162;
TCK-02460;2025-03-16;2025-03-16;Correo;Alta;ERP;Error en módulo;Resuelto;Aplicaciones;Lucía Herrera;Grupo Pacífico;Trujillo;Externo;8;15.0;No;0;3.0
TCK-02461;2025-01-25;;Web;Media;ERP;Problema de permisos;En progreso;Mesa de ayuda;Ana Torres;Comercial Andina;Arequipa;Interno;24;;No aplica;340;
TCK-02462;2025-04-15;;Correo;Media;CRM;Problema de sincronización;Abierto;Infraestructura;Jorge Salazar;Servicios Lima;Arequipa;Externo;24;;No aplica;260;
TCK-02463;2025-07-24;2025-07-24;Chat;Media;Redes;VPN;Cerrado;Aplicaciones;Diego Vargas;Comercial Andina;Arequipa;Interno;24;23.0;Sí;0;5.0
TCK-02464;2025-01-21;2025-01-22;Web;Media;ERP;Consulta de proceso;Cerrado;Infraestructura;Jorge Salazar;Grupo Pacífico;Lima;Externo;24;30.0;No;1;2.0
TCK-02465;2025-12-23;2025-12-23;Chat;Alta;Hardware;Cambio de periférico;Resuelto;Infraestructura;Elena Chávez;Inversiones Sur;Trujillo;Externo;8;22.0;No;0;3.0
TCK-02466;2025-03-20;;Teléfono;Media;Hardware;Falla de impresora;Abierto;Aplicaciones;Lucía Herrera;Servicios Lima;Cusco;Interno;24;;No aplica;286;
TCK-02467;2025-01-11;2025-01-12;Teléfono;Media;Correo;No recibe correos;Cerrado;Mesa de ayuda;Ana Torres;Corporación Sierra;Huancayo;Externo;24;37.0;No;1;1.0
TCK-02468;2025-11-07;2025-11-09;Web;Media;Redes;Lentitud de red;Resuelto;Seguridad;Ricardo Flores;Distribuidora Horizonte;Cusco;Interno;24;65.0;No;2;2.0
TCK-02469;2025-02-12;2025-02-14;Teléfono;Baja;Hardware;Cambio de periférico;Resuelto;Soporte ERP;Fernando Díaz;Distribuidora Horizonte;Trujillo;Externo;48;55.0;No;2;1.0
TCK-02470;2025-03-20;2025-03-22;Web;Media;CRM;Problema de sincronización;Resuelto;Soporte ERP;Fernando Díaz;Inversiones Sur;Huancayo;Interno;24;58.0;No;2;2.0
TCK-02471;2025-11-14;2025-11-16;Web;Media;Software;Actualización fallida;Resuelto;Aplicaciones;Lucía Herrera;Distribuidora Horizonte;Arequipa;Externo;24;60.0;No;2;2.0
TCK-02472;2025-06-29;2025-06-30;Web;Media;Accesos;Restablecimiento de contraseña;Cerrado;Aplicaciones;Diego Vargas;Logística Central;Cusco;Externo;24;30.0;No;1;3.0
TCK-02473;2025-06-06;2025-06-07;Correo;Baja;ERP;Consulta de proceso;Resuelto;Mesa de ayuda;Luis Ramos;Corporación Sierra;Cusco;Interno;48;26.0;Sí;1;4.0
TCK-02474;2025-10-26;2025-10-28;Correo;Media;Accesos;Permisos de usuario;Cerrado;Infraestructura;Jorge Salazar;Retail Norte;Arequipa;Interno;24;50.0;No;2;3.0
TCK-02475;2025-08-26;2025-08-30;Web;Baja;Hardware;Equipo lento;Resuelto;Aplicaciones;Lucía Herrera;Logística Central;Trujillo;Externo;48;117.0;No;4;1.0
TCK-02476;2025-05-28;2025-05-28;Web;Alta;CRM;Consulta de cliente;Resuelto;Aplicaciones;Lucía Herrera;Distribuidora Horizonte;Huancayo;Interno;8;13.0;No;0;2.0
TCK-02477;2025-08-28;;Chat;Media;Software;Instalación de programa;En progreso;Aplicaciones;Lucía Herrera;Distribuidora Horizonte;Arequipa;Interno;24;;No aplica;125;
TCK-02478;2025-07-21;2025-07-23;Web;Baja;Software;Actualización fallida;Resuelto;Aplicaciones;Patricia León;Servicios Lima;Huancayo;Externo;48;55.0;No;2;2.0
TCK-02479;2025-10-10;2025-10-13;Correo;Baja;CRM;Problema de sincronización;Cerrado;Seguridad;Valeria Rojas;Distribuidora Horizonte;Arequipa;Interno;48;91.0;No;3;2.0
TCK-02480;2025-07-26;2025-07-27;Correo;Baja;CRM;Problema de sincronización;Cerrado;Mesa de ayuda;Ana Torres;Corporación Sierra;Huancayo;Interno;48;35.0;Sí;1;5.0
TCK-02481;2025-08-16;;Correo;Crítica;Accesos;Cuenta bloqueada;Abierto;Seguridad;Ricardo Flores;Logística Central;Trujillo;Externo;4;;No aplica;137;
TCK-02482;2025-12-22;2025-12-22;Correo;Alta;ERP;Consulta de proceso;Resuelto;Soporte ERP;Camila Núñez;Comercial Andina;Cusco;Interno;8;17.0;No;0;2.0
TCK-02483;2025-07-10;;Teléfono;Media;Hardware;Equipo lento;En progreso;Soporte ERP;Camila Núñez;Retail Norte;Lima;Interno;24;;No aplica;174;
TCK-02484;2025-08-24;2025-08-24;Correo;Media;Hardware;Equipo lento;Resuelto;Seguridad;Ricardo Flores;Corporación Sierra;Trujillo;Externo;24;8.0;Sí;0;5.0
TCK-02485;2025-10-06;2025-10-07;Web;Media;Redes;VPN;Cerrado;Mesa de ayuda;Luis Ramos;Grupo Pacífico;Lima;Externo;24;34.0;No;1;3.0
TCK-02486;2025-10-09;2025-10-10;Teléfono;Baja;Accesos;Cuenta bloqueada;Resuelto;Infraestructura;Jorge Salazar;Servicios Lima;Trujillo;Externo;48;38.0;Sí;1;5.0
TCK-02487;2025-12-11;2025-12-12;Teléfono;Media;Hardware;Falla de impresora;Resuelto;Mesa de ayuda;Luis Ramos;Grupo Pacífico;Huancayo;Interno;24;38.0;No;1;1.0
TCK-02488;2025-04-20;;Correo;Media;Software;Actualización fallida;Abierto;Mesa de ayuda;Ana Torres;Logística Central;Huancayo;Interno;24;;No aplica;255;
TCK-02489;2025-11-06;;Web;Baja;ERP;Consulta de proceso;En progreso;Soporte ERP;Fernando Díaz;Corporación Sierra;Trujillo;Interno;48;;No aplica;55;
TCK-02490;2025-06-10;2025-06-13;Web;Baja;Accesos;Restablecimiento de contraseña;Resuelto;Aplicaciones;Lucía Herrera;Comercial Andina;Huancayo;Interno;48;93.0;No;3;1.0
TCK-02491;2025-08-22;2025-08-22;Teléfono;Alta;ERP;Consulta de proceso;Resuelto;Aplicaciones;Lucía Herrera;Grupo Pacífico;Trujillo;Interno;8;18.0;No;0;1.0
TCK-02492;2025-06-25;2025-06-27;Correo;Baja;ERP;Consulta de proceso;Resuelto;Soporte ERP;Camila Núñez;Retail Norte;Huancayo;Externo;48;62.0;No;2;3.0
TCK-02493;2025-02-23;;Correo;Alta;Software;Error de aplicación;En progreso;Mesa de ayuda;Luis Ramos;Grupo Pacífico;Arequipa;Interno;8;;No aplica;311;
TCK-02494;2025-07-13;2025-07-13;Correo;Alta;ERP;Problema de permisos;Resuelto;Soporte ERP;Fernando Díaz;Inversiones Sur;Cusco;Externo;8;14.0;No;0;2.0
TCK-02495;2025-08-20;2025-08-21;Chat;Media;Redes;Lentitud de red;Resuelto;Infraestructura;Carlos Medina;Inversiones Sur;Arequipa;Externo;24;40.0;No;1;1.0
TCK-02496;2025-02-26;2025-02-27;Web;Baja;ERP;Problema de permisos;Resuelto;Aplicaciones;Patricia León;Servicios Lima;Trujillo;Externo;48;32.0;Sí;1;4.0
TCK-02497;2025-12-18;2025-12-18;Correo;Crítica;ERP;Problema de permisos;Resuelto;Soporte ERP;Fernando Díaz;Servicios Lima;Trujillo;Externo;4;9.0;No;0;2.0
TCK-02498;2025-02-21;2025-02-22;Web;Baja;Hardware;Falla de impresora;Cerrado;Seguridad;Ricardo Flores;Grupo Pacífico;Lima;Interno;48;41.0;Sí;1;4.0
TCK-02499;2025-04-12;;Correo;Alta;Hardware;Equipo lento;Abierto;Infraestructura;Jorge Salazar;Grupo Pacífico;Cusco;Interno;8;;No aplica;263;
TCK-02500;2025-07-19;2025-07-19;Correo;Crítica;CRM;Problema de sincronización;Resuelto;Aplicaciones;Diego Vargas;Distribuidora Horizonte;Lima;Interno;4;7.0;No;0;3.0
